INFO 2026-02-07 09:33:36,279 autoreload Watching for file changes with StatReloader
INFO 2026-02-07 09:34:48,189 autoreload Watching for file changes with StatReloader
INFO 2026-02-07 09:38:09,160 autoreload /home/roger/Project/YouthProgramImpactVirsualizer/apps/config/urls.py changed, reloading.
INFO 2026-02-07 09:38:09,650 autoreload Watching for file changes with StatReloader
INFO 2026-02-07 09:56:27,512 autoreload Watching for file changes with StatReloader
INFO 2026-02-07 10:27:10,204 autoreload Watching for file changes with StatReloader
INFO 2026-02-07 11:13:10,441 autoreload /home/roger/Project/YouthProgramImpactVirsualizer/apps/config/urls.py changed, reloading.
INFO 2026-02-07 11:13:10,735 autoreload Watching for file changes with StatReloader
INFO 2026-02-07 16:56:39,953 log "OPTIONS /api/v1/users/users/ HTTP/1.1" 200 0
INFO 2026-02-07 16:56:39,953 log "OPTIONS /api/v1/users/users/ HTTP/1.1" 200 0
INFO 2026-02-07 16:56:59,338 log "OPTIONS /api/v1/users/users/ HTTP/1.1" 200 0
INFO 2026-02-07 16:56:59,338 log "OPTIONS /api/v1/users/users/ HTTP/1.1" 200 0
INFO 2026-02-07 17:12:10,645 log "OPTIONS /api/v1/users/users/ HTTP/1.1" 200 0
INFO 2026-02-07 17:12:10,647 log "OPTIONS /api/v1/users/users/ HTTP/1.1" 200 0
INFO 2026-02-07 18:41:45,492 log "OPTIONS /api/v1/users/users/ HTTP/1.1" 200 0
INFO 2026-02-07 18:41:45,495 log "OPTIONS /api/v1/users/users/ HTTP/1.1" 200 0
INFO 2026-02-07 18:43:48,316 log "OPTIONS /api/v1/users/users/ HTTP/1.1" 200 0
INFO 2026-02-07 18:43:48,316 log "OPTIONS /api/v1/users/users/ HTTP/1.1" 200 0
INFO 2026-02-07 18:44:53,851 log "OPTIONS /api/v1/users/users/ HTTP/1.1" 200 0
INFO 2026-02-07 18:44:53,851 log "OPTIONS /api/v1/users/users/ HTTP/1.1" 200 0
INFO 2026-02-07 18:45:04,437 log "OPTIONS /api/v1/users/users/ HTTP/1.1" 200 0
INFO 2026-02-07 18:45:04,437 log "OPTIONS /api/v1/users/users/ HTTP/1.1" 200 0
INFO 2026-02-07 18:45:15,064 log "OPTIONS /api/v1/users/users/ HTTP/1.1" 200 0
INFO 2026-02-07 18:45:15,064 log "OPTIONS /api/v1/users/users/ HTTP/1.1" 200 0
INFO 2026-02-07 19:07:03,111 log "OPTIONS /api/v1/users/users/ HTTP/1.1" 200 0
INFO 2026-02-07 19:07:03,111 log "OPTIONS /api/v1/users/users/ HTTP/1.1" 200 0
INFO 2026-02-07 19:46:24,252 log "OPTIONS /api/v1/users/auth/logout/ HTTP/1.1" 200 0
INFO 2026-02-07 19:46:34,656 log "OPTIONS /api/v1/users/auth/login/ HTTP/1.1" 200 0
INFO 2026-02-07 19:47:33,264 autoreload Watching for file changes with StatReloader
INFO 2026-02-07 19:47:45,523 log "OPTIONS /api/v1/users/auth/login/ HTTP/1.1" 200 0
INFO 2026-02-07 19:50:32,494 autoreload /home/roger/Project/YouthProgramImpactVirsualizer/apps/config/settings.py changed, reloading.
INFO 2026-02-07 19:50:32,829 autoreload Watching for file changes with StatReloader
INFO 2026-02-07 19:50:35,128 autoreload /home/roger/Project/YouthProgramImpactVirsualizer/apps/config/settings.py changed, reloading.
INFO 2026-02-07 19:50:35,463 autoreload Watching for file changes with StatReloader
INFO 2026-02-07 19:50:41,786 autoreload /home/roger/Project/YouthProgramImpactVirsualizer/apps/config/settings.py changed, reloading.
INFO 2026-02-07 19:50:42,076 autoreload Watching for file changes with StatReloader
INFO 2026-02-07 19:50:45,385 autoreload /home/roger/Project/YouthProgramImpactVirsualizer/apps/config/settings.py changed, reloading.
INFO 2026-02-07 19:50:45,696 autoreload Watching for file changes with StatReloader
INFO 2026-02-07 19:50:48,767 log "OPTIONS /api/v1/users/auth/login/ HTTP/1.1" 200 0
WARNING 2026-02-07 19:50:48,792 log Not Found: /api/v1/users/auth/login/
WARNING 2026-02-07 19:50:48,793 log "POST /api/v1/users/auth/login/ HTTP/1.1" 404 80215
WARNING 2026-02-08 01:18:23,592 log Not Found: /api/v1/users/auth/login/
WARNING 2026-02-08 01:18:23,593 log "POST /api/v1/users/auth/login/ HTTP/1.1" 404 80215
INFO 2026-02-08 01:20:18,607 autoreload /home/roger/Project/YouthProgramImpactVirsualizer/apps/config/urls.py changed, reloading.
INFO 2026-02-08 01:20:19,165 autoreload Watching for file changes with StatReloader
INFO 2026-02-08 01:21:24,367 autoreload /home/roger/Project/YouthProgramImpactVirsualizer/apps/users/urls.py changed, reloading.
INFO 2026-02-08 01:21:24,905 autoreload Watching for file changes with StatReloader
INFO 2026-02-08 01:21:33,254 log "POST /api/v1/users/auth/login/ HTTP/1.1" 200 816
INFO 2026-02-08 01:21:44,580 log "OPTIONS /api/v1/users/auth/logout/ HTTP/1.1" 200 0
INFO 2026-02-08 01:21:44,597 log "POST /api/v1/users/auth/logout/ HTTP/1.1" 200 37
INFO 2026-02-08 01:21:57,333 log "POST /api/v1/users/auth/login/ HTTP/1.1" 200 816
INFO 2026-02-08 01:22:02,008 log "POST /api/v1/users/auth/logout/ HTTP/1.1" 200 37
INFO 2026-02-08 01:33:51,050 autoreload /home/roger/Project/YouthProgramImpactVirsualizer/apps/users/permissions.py changed, reloading.
INFO 2026-02-08 01:33:51,563 autoreload Watching for file changes with StatReloader
INFO 2026-02-08 01:34:04,073 autoreload /home/roger/Project/YouthProgramImpactVirsualizer/apps/users/views.py changed, reloading.
INFO 2026-02-08 01:34:04,546 autoreload Watching for file changes with StatReloader
INFO 2026-02-08 01:35:38,391 autoreload /home/roger/Project/YouthProgramImpactVirsualizer/apps/users/serializers.py changed, reloading.
INFO 2026-02-08 01:35:38,969 autoreload Watching for file changes with StatReloader
INFO 2026-02-08 01:35:51,266 autoreload /home/roger/Project/YouthProgramImpactVirsualizer/apps/users/views.py changed, reloading.
INFO 2026-02-08 01:35:51,759 autoreload Watching for file changes with StatReloader
INFO 2026-02-08 01:37:21,394 autoreload /home/roger/Project/YouthProgramImpactVirsualizer/apps/users/views.py changed, reloading.
INFO 2026-02-08 01:37:21,893 autoreload Watching for file changes with StatReloader
INFO 2026-02-08 01:39:34,121 autoreload /home/roger/Project/YouthProgramImpactVirsualizer/apps/users/urls.py changed, reloading.
INFO 2026-02-08 01:39:34,570 autoreload Watching for file changes with StatReloader
INFO 2026-02-08 01:40:32,625 autoreload Watching for file changes with StatReloader
INFO 2026-02-08 01:45:15,320 autoreload /home/roger/Project/YouthProgramImpactVirsualizer/apps/users/permissions.py changed, reloading.
INFO 2026-02-08 01:45:15,771 autoreload Watching for file changes with StatReloader
INFO 2026-02-08 01:45:39,237 autoreload /home/roger/Project/YouthProgramImpactVirsualizer/apps/users/views.py changed, reloading.
INFO 2026-02-08 01:45:39,761 autoreload Watching for file changes with StatReloader
INFO 2026-02-08 01:46:09,343 autoreload Watching for file changes with StatReloader
INFO 2026-02-08 01:46:49,169 autoreload /home/roger/Project/YouthProgramImpactVirsualizer/apps/users/urls.py changed, reloading.
INFO 2026-02-08 01:46:49,650 autoreload Watching for file changes with StatReloader
INFO 2026-02-08 01:47:16,761 autoreload /home/roger/Project/YouthProgramImpactVirsualizer/apps/users/urls.py changed, reloading.
INFO 2026-02-08 01:47:17,375 autoreload Watching for file changes with StatReloader
INFO 2026-02-08 01:47:24,690 autoreload /home/roger/Project/YouthProgramImpactVirsualizer/apps/users/urls.py changed, reloading.
INFO 2026-02-08 01:47:25,182 autoreload Watching for file changes with StatReloader
INFO 2026-02-08 01:58:14,715 autoreload Watching for file changes with StatReloader
INFO 2026-02-08 01:58:17,306 log "OPTIONS /api/v1/auth/login/ HTTP/1.1" 200 0
ERROR 2026-02-08 01:58:17,827 log Internal Server Error: /api/v1/auth/login/
Traceback (most recent call last):
  File "/home/roger/Project/YouthProgramImpactVirsualizer/apps/venv/lib/python3.12/site-packages/django/core/handlers/exception.py", line 55, in inner
    response = get_response(request)
               ^^^^^^^^^^^^^^^^^^^^^
  File "/home/roger/Project/YouthProgramImpactVirsualizer/apps/venv/lib/python3.12/site-packages/django/core/handlers/base.py", line 198, in _get_response
    response = wrapped_callback(request, *callback_args, **callback_kwargs)
               ^^^^^^^^^^^^^^^^^^^^^^^^^^^^^^^^^^^^^^^^^^^^^^^^^^^^^^^^^^^^
  File "/home/roger/Project/YouthProgramImpactVirsualizer/apps/venv/lib/python3.12/site-packages/django/views/decorators/csrf.py", line 65, in _view_wrapper
    return view_func(request, *args, **kwargs)
           ^^^^^^^^^^^^^^^^^^^^^^^^^^^^^^^^^^^
  File "/home/roger/Project/YouthProgramImpactVirsualizer/apps/venv/lib/python3.12/site-packages/django/views/generic/base.py", line 106, in view
    return self.dispatch(request, *args, **kwargs)
           ^^^^^^^^^^^^^^^^^^^^^^^^^^^^^^^^^^^^^^^
  File "/home/roger/Project/YouthProgramImpactVirsualizer/apps/venv/lib/python3.12/site-packages/rest_framework/views.py", line 515, in dispatch
    response = self.handle_exception(exc)
               ^^^^^^^^^^^^^^^^^^^^^^^^^^
  File "/home/roger/Project/YouthProgramImpactVirsualizer/apps/venv/lib/python3.12/site-packages/rest_framework/views.py", line 475, in handle_exception
    self.raise_uncaught_exception(exc)
  File "/home/roger/Project/YouthProgramImpactVirsualizer/apps/venv/lib/python3.12/site-packages/rest_framework/views.py", line 486, in raise_uncaught_exception
    raise exc
  File "/home/roger/Project/YouthProgramImpactVirsualizer/apps/venv/lib/python3.12/site-packages/rest_framework/views.py", line 512, in dispatch
    response = handler(request, *args, **kwargs)
               ^^^^^^^^^^^^^^^^^^^^^^^^^^^^^^^^^
  File "/home/roger/Project/YouthProgramImpactVirsualizer/apps/venv/lib/python3.12/site-packages/rest_framework/decorators.py", line 50, in handler
    return func(*args, **kwargs)
           ^^^^^^^^^^^^^^^^^^^^^
  File "/home/roger/Project/YouthProgramImpactVirsualizer/apps/users/views.py", line 79, in login_view
    'user': user_serializer.data
            ^^^^^^^^^^^^^^^^^^^^
  File "/home/roger/Project/YouthProgramImpactVirsualizer/apps/venv/lib/python3.12/site-packages/rest_framework/serializers.py", line 573, in data
    ret = super().data
          ^^^^^^^^^^^^
  File "/home/roger/Project/YouthProgramImpactVirsualizer/apps/venv/lib/python3.12/site-packages/rest_framework/serializers.py", line 251, in data
    self._data = self.to_representation(self.instance)
                 ^^^^^^^^^^^^^^^^^^^^^^^^^^^^^^^^^^^^^
  File "/home/roger/Project/YouthProgramImpactVirsualizer/apps/users/serializers.py", line 45, in to_representation
    if request.user.role != 'admin' and request.user.id != instance.id:
       ^^^^^^^^^^^^^^^^^
AttributeError: 'AnonymousUser' object has no attribute 'role'
ERROR 2026-02-08 01:58:17,829 log "POST /api/v1/auth/login/ HTTP/1.1" 500 25213
ERROR 2026-02-08 02:01:52,739 log Internal Server Error: /api/v1/auth/login/
Traceback (most recent call last):
  File "/home/roger/Project/YouthProgramImpactVirsualizer/apps/venv/lib/python3.12/site-packages/django/core/handlers/exception.py", line 55, in inner
    response = get_response(request)
               ^^^^^^^^^^^^^^^^^^^^^
  File "/home/roger/Project/YouthProgramImpactVirsualizer/apps/venv/lib/python3.12/site-packages/django/core/handlers/base.py", line 198, in _get_response
    response = wrapped_callback(request, *callback_args, **callback_kwargs)
               ^^^^^^^^^^^^^^^^^^^^^^^^^^^^^^^^^^^^^^^^^^^^^^^^^^^^^^^^^^^^
  File "/home/roger/Project/YouthProgramImpactVirsualizer/apps/venv/lib/python3.12/site-packages/django/views/decorators/csrf.py", line 65, in _view_wrapper
    return view_func(request, *args, **kwargs)
           ^^^^^^^^^^^^^^^^^^^^^^^^^^^^^^^^^^^
  File "/home/roger/Project/YouthProgramImpactVirsualizer/apps/venv/lib/python3.12/site-packages/django/views/generic/base.py", line 106, in view
    return self.dispatch(request, *args, **kwargs)
           ^^^^^^^^^^^^^^^^^^^^^^^^^^^^^^^^^^^^^^^
  File "/home/roger/Project/YouthProgramImpactVirsualizer/apps/venv/lib/python3.12/site-packages/rest_framework/views.py", line 515, in dispatch
    response = self.handle_exception(exc)
               ^^^^^^^^^^^^^^^^^^^^^^^^^^
  File "/home/roger/Project/YouthProgramImpactVirsualizer/apps/venv/lib/python3.12/site-packages/rest_framework/views.py", line 475, in handle_exception
    self.raise_uncaught_exception(exc)
  File "/home/roger/Project/YouthProgramImpactVirsualizer/apps/venv/lib/python3.12/site-packages/rest_framework/views.py", line 486, in raise_uncaught_exception
    raise exc
  File "/home/roger/Project/YouthProgramImpactVirsualizer/apps/venv/lib/python3.12/site-packages/rest_framework/views.py", line 512, in dispatch
    response = handler(request, *args, **kwargs)
               ^^^^^^^^^^^^^^^^^^^^^^^^^^^^^^^^^
  File "/home/roger/Project/YouthProgramImpactVirsualizer/apps/venv/lib/python3.12/site-packages/rest_framework/decorators.py", line 50, in handler
    return func(*args, **kwargs)
           ^^^^^^^^^^^^^^^^^^^^^
  File "/home/roger/Project/YouthProgramImpactVirsualizer/apps/users/views.py", line 79, in login_view
    'user': user_serializer.data
            ^^^^^^^^^^^^^^^^^^^^
  File "/home/roger/Project/YouthProgramImpactVirsualizer/apps/venv/lib/python3.12/site-packages/rest_framework/serializers.py", line 573, in data
    ret = super().data
          ^^^^^^^^^^^^
  File "/home/roger/Project/YouthProgramImpactVirsualizer/apps/venv/lib/python3.12/site-packages/rest_framework/serializers.py", line 251, in data
    self._data = self.to_representation(self.instance)
                 ^^^^^^^^^^^^^^^^^^^^^^^^^^^^^^^^^^^^^
  File "/home/roger/Project/YouthProgramImpactVirsualizer/apps/users/serializers.py", line 45, in to_representation
    if request.user.role != 'admin' and request.user.id != instance.id:
       ^^^^^^^^^^^^^^^^^
AttributeError: 'AnonymousUser' object has no attribute 'role'
ERROR 2026-02-08 02:01:52,742 log "POST /api/v1/auth/login/ HTTP/1.1" 500 25213
INFO 2026-02-08 02:02:05,587 autoreload Watching for file changes with StatReloader
ERROR 2026-02-08 02:02:13,369 log Internal Server Error: /api/v1/auth/login/
Traceback (most recent call last):
  File "/home/roger/Project/YouthProgramImpactVirsualizer/apps/venv/lib/python3.12/site-packages/django/core/handlers/exception.py", line 55, in inner
    response = get_response(request)
               ^^^^^^^^^^^^^^^^^^^^^
  File "/home/roger/Project/YouthProgramImpactVirsualizer/apps/venv/lib/python3.12/site-packages/django/core/handlers/base.py", line 198, in _get_response
    response = wrapped_callback(request, *callback_args, **callback_kwargs)
               ^^^^^^^^^^^^^^^^^^^^^^^^^^^^^^^^^^^^^^^^^^^^^^^^^^^^^^^^^^^^
  File "/home/roger/Project/YouthProgramImpactVirsualizer/apps/venv/lib/python3.12/site-packages/django/views/decorators/csrf.py", line 65, in _view_wrapper
    return view_func(request, *args, **kwargs)
           ^^^^^^^^^^^^^^^^^^^^^^^^^^^^^^^^^^^
  File "/home/roger/Project/YouthProgramImpactVirsualizer/apps/venv/lib/python3.12/site-packages/django/views/generic/base.py", line 106, in view
    return self.dispatch(request, *args, **kwargs)
           ^^^^^^^^^^^^^^^^^^^^^^^^^^^^^^^^^^^^^^^
  File "/home/roger/Project/YouthProgramImpactVirsualizer/apps/venv/lib/python3.12/site-packages/rest_framework/views.py", line 515, in dispatch
    response = self.handle_exception(exc)
               ^^^^^^^^^^^^^^^^^^^^^^^^^^
  File "/home/roger/Project/YouthProgramImpactVirsualizer/apps/venv/lib/python3.12/site-packages/rest_framework/views.py", line 475, in handle_exception
    self.raise_uncaught_exception(exc)
  File "/home/roger/Project/YouthProgramImpactVirsualizer/apps/venv/lib/python3.12/site-packages/rest_framework/views.py", line 486, in raise_uncaught_exception
    raise exc
  File "/home/roger/Project/YouthProgramImpactVirsualizer/apps/venv/lib/python3.12/site-packages/rest_framework/views.py", line 512, in dispatch
    response = handler(request, *args, **kwargs)
               ^^^^^^^^^^^^^^^^^^^^^^^^^^^^^^^^^
  File "/home/roger/Project/YouthProgramImpactVirsualizer/apps/venv/lib/python3.12/site-packages/rest_framework/decorators.py", line 50, in handler
    return func(*args, **kwargs)
           ^^^^^^^^^^^^^^^^^^^^^
  File "/home/roger/Project/YouthProgramImpactVirsualizer/apps/users/views.py", line 79, in login_view
    'user': user_serializer.data
            ^^^^^^^^^^^^^^^^^^^^
  File "/home/roger/Project/YouthProgramImpactVirsualizer/apps/venv/lib/python3.12/site-packages/rest_framework/serializers.py", line 573, in data
    ret = super().data
          ^^^^^^^^^^^^
  File "/home/roger/Project/YouthProgramImpactVirsualizer/apps/venv/lib/python3.12/site-packages/rest_framework/serializers.py", line 251, in data
    self._data = self.to_representation(self.instance)
                 ^^^^^^^^^^^^^^^^^^^^^^^^^^^^^^^^^^^^^
  File "/home/roger/Project/YouthProgramImpactVirsualizer/apps/users/serializers.py", line 45, in to_representation
    if request.user.role != 'admin' and request.user.id != instance.id:
       ^^^^^^^^^^^^^^^^^
AttributeError: 'AnonymousUser' object has no attribute 'role'
ERROR 2026-02-08 02:02:13,373 log "POST /api/v1/auth/login/ HTTP/1.1" 500 25213
INFO 2026-02-08 02:07:02,417 autoreload /home/roger/Project/YouthProgramImpactVirsualizer/apps/users/serializers.py changed, reloading.
INFO 2026-02-08 02:07:02,927 autoreload Watching for file changes with StatReloader
INFO 2026-02-08 02:08:01,282 log "POST /api/v1/auth/login/ HTTP/1.1" 200 867
INFO 2026-02-08 02:53:39,976 log "OPTIONS /api/v1/auth/logout/ HTTP/1.1" 200 0
WARNING 2026-02-08 02:53:39,988 log Bad Request: /api/v1/auth/logout/
WARNING 2026-02-08 02:53:39,989 log "POST /api/v1/auth/logout/ HTTP/1.1" 400 42
INFO 2026-02-08 02:54:03,091 log "POST /api/v1/auth/login/ HTTP/1.1" 200 867
INFO 2026-02-08 03:00:08,710 log "OPTIONS /api/v1/auth/change_password/ HTTP/1.1" 200 0
WARNING 2026-02-08 03:00:09,587 log Bad Request: /api/v1/auth/change_password/
WARNING 2026-02-08 03:00:09,587 log "POST /api/v1/auth/change_password/ HTTP/1.1" 400 52
WARNING 2026-02-08 03:02:09,513 log Bad Request: /api/v1/auth/logout/
WARNING 2026-02-08 03:02:09,514 log "POST /api/v1/auth/logout/ HTTP/1.1" 400 42
INFO 2026-02-08 03:02:17,336 log "POST /api/v1/auth/login/ HTTP/1.1" 200 875
WARNING 2026-02-08 03:02:27,696 log Bad Request: /api/v1/auth/logout/
WARNING 2026-02-08 03:02:27,697 log "POST /api/v1/auth/logout/ HTTP/1.1" 400 42
INFO 2026-02-08 03:02:39,483 log "POST /api/v1/auth/login/ HTTP/1.1" 200 875
INFO 2026-02-08 03:02:41,979 log "OPTIONS /api/v1/auth/ HTTP/1.1" 200 0
INFO 2026-02-08 03:02:41,979 log "OPTIONS /api/v1/auth/ HTTP/1.1" 200 0
INFO 2026-02-08 03:02:42,001 log "GET /api/v1/auth/ HTTP/1.1" 200 242
INFO 2026-02-08 03:02:42,053 log "GET /api/v1/auth/ HTTP/1.1" 200 242
INFO 2026-02-08 03:03:03,638 log "GET /api/v1/auth/ HTTP/1.1" 200 242
INFO 2026-02-08 03:03:03,648 log "GET /api/v1/auth/ HTTP/1.1" 200 242
INFO 2026-02-08 03:03:49,501 log "OPTIONS /api/v1/auth/1/ HTTP/1.1" 200 0
INFO 2026-02-08 03:03:49,501 log "OPTIONS /api/v1/auth/1/ HTTP/1.1" 200 0
INFO 2026-02-08 03:03:49,517 log "GET /api/v1/auth/1/ HTTP/1.1" 200 378
INFO 2026-02-08 03:03:49,575 log "GET /api/v1/auth/1/ HTTP/1.1" 200 378
INFO 2026-02-08 03:03:59,725 log "GET /api/v1/auth/ HTTP/1.1" 200 242
INFO 2026-02-08 03:03:59,741 log "GET /api/v1/auth/ HTTP/1.1" 200 242
WARNING 2026-02-08 03:05:06,940 log Bad Request: /api/v1/auth/
WARNING 2026-02-08 03:05:06,941 log "POST /api/v1/auth/ HTTP/1.1" 400 48
WARNING 2026-02-08 03:05:33,899 log Bad Request: /api/v1/auth/
WARNING 2026-02-08 03:05:33,900 log "POST /api/v1/auth/ HTTP/1.1" 400 48
INFO 2026-02-08 03:16:38,567 log "POST /api/v1/auth/login/ HTTP/1.1" 200 875
INFO 2026-02-08 03:16:40,796 log "GET /api/v1/auth/ HTTP/1.1" 200 242
INFO 2026-02-08 03:16:40,809 log "GET /api/v1/auth/ HTTP/1.1" 200 242
WARNING 2026-02-08 03:17:24,466 log Bad Request: /api/v1/auth/
WARNING 2026-02-08 03:17:24,466 log "POST /api/v1/auth/ HTTP/1.1" 400 48
WARNING 2026-02-08 03:18:57,880 log Bad Request: /api/v1/auth/
WARNING 2026-02-08 03:18:57,881 log "POST /api/v1/auth/ HTTP/1.1" 400 48
INFO 2026-02-08 03:19:03,005 log "GET /api/v1/auth/ HTTP/1.1" 200 242
INFO 2026-02-08 03:19:03,013 log "GET /api/v1/auth/ HTTP/1.1" 200 242
INFO 2026-02-08 03:19:14,951 log "GET /api/v1/auth/ HTTP/1.1" 200 242
INFO 2026-02-08 03:19:14,965 log "GET /api/v1/auth/ HTTP/1.1" 200 242
INFO 2026-02-08 03:19:18,453 log "GET /api/v1/auth/ HTTP/1.1" 200 242
INFO 2026-02-08 03:19:18,461 log "GET /api/v1/auth/ HTTP/1.1" 200 242
INFO 2026-02-08 03:19:35,511 log "GET /api/v1/auth/ HTTP/1.1" 200 242
INFO 2026-02-08 03:19:35,523 log "GET /api/v1/auth/ HTTP/1.1" 200 242
INFO 2026-02-08 03:21:51,083 log "GET /api/v1/auth/ HTTP/1.1" 200 242
INFO 2026-02-08 03:21:51,089 log "GET /api/v1/auth/ HTTP/1.1" 200 242
INFO 2026-02-08 03:21:52,020 log "GET /api/v1/auth/ HTTP/1.1" 200 242
INFO 2026-02-08 03:22:03,533 log "GET /api/v1/auth/ HTTP/1.1" 200 242
INFO 2026-02-08 03:22:03,539 log "GET /api/v1/auth/ HTTP/1.1" 200 242
INFO 2026-02-08 03:22:03,834 log "GET /api/v1/auth/ HTTP/1.1" 200 242
WARNING 2026-02-08 03:22:57,371 log Bad Request: /api/v1/auth/
WARNING 2026-02-08 03:22:57,372 log "POST /api/v1/auth/ HTTP/1.1" 400 48
INFO 2026-02-08 03:23:50,618 log "GET /api/v1/auth/ HTTP/1.1" 200 242
INFO 2026-02-08 03:23:50,624 log "GET /api/v1/auth/ HTTP/1.1" 200 242
INFO 2026-02-08 03:23:50,923 log "GET /api/v1/auth/ HTTP/1.1" 200 242
INFO 2026-02-08 03:24:08,631 log "GET /api/v1/auth/1/ HTTP/1.1" 200 378
INFO 2026-02-08 03:24:08,640 log "GET /api/v1/auth/1/ HTTP/1.1" 200 378
INFO 2026-02-08 03:24:28,347 log "PUT /api/v1/auth/1/ HTTP/1.1" 200 249
INFO 2026-02-08 03:24:28,430 log "GET /api/v1/auth/1/ HTTP/1.1" 200 418
INFO 2026-02-08 03:24:28,438 log "GET /api/v1/auth/1/ HTTP/1.1" 200 418
INFO 2026-02-08 03:24:34,806 log "GET /api/v1/auth/ HTTP/1.1" 200 252
INFO 2026-02-08 03:24:34,814 log "GET /api/v1/auth/ HTTP/1.1" 200 252
INFO 2026-02-08 03:24:35,112 log "GET /api/v1/auth/ HTTP/1.1" 200 252
INFO 2026-02-08 03:27:21,974 log "GET /api/v1/auth/ HTTP/1.1" 200 252
INFO 2026-02-08 03:27:21,991 log "GET /api/v1/auth/ HTTP/1.1" 200 252
INFO 2026-02-08 03:27:22,279 log "GET /api/v1/auth/ HTTP/1.1" 200 252
INFO 2026-02-08 03:27:26,433 log "GET /api/v1/auth/1/ HTTP/1.1" 200 418
INFO 2026-02-08 03:27:26,443 log "GET /api/v1/auth/1/ HTTP/1.1" 200 418
INFO 2026-02-08 03:27:29,785 log "GET /api/v1/auth/ HTTP/1.1" 200 252
INFO 2026-02-08 03:27:29,792 log "GET /api/v1/auth/ HTTP/1.1" 200 252
INFO 2026-02-08 03:27:30,089 log "GET /api/v1/auth/ HTTP/1.1" 200 252
INFO 2026-02-08 03:28:59,233 log "POST /api/v1/auth/ HTTP/1.1" 201 188
INFO 2026-02-08 03:28:59,296 log "OPTIONS /api/v1/auth/undefined/ HTTP/1.1" 200 0
INFO 2026-02-08 03:28:59,296 log "OPTIONS /api/v1/auth/undefined/ HTTP/1.1" 200 0
WARNING 2026-02-08 03:28:59,304 log Not Found: /api/v1/auth/undefined/
WARNING 2026-02-08 03:28:59,304 log "GET /api/v1/auth/undefined/ HTTP/1.1" 404 23
WARNING 2026-02-08 03:28:59,353 log Not Found: /api/v1/auth/undefined/
WARNING 2026-02-08 03:28:59,353 log "GET /api/v1/auth/undefined/ HTTP/1.1" 404 23
INFO 2026-02-08 03:35:35,073 log "GET /api/v1/auth/ HTTP/1.1" 200 447
INFO 2026-02-08 03:35:35,080 log "GET /api/v1/auth/ HTTP/1.1" 200 447
INFO 2026-02-08 03:35:35,380 log "GET /api/v1/auth/ HTTP/1.1" 200 447
INFO 2026-02-08 03:37:00,799 log "POST /api/v1/auth/ HTTP/1.1" 201 200
INFO 2026-02-08 03:37:02,340 log "GET /api/v1/auth/ HTTP/1.1" 200 662
INFO 2026-02-08 03:37:02,354 log "GET /api/v1/auth/ HTTP/1.1" 200 662
INFO 2026-02-08 03:37:02,642 log "GET /api/v1/auth/ HTTP/1.1" 200 662
INFO 2026-02-08 03:52:16,164 log "GET /api/v1/auth/ HTTP/1.1" 200 662
INFO 2026-02-08 03:52:16,171 log "GET /api/v1/auth/ HTTP/1.1" 200 662
INFO 2026-02-08 03:52:16,467 log "GET /api/v1/auth/ HTTP/1.1" 200 662
INFO 2026-02-08 03:53:30,704 log "OPTIONS /api/v1/auth/3/ HTTP/1.1" 200 0
INFO 2026-02-08 03:53:30,705 log "OPTIONS /api/v1/auth/3/ HTTP/1.1" 200 0
INFO 2026-02-08 03:53:30,719 log "GET /api/v1/auth/3/ HTTP/1.1" 200 425
INFO 2026-02-08 03:53:30,774 log "GET /api/v1/auth/3/ HTTP/1.1" 200 425
INFO 2026-02-08 03:53:36,819 log "GET /api/v1/auth/ HTTP/1.1" 200 662
INFO 2026-02-08 03:53:36,830 log "GET /api/v1/auth/ HTTP/1.1" 200 662
INFO 2026-02-08 03:53:37,119 log "GET /api/v1/auth/ HTTP/1.1" 200 662
INFO 2026-02-08 03:53:40,289 log "OPTIONS /api/v1/auth/2/ HTTP/1.1" 200 0
INFO 2026-02-08 03:53:40,289 log "OPTIONS /api/v1/auth/2/ HTTP/1.1" 200 0
INFO 2026-02-08 03:53:40,303 log "GET /api/v1/auth/2/ HTTP/1.1" 200 405
INFO 2026-02-08 03:53:40,358 log "GET /api/v1/auth/2/ HTTP/1.1" 200 405
INFO 2026-02-08 03:53:45,506 log "GET /api/v1/auth/2/ HTTP/1.1" 200 405
INFO 2026-02-08 03:53:45,519 log "GET /api/v1/auth/2/ HTTP/1.1" 200 405
INFO 2026-02-08 03:54:41,622 log "GET /api/v1/auth/ HTTP/1.1" 200 662
INFO 2026-02-08 03:54:41,635 log "GET /api/v1/auth/ HTTP/1.1" 200 662
INFO 2026-02-08 03:54:41,923 log "GET /api/v1/auth/ HTTP/1.1" 200 662
INFO 2026-02-08 03:55:14,724 log "GET /api/v1/auth/ HTTP/1.1" 200 662
INFO 2026-02-08 03:55:14,732 log "GET /api/v1/auth/ HTTP/1.1" 200 662
INFO 2026-02-08 03:55:15,024 log "GET /api/v1/auth/ HTTP/1.1" 200 662
INFO 2026-02-08 03:55:25,609 log "GET /api/v1/auth/3/ HTTP/1.1" 200 425
INFO 2026-02-08 03:55:25,618 log "GET /api/v1/auth/3/ HTTP/1.1" 200 425
INFO 2026-02-08 03:55:37,195 log "PUT /api/v1/auth/3/ HTTP/1.1" 200 192
INFO 2026-02-08 03:55:38,238 log "GET /api/v1/auth/3/ HTTP/1.1" 200 421
INFO 2026-02-08 03:55:38,253 log "GET /api/v1/auth/3/ HTTP/1.1" 200 421
INFO 2026-02-08 03:55:43,067 log "GET /api/v1/auth/ HTTP/1.1" 200 660
INFO 2026-02-08 03:55:43,080 log "GET /api/v1/auth/ HTTP/1.1" 200 660
INFO 2026-02-08 03:55:43,367 log "GET /api/v1/auth/ HTTP/1.1" 200 660
WARNING 2026-02-08 03:57:58,195 log Bad Request: /api/v1/auth/logout/
WARNING 2026-02-08 03:57:58,196 log "POST /api/v1/auth/logout/ HTTP/1.1" 400 42
INFO 2026-02-08 03:58:08,530 log "POST /api/v1/auth/login/ HTTP/1.1" 200 909
WARNING 2026-02-08 04:00:48,346 log Bad Request: /api/v1/auth/logout/
WARNING 2026-02-08 04:00:48,346 log "POST /api/v1/auth/logout/ HTTP/1.1" 400 42
INFO 2026-02-08 04:08:32,526 log "OPTIONS /api/v1/auth/login/ HTTP/1.1" 200 0
WARNING 2026-02-08 04:08:32,530 log Unauthorized: /api/v1/auth/login/
WARNING 2026-02-08 04:08:32,530 log "POST /api/v1/auth/login/ HTTP/1.1" 401 172
INFO 2026-02-08 04:08:32,575 log "OPTIONS /api/v1/auth/refresh/ HTTP/1.1" 200 0
INFO 2026-02-08 04:08:32,627 log "POST /api/v1/auth/refresh/ HTTP/1.1" 200 489
INFO 2026-02-08 04:08:32,982 log "POST /api/v1/auth/login/ HTTP/1.1" 200 915
INFO 2026-02-08 04:08:38,017 log "OPTIONS /api/v1/auth/stats/ HTTP/1.1" 200 0
INFO 2026-02-08 04:08:38,018 log "OPTIONS /api/v1/auth/stats/ HTTP/1.1" 200 0
INFO 2026-02-08 04:08:38,022 log "GET /api/v1/auth/ HTTP/1.1" 200 660
INFO 2026-02-08 04:08:38,026 log "GET /api/v1/auth/stats/ HTTP/1.1" 200 158
INFO 2026-02-08 04:08:38,028 log "GET /api/v1/auth/ HTTP/1.1" 200 660
INFO 2026-02-08 04:08:38,076 log "GET /api/v1/auth/stats/ HTTP/1.1" 200 158
INFO 2026-02-08 04:08:38,332 log "GET /api/v1/auth/ HTTP/1.1" 200 660
INFO 2026-02-08 04:10:13,433 log "GET /api/v1/auth/stats/ HTTP/1.1" 200 158
INFO 2026-02-08 04:10:13,435 log "GET /api/v1/auth/ HTTP/1.1" 200 660
INFO 2026-02-08 04:10:13,440 log "GET /api/v1/auth/stats/ HTTP/1.1" 200 158
INFO 2026-02-08 04:10:13,442 log "GET /api/v1/auth/ HTTP/1.1" 200 660
INFO 2026-02-08 04:10:13,734 log "GET /api/v1/auth/ HTTP/1.1" 200 660
INFO 2026-02-08 04:13:37,670 log "GET /api/v1/auth/stats/ HTTP/1.1" 200 158
INFO 2026-02-08 04:13:37,670 log "GET /api/v1/auth/ HTTP/1.1" 200 660
INFO 2026-02-08 04:13:37,677 log "GET /api/v1/auth/ HTTP/1.1" 200 660
INFO 2026-02-08 04:13:37,678 log "GET /api/v1/auth/stats/ HTTP/1.1" 200 158
INFO 2026-02-08 04:13:37,973 log "GET /api/v1/auth/ HTTP/1.1" 200 660
INFO 2026-02-08 04:13:54,798 log "GET /api/v1/auth/3/ HTTP/1.1" 200 421
INFO 2026-02-08 04:13:54,803 log "GET /api/v1/auth/3/ HTTP/1.1" 200 421
INFO 2026-02-08 04:13:59,840 log "GET /api/v1/auth/ HTTP/1.1" 200 660
INFO 2026-02-08 04:13:59,840 log "GET /api/v1/auth/stats/ HTTP/1.1" 200 158
INFO 2026-02-08 04:13:59,849 log "GET /api/v1/auth/ HTTP/1.1" 200 660
INFO 2026-02-08 04:13:59,849 log "GET /api/v1/auth/stats/ HTTP/1.1" 200 158
INFO 2026-02-08 04:14:00,145 log "GET /api/v1/auth/ HTTP/1.1" 200 660
WARNING 2026-02-08 04:14:34,634 log Bad Request: /api/v1/auth/
WARNING 2026-02-08 04:14:34,634 log "POST /api/v1/auth/ HTTP/1.1" 400 58
INFO 2026-02-08 04:14:45,313 log "POST /api/v1/auth/ HTTP/1.1" 201 186
INFO 2026-02-08 04:14:46,347 log "GET /api/v1/auth/stats/ HTTP/1.1" 200 158
INFO 2026-02-08 04:14:46,347 log "GET /api/v1/auth/ HTTP/1.1" 200 862
INFO 2026-02-08 04:14:46,357 log "GET /api/v1/auth/ HTTP/1.1" 200 862
INFO 2026-02-08 04:14:46,358 log "GET /api/v1/auth/stats/ HTTP/1.1" 200 158
INFO 2026-02-08 04:14:46,650 log "GET /api/v1/auth/ HTTP/1.1" 200 862
INFO 2026-02-08 04:15:26,946 log "GET /api/v1/auth/stats/ HTTP/1.1" 200 158
INFO 2026-02-08 04:15:26,948 log "GET /api/v1/auth/ HTTP/1.1" 200 862
INFO 2026-02-08 04:15:26,956 log "GET /api/v1/auth/ HTTP/1.1" 200 862
INFO 2026-02-08 04:15:26,956 log "GET /api/v1/auth/stats/ HTTP/1.1" 200 158
INFO 2026-02-08 04:15:27,252 log "GET /api/v1/auth/ HTTP/1.1" 200 862
INFO 2026-02-08 04:15:52,404 log "GET /api/v1/auth/stats/ HTTP/1.1" 200 158
INFO 2026-02-08 04:15:52,404 log "GET /api/v1/auth/ HTTP/1.1" 200 862
INFO 2026-02-08 04:15:52,413 log "GET /api/v1/auth/stats/ HTTP/1.1" 200 158
INFO 2026-02-08 04:15:52,413 log "GET /api/v1/auth/ HTTP/1.1" 200 862
INFO 2026-02-08 04:15:52,710 log "GET /api/v1/auth/ HTTP/1.1" 200 862
INFO 2026-02-08 04:16:44,033 log "GET /api/v1/auth/ HTTP/1.1" 200 862
INFO 2026-02-08 04:16:44,035 log "GET /api/v1/auth/stats/ HTTP/1.1" 200 158
INFO 2026-02-08 04:16:45,016 log "GET /api/v1/auth/ HTTP/1.1" 200 862
INFO 2026-02-08 04:17:33,377 log "OPTIONS /api/v1/auth/?search=t HTTP/1.1" 200 0
INFO 2026-02-08 04:17:33,390 log "GET /api/v1/auth/?search=t HTTP/1.1" 200 459
INFO 2026-02-08 04:17:34,100 log "OPTIONS /api/v1/auth/?search=tes HTTP/1.1" 200 0
INFO 2026-02-08 04:17:34,104 log "GET /api/v1/auth/?search=tes HTTP/1.1" 200 459
INFO 2026-02-08 04:17:36,969 log "GET /api/v1/auth/?search=t HTTP/1.1" 200 459
INFO 2026-02-08 04:17:37,412 log "GET /api/v1/auth/ HTTP/1.1" 200 862
INFO 2026-02-08 04:20:59,529 log "GET /api/v1/auth/ HTTP/1.1" 200 862
INFO 2026-02-08 04:20:59,529 log "GET /api/v1/auth/stats/ HTTP/1.1" 200 158
INFO 2026-02-08 04:20:59,536 log "GET /api/v1/auth/stats/ HTTP/1.1" 200 158
INFO 2026-02-08 04:20:59,536 log "GET /api/v1/auth/ HTTP/1.1" 200 862
INFO 2026-02-08 04:20:59,834 log "GET /api/v1/auth/ HTTP/1.1" 200 862
INFO 2026-02-08 04:21:19,035 log "GET /api/v1/auth/stats/ HTTP/1.1" 200 158
INFO 2026-02-08 04:21:19,035 log "GET /api/v1/auth/ HTTP/1.1" 200 862
INFO 2026-02-08 04:21:20,019 log "GET /api/v1/auth/ HTTP/1.1" 200 862
INFO 2026-02-08 04:21:42,065 log "GET /api/v1/auth/stats/ HTTP/1.1" 200 158
INFO 2026-02-08 04:21:42,066 log "GET /api/v1/auth/ HTTP/1.1" 200 862
INFO 2026-02-08 04:21:42,074 log "GET /api/v1/auth/ HTTP/1.1" 200 862
INFO 2026-02-08 04:21:42,074 log "GET /api/v1/auth/stats/ HTTP/1.1" 200 158
INFO 2026-02-08 04:21:42,365 log "GET /api/v1/auth/ HTTP/1.1" 200 862
INFO 2026-02-08 04:21:46,044 log "GET /api/v1/auth/stats/ HTTP/1.1" 200 158
INFO 2026-02-08 04:21:46,044 log "GET /api/v1/auth/ HTTP/1.1" 200 862
INFO 2026-02-08 04:21:46,053 log "GET /api/v1/auth/ HTTP/1.1" 200 862
INFO 2026-02-08 04:21:46,054 log "GET /api/v1/auth/stats/ HTTP/1.1" 200 158
INFO 2026-02-08 04:21:46,347 log "GET /api/v1/auth/ HTTP/1.1" 200 862
INFO 2026-02-08 04:22:38,601 log "GET /api/v1/auth/ HTTP/1.1" 200 862
INFO 2026-02-08 04:22:38,601 log "GET /api/v1/auth/stats/ HTTP/1.1" 200 158
INFO 2026-02-08 04:22:38,609 log "GET /api/v1/auth/ HTTP/1.1" 200 862
INFO 2026-02-08 04:22:38,610 log "GET /api/v1/auth/stats/ HTTP/1.1" 200 158
INFO 2026-02-08 04:22:38,905 log "GET /api/v1/auth/ HTTP/1.1" 200 862
INFO 2026-02-08 04:25:20,456 log "OPTIONS /api/v1/auth/?role=admin HTTP/1.1" 200 0
INFO 2026-02-08 04:25:20,467 log "GET /api/v1/auth/?role=admin HTTP/1.1" 200 454
INFO 2026-02-08 04:25:25,043 log "OPTIONS /api/v1/auth/?role=teacher HTTP/1.1" 200 0
INFO 2026-02-08 04:25:25,056 log "GET /api/v1/auth/?role=teacher HTTP/1.1" 200 246
INFO 2026-02-08 04:25:27,645 log "OPTIONS /api/v1/auth/?role=teacher&is_active=true HTTP/1.1" 200 0
INFO 2026-02-08 04:25:27,654 log "GET /api/v1/auth/?role=teacher&is_active=true HTTP/1.1" 200 246
INFO 2026-02-08 04:25:32,508 log "GET /api/v1/auth/ HTTP/1.1" 200 862
INFO 2026-02-08 04:29:09,348 autoreload /home/roger/Project/YouthProgramImpactVirsualizer/apps/users/views.py changed, reloading.
INFO 2026-02-08 04:29:09,734 autoreload Watching for file changes with StatReloader
INFO 2026-02-08 04:29:25,107 autoreload /home/roger/Project/YouthProgramImpactVirsualizer/apps/users/views.py changed, reloading.
INFO 2026-02-08 04:29:25,390 autoreload Watching for file changes with StatReloader
INFO 2026-02-08 04:29:32,792 autoreload /home/roger/Project/YouthProgramImpactVirsualizer/apps/users/views.py changed, reloading.
INFO 2026-02-08 04:29:33,094 autoreload Watching for file changes with StatReloader
INFO 2026-02-08 04:29:36,215 autoreload /home/roger/Project/YouthProgramImpactVirsualizer/apps/users/views.py changed, reloading.
INFO 2026-02-08 04:29:36,524 autoreload Watching for file changes with StatReloader
INFO 2026-02-08 04:32:44,506 log "GET /api/v1/auth/stats/ HTTP/1.1" 200 158
INFO 2026-02-08 04:32:44,508 log "GET /api/v1/auth/ HTTP/1.1" 200 862
INFO 2026-02-08 04:32:44,516 log "GET /api/v1/auth/stats/ HTTP/1.1" 200 158
INFO 2026-02-08 04:32:44,516 log "GET /api/v1/auth/ HTTP/1.1" 200 862
INFO 2026-02-08 04:32:44,804 log "GET /api/v1/auth/ HTTP/1.1" 200 862
INFO 2026-02-08 04:33:13,984 log "GET /api/v1/auth/stats/ HTTP/1.1" 200 158
INFO 2026-02-08 04:33:13,984 log "GET /api/v1/auth/ HTTP/1.1" 200 862
INFO 2026-02-08 04:33:13,992 log "GET /api/v1/auth/ HTTP/1.1" 200 862
INFO 2026-02-08 04:33:13,993 log "GET /api/v1/auth/stats/ HTTP/1.1" 200 158
INFO 2026-02-08 04:33:14,293 log "GET /api/v1/auth/ HTTP/1.1" 200 862
INFO 2026-02-08 04:36:25,603 autoreload /home/roger/Project/YouthProgramImpactVirsualizer/apps/users/views.py changed, reloading.
INFO 2026-02-08 04:36:25,912 autoreload Watching for file changes with StatReloader
INFO 2026-02-08 04:38:31,520 autoreload /home/roger/Project/YouthProgramImpactVirsualizer/apps/users/serializers.py changed, reloading.
INFO 2026-02-08 04:38:31,835 autoreload Watching for file changes with StatReloader
INFO 2026-02-08 04:40:18,730 log "GET /api/v1/auth/stats/ HTTP/1.1" 200 158
INFO 2026-02-08 04:40:18,731 log "GET /api/v1/auth/ HTTP/1.1" 200 862
INFO 2026-02-08 04:40:18,738 log "GET /api/v1/auth/ HTTP/1.1" 200 862
INFO 2026-02-08 04:40:18,739 log "GET /api/v1/auth/stats/ HTTP/1.1" 200 158
INFO 2026-02-08 04:40:19,028 log "GET /api/v1/auth/ HTTP/1.1" 200 862
INFO 2026-02-08 04:40:32,968 log "GET /api/v1/auth/stats/ HTTP/1.1" 200 158
INFO 2026-02-08 04:40:32,970 log "GET /api/v1/auth/ HTTP/1.1" 200 862
INFO 2026-02-08 04:40:32,977 log "GET /api/v1/auth/stats/ HTTP/1.1" 200 158
INFO 2026-02-08 04:40:32,980 log "GET /api/v1/auth/ HTTP/1.1" 200 862
INFO 2026-02-08 04:40:33,272 log "GET /api/v1/auth/ HTTP/1.1" 200 862
INFO 2026-02-08 04:42:50,414 log "GET /api/v1/auth/ HTTP/1.1" 200 862
INFO 2026-02-08 04:42:50,416 log "GET /api/v1/auth/stats/ HTTP/1.1" 200 158
INFO 2026-02-08 04:42:50,421 log "GET /api/v1/auth/ HTTP/1.1" 200 862
INFO 2026-02-08 04:42:50,423 log "GET /api/v1/auth/stats/ HTTP/1.1" 200 158
INFO 2026-02-08 04:42:50,718 log "GET /api/v1/auth/ HTTP/1.1" 200 862
INFO 2026-02-08 04:42:56,616 log "GET /api/v1/auth/ HTTP/1.1" 200 862
INFO 2026-02-08 04:42:56,616 log "GET /api/v1/auth/stats/ HTTP/1.1" 200 158
INFO 2026-02-08 04:42:56,626 log "GET /api/v1/auth/stats/ HTTP/1.1" 200 158
INFO 2026-02-08 04:42:56,626 log "GET /api/v1/auth/ HTTP/1.1" 200 862
INFO 2026-02-08 04:42:56,911 log "GET /api/v1/auth/ HTTP/1.1" 200 862
INFO 2026-02-08 04:46:05,960 log "GET /api/v1/auth/ HTTP/1.1" 200 862
INFO 2026-02-08 04:46:05,961 log "GET /api/v1/auth/stats/ HTTP/1.1" 200 158
INFO 2026-02-08 04:46:05,969 log "GET /api/v1/auth/ HTTP/1.1" 200 862
INFO 2026-02-08 04:46:05,971 log "GET /api/v1/auth/stats/ HTTP/1.1" 200 158
INFO 2026-02-08 04:46:06,265 log "GET /api/v1/auth/ HTTP/1.1" 200 862
INFO 2026-02-08 04:46:52,506 log "GET /api/v1/auth/ HTTP/1.1" 200 862
INFO 2026-02-08 04:46:52,506 log "GET /api/v1/auth/stats/ HTTP/1.1" 200 158
INFO 2026-02-08 04:46:52,517 log "GET /api/v1/auth/ HTTP/1.1" 200 862
INFO 2026-02-08 04:46:52,518 log "GET /api/v1/auth/stats/ HTTP/1.1" 200 158
INFO 2026-02-08 04:46:52,801 log "GET /api/v1/auth/ HTTP/1.1" 200 862
INFO 2026-02-08 04:46:59,476 log "GET /api/v1/auth/3/ HTTP/1.1" 200 421
INFO 2026-02-08 04:46:59,483 log "GET /api/v1/auth/3/ HTTP/1.1" 200 421
INFO 2026-02-08 04:47:03,100 log "GET /api/v1/auth/ HTTP/1.1" 200 862
INFO 2026-02-08 04:47:03,101 log "GET /api/v1/auth/stats/ HTTP/1.1" 200 158
INFO 2026-02-08 04:47:03,108 log "GET /api/v1/auth/ HTTP/1.1" 200 862
INFO 2026-02-08 04:47:03,108 log "GET /api/v1/auth/stats/ HTTP/1.1" 200 158
INFO 2026-02-08 04:47:03,409 log "GET /api/v1/auth/ HTTP/1.1" 200 862
INFO 2026-02-08 04:47:56,042 log "OPTIONS /api/v1/auth/4/ HTTP/1.1" 200 0
INFO 2026-02-08 04:47:56,042 log "OPTIONS /api/v1/auth/4/ HTTP/1.1" 200 0
INFO 2026-02-08 04:47:56,048 log "GET /api/v1/auth/4/ HTTP/1.1" 200 409
INFO 2026-02-08 04:47:56,096 log "GET /api/v1/auth/4/ HTTP/1.1" 200 409
INFO 2026-02-08 04:48:03,576 log "GET /api/v1/auth/ HTTP/1.1" 200 862
INFO 2026-02-08 04:48:03,579 log "GET /api/v1/auth/stats/ HTTP/1.1" 200 158
INFO 2026-02-08 04:48:03,584 log "GET /api/v1/auth/ HTTP/1.1" 200 862
INFO 2026-02-08 04:48:03,586 log "GET /api/v1/auth/stats/ HTTP/1.1" 200 158
INFO 2026-02-08 04:48:03,883 log "GET /api/v1/auth/ HTTP/1.1" 200 862
INFO 2026-02-08 04:49:11,375 log "GET /api/v1/auth/stats/ HTTP/1.1" 200 158
INFO 2026-02-08 04:49:11,379 log "GET /api/v1/auth/ HTTP/1.1" 200 862
INFO 2026-02-08 04:49:11,382 log "GET /api/v1/auth/stats/ HTTP/1.1" 200 158
INFO 2026-02-08 04:49:11,386 log "GET /api/v1/auth/ HTTP/1.1" 200 862
INFO 2026-02-08 04:49:11,677 log "GET /api/v1/auth/ HTTP/1.1" 200 862
INFO 2026-02-08 08:12:37,684 autoreload /usr/lib/python3.12/email/errors.py changed, reloading.
INFO 2026-02-08 08:12:38,164 autoreload Watching for file changes with StatReloader
WARNING 2026-02-08 08:15:07,606 log Unauthorized: /api/v1/auth/stats/
WARNING 2026-02-08 08:15:07,606 log Unauthorized: /api/v1/auth/
WARNING 2026-02-08 08:15:07,607 log "GET /api/v1/auth/stats/ HTTP/1.1" 401 172
WARNING 2026-02-08 08:15:07,607 log "GET /api/v1/auth/ HTTP/1.1" 401 172
WARNING 2026-02-08 08:15:07,610 log Unauthorized: /api/v1/auth/stats/
WARNING 2026-02-08 08:15:07,611 log Unauthorized: /api/v1/auth/
WARNING 2026-02-08 08:15:07,612 log "GET /api/v1/auth/stats/ HTTP/1.1" 401 172
WARNING 2026-02-08 08:15:07,612 log "GET /api/v1/auth/ HTTP/1.1" 401 172
INFO 2026-02-08 08:15:07,645 log "POST /api/v1/auth/refresh/ HTTP/1.1" 200 489
INFO 2026-02-08 08:15:07,646 log "POST /api/v1/auth/refresh/ HTTP/1.1" 200 489
INFO 2026-02-08 08:15:07,647 log "POST /api/v1/auth/refresh/ HTTP/1.1" 200 489
INFO 2026-02-08 08:15:07,664 log "GET /api/v1/auth/ HTTP/1.1" 200 862
INFO 2026-02-08 08:15:07,671 log "POST /api/v1/auth/refresh/ HTTP/1.1" 200 489
INFO 2026-02-08 08:15:07,695 log "GET /api/v1/auth/stats/ HTTP/1.1" 200 158
INFO 2026-02-08 08:15:07,712 log "GET /api/v1/auth/ HTTP/1.1" 200 862
INFO 2026-02-08 08:15:07,772 log "GET /api/v1/auth/stats/ HTTP/1.1" 200 158
INFO 2026-02-08 08:15:07,908 log "GET /api/v1/auth/ HTTP/1.1" 200 862
INFO 2026-02-08 08:15:17,849 log "GET /api/v1/auth/ HTTP/1.1" 200 862
INFO 2026-02-08 08:15:17,850 log "GET /api/v1/auth/stats/ HTTP/1.1" 200 158
INFO 2026-02-08 08:15:17,858 log "GET /api/v1/auth/stats/ HTTP/1.1" 200 158
INFO 2026-02-08 08:15:17,858 log "GET /api/v1/auth/ HTTP/1.1" 200 862
INFO 2026-02-08 08:15:18,154 log "GET /api/v1/auth/ HTTP/1.1" 200 862
INFO 2026-02-08 08:17:29,839 log "GET /api/v1/auth/ HTTP/1.1" 200 862
INFO 2026-02-08 08:17:29,842 log "GET /api/v1/auth/stats/ HTTP/1.1" 200 158
INFO 2026-02-08 08:17:29,846 log "GET /api/v1/auth/ HTTP/1.1" 200 862
INFO 2026-02-08 08:17:29,849 log "GET /api/v1/auth/stats/ HTTP/1.1" 200 158
INFO 2026-02-08 08:17:30,150 log "GET /api/v1/auth/ HTTP/1.1" 200 862
INFO 2026-02-08 08:23:04,580 log "GET /api/v1/auth/4/ HTTP/1.1" 200 409
INFO 2026-02-08 08:23:04,584 log "GET /api/v1/auth/4/ HTTP/1.1" 200 409
INFO 2026-02-08 08:23:07,334 log "GET /api/v1/auth/4/ HTTP/1.1" 200 409
INFO 2026-02-08 08:23:07,339 log "GET /api/v1/auth/4/ HTTP/1.1" 200 409
INFO 2026-02-08 08:23:20,844 log "DELETE /api/v1/auth/4/ HTTP/1.1" 204 0
INFO 2026-02-08 08:23:20,926 log "GET /api/v1/auth/stats/ HTTP/1.1" 200 158
INFO 2026-02-08 08:23:20,926 log "GET /api/v1/auth/ HTTP/1.1" 200 863
INFO 2026-02-08 08:23:20,935 log "GET /api/v1/auth/ HTTP/1.1" 200 863
INFO 2026-02-08 08:23:20,935 log "GET /api/v1/auth/stats/ HTTP/1.1" 200 158
INFO 2026-02-08 08:23:21,232 log "GET /api/v1/auth/ HTTP/1.1" 200 863
INFO 2026-02-08 08:23:36,661 log "GET /api/v1/auth/4/ HTTP/1.1" 200 410
INFO 2026-02-08 08:23:36,666 log "GET /api/v1/auth/4/ HTTP/1.1" 200 410
INFO 2026-02-08 08:23:55,086 log "DELETE /api/v1/auth/4/ HTTP/1.1" 204 0
INFO 2026-02-08 08:23:55,161 log "GET /api/v1/auth/ HTTP/1.1" 200 863
INFO 2026-02-08 08:23:55,163 log "GET /api/v1/auth/stats/ HTTP/1.1" 200 158
INFO 2026-02-08 08:23:55,168 log "GET /api/v1/auth/ HTTP/1.1" 200 863
INFO 2026-02-08 08:23:55,170 log "GET /api/v1/auth/stats/ HTTP/1.1" 200 158
INFO 2026-02-08 08:23:55,467 log "GET /api/v1/auth/ HTTP/1.1" 200 863
INFO 2026-02-08 08:28:12,007 log "GET /api/v1/auth/4/ HTTP/1.1" 200 410
INFO 2026-02-08 08:28:12,012 log "GET /api/v1/auth/4/ HTTP/1.1" 200 410
INFO 2026-02-08 08:28:24,095 log "OPTIONS /api/v1/auth/ HTTP/1.1" 200 0
INFO 2026-02-08 08:28:24,097 log "OPTIONS /api/v1/auth/ HTTP/1.1" 200 0
INFO 2026-02-08 08:28:24,100 log "GET /api/v1/auth/stats/ HTTP/1.1" 200 158
INFO 2026-02-08 08:28:24,103 log "GET /api/v1/auth/ HTTP/1.1" 200 863
INFO 2026-02-08 08:28:24,108 log "GET /api/v1/auth/stats/ HTTP/1.1" 200 158
INFO 2026-02-08 08:28:24,150 log "GET /api/v1/auth/ HTTP/1.1" 200 863
INFO 2026-02-08 08:28:24,404 log "GET /api/v1/auth/ HTTP/1.1" 200 863
INFO 2026-02-08 08:28:29,370 log "GET /api/v1/auth/4/ HTTP/1.1" 200 410
INFO 2026-02-08 08:28:29,374 log "GET /api/v1/auth/4/ HTTP/1.1" 200 410
INFO 2026-02-08 08:28:34,708 log "GET /api/v1/auth/4/ HTTP/1.1" 200 410
INFO 2026-02-08 08:28:34,713 log "GET /api/v1/auth/4/ HTTP/1.1" 200 410
INFO 2026-02-08 08:29:19,869 autoreload Watching for file changes with StatReloader
INFO 2026-02-08 08:30:03,108 log "GET /api/v1/auth/4/ HTTP/1.1" 200 410
INFO 2026-02-08 08:30:03,113 log "GET /api/v1/auth/4/ HTTP/1.1" 200 410
INFO 2026-02-08 08:30:20,264 log "GET /api/v1/auth/stats/ HTTP/1.1" 200 158
INFO 2026-02-08 08:30:20,267 log "GET /api/v1/auth/ HTTP/1.1" 200 863
INFO 2026-02-08 08:30:20,272 log "GET /api/v1/auth/stats/ HTTP/1.1" 200 158
INFO 2026-02-08 08:30:20,274 log "GET /api/v1/auth/ HTTP/1.1" 200 863
INFO 2026-02-08 08:30:20,552 log "GET /api/v1/auth/ HTTP/1.1" 200 863
INFO 2026-02-08 08:30:33,861 log "GET /api/v1/auth/stats/ HTTP/1.1" 200 158
INFO 2026-02-08 08:30:33,861 log "GET /api/v1/auth/ HTTP/1.1" 200 863
INFO 2026-02-08 08:30:33,869 log "GET /api/v1/auth/stats/ HTTP/1.1" 200 158
INFO 2026-02-08 08:30:33,870 log "GET /api/v1/auth/ HTTP/1.1" 200 863
INFO 2026-02-08 08:30:34,167 log "GET /api/v1/auth/ HTTP/1.1" 200 863
INFO 2026-02-08 08:30:42,253 log "GET /api/v1/auth/4/ HTTP/1.1" 200 410
INFO 2026-02-08 08:30:42,258 log "GET /api/v1/auth/4/ HTTP/1.1" 200 410
INFO 2026-02-08 08:30:45,159 log "GET /api/v1/auth/ HTTP/1.1" 200 863
INFO 2026-02-08 08:30:45,159 log "GET /api/v1/auth/stats/ HTTP/1.1" 200 158
INFO 2026-02-08 08:30:45,167 log "GET /api/v1/auth/ HTTP/1.1" 200 863
INFO 2026-02-08 08:30:45,168 log "GET /api/v1/auth/stats/ HTTP/1.1" 200 158
INFO 2026-02-08 08:30:45,465 log "GET /api/v1/auth/ HTTP/1.1" 200 863
INFO 2026-02-08 08:30:53,774 log "GET /api/v1/auth/3/ HTTP/1.1" 200 421
INFO 2026-02-08 08:30:53,779 log "GET /api/v1/auth/3/ HTTP/1.1" 200 421
INFO 2026-02-08 08:31:09,429 log "GET /api/v1/auth/3/ HTTP/1.1" 200 421
INFO 2026-02-08 08:31:09,434 log "GET /api/v1/auth/3/ HTTP/1.1" 200 421
INFO 2026-02-08 08:31:16,026 log "GET /api/v1/auth/ HTTP/1.1" 200 863
INFO 2026-02-08 08:31:16,027 log "GET /api/v1/auth/stats/ HTTP/1.1" 200 158
INFO 2026-02-08 08:31:16,033 log "GET /api/v1/auth/stats/ HTTP/1.1" 200 158
INFO 2026-02-08 08:31:16,035 log "GET /api/v1/auth/ HTTP/1.1" 200 863
INFO 2026-02-08 08:31:16,333 log "GET /api/v1/auth/ HTTP/1.1" 200 863
INFO 2026-02-08 08:35:01,848 autoreload /home/roger/Project/YouthProgramImpactVirsualizer/apps/users/serializers.py changed, reloading.
INFO 2026-02-08 08:35:02,154 autoreload Watching for file changes with StatReloader
INFO 2026-02-08 08:35:06,514 autoreload /home/roger/Project/YouthProgramImpactVirsualizer/apps/users/serializers.py changed, reloading.
INFO 2026-02-08 08:35:06,821 autoreload Watching for file changes with StatReloader
INFO 2026-02-08 08:37:00,211 autoreload /home/roger/Project/YouthProgramImpactVirsualizer/apps/users/views.py changed, reloading.
INFO 2026-02-08 08:37:00,510 autoreload Watching for file changes with StatReloader
INFO 2026-02-08 08:37:04,830 autoreload /home/roger/Project/YouthProgramImpactVirsualizer/apps/users/views.py changed, reloading.
INFO 2026-02-08 08:37:05,124 autoreload Watching for file changes with StatReloader
INFO 2026-02-08 08:37:10,459 autoreload /home/roger/Project/YouthProgramImpactVirsualizer/apps/users/views.py changed, reloading.
INFO 2026-02-08 08:37:10,781 autoreload Watching for file changes with StatReloader
INFO 2026-02-08 08:37:26,164 autoreload /home/roger/Project/YouthProgramImpactVirsualizer/apps/users/views.py changed, reloading.
INFO 2026-02-08 08:37:26,444 autoreload Watching for file changes with StatReloader
INFO 2026-02-08 08:37:28,549 autoreload /home/roger/Project/YouthProgramImpactVirsualizer/apps/users/views.py changed, reloading.
INFO 2026-02-08 08:37:28,940 autoreload Watching for file changes with StatReloader
INFO 2026-02-08 08:37:30,070 autoreload /home/roger/Project/YouthProgramImpactVirsualizer/apps/users/views.py changed, reloading.
INFO 2026-02-08 08:37:30,453 autoreload Watching for file changes with StatReloader
INFO 2026-02-08 08:37:35,856 autoreload /home/roger/Project/YouthProgramImpactVirsualizer/apps/users/views.py changed, reloading.
INFO 2026-02-08 08:37:36,167 autoreload Watching for file changes with StatReloader
INFO 2026-02-08 08:37:45,439 autoreload /home/roger/Project/YouthProgramImpactVirsualizer/apps/users/views.py changed, reloading.
INFO 2026-02-08 08:37:45,717 autoreload Watching for file changes with StatReloader
INFO 2026-02-08 08:50:20,456 log "GET /api/v1/auth/ HTTP/1.1" 200 863
INFO 2026-02-08 08:50:20,456 log "GET /api/v1/auth/stats/ HTTP/1.1" 200 158
INFO 2026-02-08 08:50:21,424 log "GET /api/v1/auth/ HTTP/1.1" 200 863
INFO 2026-02-08 08:50:41,387 log "GET /api/v1/auth/stats/ HTTP/1.1" 200 158
INFO 2026-02-08 08:50:41,391 log "GET /api/v1/auth/ HTTP/1.1" 200 863
INFO 2026-02-08 08:50:41,395 log "GET /api/v1/auth/stats/ HTTP/1.1" 200 158
INFO 2026-02-08 08:50:41,398 log "GET /api/v1/auth/ HTTP/1.1" 200 863
INFO 2026-02-08 08:50:41,694 log "GET /api/v1/auth/ HTTP/1.1" 200 863
INFO 2026-02-08 08:52:10,482 log "GET /api/v1/auth/stats/ HTTP/1.1" 200 158
INFO 2026-02-08 08:52:10,493 log "GET /api/v1/auth/stats/ HTTP/1.1" 200 158
INFO 2026-02-08 08:52:10,494 log "GET /api/v1/auth/ HTTP/1.1" 200 863
INFO 2026-02-08 08:52:10,547 log "GET /api/v1/auth/ HTTP/1.1" 200 863
INFO 2026-02-08 08:52:10,789 log "GET /api/v1/auth/ HTTP/1.1" 200 863
INFO 2026-02-08 08:52:12,174 log "GET /api/v1/auth/4/ HTTP/1.1" 200 410
INFO 2026-02-08 08:52:12,179 log "GET /api/v1/auth/4/ HTTP/1.1" 200 410
INFO 2026-02-08 08:52:18,251 log "GET /api/v1/auth/4/ HTTP/1.1" 200 410
INFO 2026-02-08 08:52:18,256 log "GET /api/v1/auth/4/ HTTP/1.1" 200 410
INFO 2026-02-08 08:52:19,714 log "OPTIONS /api/v1/auth/4/ HTTP/1.1" 200 0
INFO 2026-02-08 08:52:50,752 log "OPTIONS /api/v1/auth/4/ HTTP/1.1" 200 0
INFO 2026-02-08 08:53:00,196 log "OPTIONS /api/v1/auth/4/ HTTP/1.1" 200 0
INFO 2026-02-08 08:53:00,196 log "OPTIONS /api/v1/auth/4/ HTTP/1.1" 200 0
INFO 2026-02-08 08:53:00,202 log "GET /api/v1/auth/4/ HTTP/1.1" 200 410
INFO 2026-02-08 08:53:00,248 log "GET /api/v1/auth/4/ HTTP/1.1" 200 410
INFO 2026-02-08 08:53:02,229 log "OPTIONS /api/v1/auth/4/ HTTP/1.1" 200 0
INFO 2026-02-08 08:53:57,807 log "GET /api/v1/auth/ HTTP/1.1" 200 863
INFO 2026-02-08 08:53:57,808 log "GET /api/v1/auth/stats/ HTTP/1.1" 200 158
INFO 2026-02-08 08:53:57,816 log "GET /api/v1/auth/stats/ HTTP/1.1" 200 158
INFO 2026-02-08 08:53:57,818 log "GET /api/v1/auth/ HTTP/1.1" 200 863
INFO 2026-02-08 08:53:58,118 log "GET /api/v1/auth/ HTTP/1.1" 200 863
INFO 2026-02-08 08:55:03,442 log "OPTIONS /api/v1/auth/logout/ HTTP/1.1" 200 0
WARNING 2026-02-08 08:55:03,449 log Bad Request: /api/v1/auth/logout/
WARNING 2026-02-08 08:55:03,449 log "POST /api/v1/auth/logout/ HTTP/1.1" 400 42
INFO 2026-02-08 08:55:17,817 log "POST /api/v1/auth/login/ HTTP/1.1" 200 915
INFO 2026-02-08 08:56:36,767 autoreload /home/roger/Project/YouthProgramImpactVirsualizer/apps/config/settings.py changed, reloading.
INFO 2026-02-08 08:56:37,086 autoreload Watching for file changes with StatReloader
INFO 2026-02-08 09:05:14,347 log "GET /api/v1/auth/stats/ HTTP/1.1" 200 158
INFO 2026-02-08 09:05:14,347 log "GET /api/v1/auth/ HTTP/1.1" 200 863
INFO 2026-02-08 09:05:14,356 log "GET /api/v1/auth/ HTTP/1.1" 200 863
INFO 2026-02-08 09:05:14,357 log "GET /api/v1/auth/stats/ HTTP/1.1" 200 158
INFO 2026-02-08 09:05:14,647 log "GET /api/v1/auth/ HTTP/1.1" 200 863
INFO 2026-02-08 09:05:31,422 log "GET /api/v1/auth/stats/ HTTP/1.1" 200 158
INFO 2026-02-08 09:05:31,422 log "GET /api/v1/auth/ HTTP/1.1" 200 863
INFO 2026-02-08 09:05:31,430 log "GET /api/v1/auth/stats/ HTTP/1.1" 200 158
INFO 2026-02-08 09:05:31,432 log "GET /api/v1/auth/ HTTP/1.1" 200 863
INFO 2026-02-08 09:05:31,730 log "GET /api/v1/auth/ HTTP/1.1" 200 863
INFO 2026-02-08 09:06:47,050 log "GET /api/v1/auth/3/ HTTP/1.1" 200 421
INFO 2026-02-08 09:06:47,056 log "GET /api/v1/auth/3/ HTTP/1.1" 200 421
INFO 2026-02-08 09:07:12,735 log "GET /api/v1/auth/3/ HTTP/1.1" 200 421
INFO 2026-02-08 09:12:08,246 log "GET /api/v1/auth/ HTTP/1.1" 200 863
INFO 2026-02-08 09:12:08,246 log "GET /api/v1/auth/stats/ HTTP/1.1" 200 158
INFO 2026-02-08 09:12:08,255 log "GET /api/v1/auth/ HTTP/1.1" 200 863
INFO 2026-02-08 09:12:08,255 log "GET /api/v1/auth/stats/ HTTP/1.1" 200 158
INFO 2026-02-08 09:12:08,531 log "GET /api/v1/auth/ HTTP/1.1" 200 863
INFO 2026-02-08 09:12:11,616 log "GET /api/v1/auth/stats/ HTTP/1.1" 200 158
INFO 2026-02-08 09:12:11,616 log "GET /api/v1/auth/ HTTP/1.1" 200 863
INFO 2026-02-08 09:12:11,624 log "GET /api/v1/auth/ HTTP/1.1" 200 863
INFO 2026-02-08 09:12:11,626 log "GET /api/v1/auth/stats/ HTTP/1.1" 200 158
INFO 2026-02-08 09:12:11,920 log "GET /api/v1/auth/ HTTP/1.1" 200 863
INFO 2026-02-08 09:12:36,002 log "GET /api/v1/auth/ HTTP/1.1" 200 863
INFO 2026-02-08 09:12:36,002 log "GET /api/v1/auth/stats/ HTTP/1.1" 200 158
INFO 2026-02-08 09:12:36,012 log "GET /api/v1/auth/ HTTP/1.1" 200 863
INFO 2026-02-08 09:12:36,013 log "GET /api/v1/auth/stats/ HTTP/1.1" 200 158
INFO 2026-02-08 09:12:36,307 log "GET /api/v1/auth/ HTTP/1.1" 200 863
INFO 2026-02-08 09:14:26,624 autoreload /home/roger/Project/YouthProgramImpactVirsualizer/apps/config/settings.py changed, reloading.
INFO 2026-02-08 09:14:26,945 autoreload Watching for file changes with StatReloader
INFO 2026-02-08 09:20:12,468 log "GET /api/v1/auth/ HTTP/1.1" 200 863
INFO 2026-02-08 09:20:12,468 log "GET /api/v1/auth/stats/ HTTP/1.1" 200 158
INFO 2026-02-08 09:20:13,414 log "GET /api/v1/auth/ HTTP/1.1" 200 863
INFO 2026-02-08 09:20:29,086 log "GET /api/v1/auth/ HTTP/1.1" 200 863
INFO 2026-02-08 09:20:29,087 log "GET /api/v1/auth/stats/ HTTP/1.1" 200 158
INFO 2026-02-08 09:20:29,093 log "GET /api/v1/auth/ HTTP/1.1" 200 863
INFO 2026-02-08 09:20:29,095 log "GET /api/v1/auth/stats/ HTTP/1.1" 200 158
INFO 2026-02-08 09:20:29,390 log "GET /api/v1/auth/ HTTP/1.1" 200 863
INFO 2026-02-08 09:21:33,693 log "GET /api/v1/auth/ HTTP/1.1" 200 863
INFO 2026-02-08 09:21:33,694 log "GET /api/v1/auth/stats/ HTTP/1.1" 200 158
INFO 2026-02-08 09:21:33,982 log "GET /api/v1/auth/ HTTP/1.1" 200 863
INFO 2026-02-08 09:21:43,799 log "GET /api/v1/auth/ HTTP/1.1" 200 863
INFO 2026-02-08 09:21:43,802 log "GET /api/v1/auth/stats/ HTTP/1.1" 200 158
INFO 2026-02-08 09:21:43,806 log "GET /api/v1/auth/ HTTP/1.1" 200 863
INFO 2026-02-08 09:21:43,808 log "GET /api/v1/auth/stats/ HTTP/1.1" 200 158
INFO 2026-02-08 09:21:44,102 log "GET /api/v1/auth/ HTTP/1.1" 200 863
INFO 2026-02-08 09:39:51,763 log "OPTIONS /api/v1/auth/stats/ HTTP/1.1" 200 0
INFO 2026-02-08 09:39:51,772 log "OPTIONS /api/v1/auth/stats/ HTTP/1.1" 200 0
INFO 2026-02-08 09:39:51,777 log "GET /api/v1/auth/ HTTP/1.1" 200 863
INFO 2026-02-08 09:39:51,780 log "GET /api/v1/auth/stats/ HTTP/1.1" 200 158
INFO 2026-02-08 09:39:51,791 log "GET /api/v1/auth/ HTTP/1.1" 200 863
INFO 2026-02-08 09:39:51,830 log "GET /api/v1/auth/stats/ HTTP/1.1" 200 158
WARNING 2026-02-08 18:02:10,407 log Unauthorized: /api/v1/auth/
WARNING 2026-02-08 18:02:10,409 log "GET /api/v1/auth/ HTTP/1.1" 401 172
INFO 2026-02-08 18:02:10,496 log "OPTIONS /api/v1/auth/refresh/ HTTP/1.1" 200 0
INFO 2026-02-08 18:02:10,516 log "POST /api/v1/auth/refresh/ HTTP/1.1" 200 489
INFO 2026-02-08 18:02:10,614 log "GET /api/v1/auth/ HTTP/1.1" 200 863
INFO 2026-02-08 18:22:01,920 autoreload Watching for file changes with StatReloader
INFO 2026-02-08 18:24:34,742 log "GET /api/v1/auth/stats/ HTTP/1.1" 200 158
INFO 2026-02-08 18:24:34,742 log "GET /api/v1/auth/ HTTP/1.1" 200 863
INFO 2026-02-08 18:24:34,754 log "GET /api/v1/auth/ HTTP/1.1" 200 863
INFO 2026-02-08 18:24:34,756 log "GET /api/v1/auth/stats/ HTTP/1.1" 200 158
INFO 2026-02-08 18:24:35,027 log "GET /api/v1/auth/ HTTP/1.1" 200 863
INFO 2026-02-08 18:28:03,883 log "GET /api/v1/auth/ HTTP/1.1" 200 863
INFO 2026-02-08 18:28:03,884 log "GET /api/v1/auth/stats/ HTTP/1.1" 200 158
INFO 2026-02-08 18:28:04,857 log "GET /api/v1/auth/ HTTP/1.1" 200 863
INFO 2026-02-08 18:29:17,548 log "GET /api/v1/auth/ HTTP/1.1" 200 863
INFO 2026-02-08 18:29:17,548 log "GET /api/v1/auth/stats/ HTTP/1.1" 200 158
INFO 2026-02-08 18:29:17,562 log "GET /api/v1/auth/ HTTP/1.1" 200 863
INFO 2026-02-08 18:29:17,562 log "GET /api/v1/auth/stats/ HTTP/1.1" 200 158
INFO 2026-02-08 18:29:17,852 log "GET /api/v1/auth/ HTTP/1.1" 200 863
INFO 2026-02-08 18:29:21,609 log "OPTIONS /api/v1/auth/4/ HTTP/1.1" 200 0
INFO 2026-02-08 18:29:21,609 log "OPTIONS /api/v1/auth/4/ HTTP/1.1" 200 0
INFO 2026-02-08 18:29:21,625 log "GET /api/v1/auth/4/ HTTP/1.1" 200 410
INFO 2026-02-08 18:29:21,688 log "GET /api/v1/auth/4/ HTTP/1.1" 200 410
INFO 2026-02-08 18:29:32,150 log "PATCH /api/v1/auth/4/ HTTP/1.1" 200 180
INFO 2026-02-08 18:29:32,201 log "GET /api/v1/auth/4/ HTTP/1.1" 200 409
INFO 2026-02-08 18:30:18,207 log "GET /api/v1/auth/4/ HTTP/1.1" 200 409
INFO 2026-02-08 18:30:18,214 log "GET /api/v1/auth/4/ HTTP/1.1" 200 409
INFO 2026-02-08 18:30:27,656 log "GET /api/v1/auth/stats/ HTTP/1.1" 200 158
INFO 2026-02-08 18:30:27,664 log "GET /api/v1/auth/ HTTP/1.1" 200 862
INFO 2026-02-08 18:30:27,672 log "GET /api/v1/auth/stats/ HTTP/1.1" 200 158
INFO 2026-02-08 18:30:27,675 log "GET /api/v1/auth/ HTTP/1.1" 200 862
INFO 2026-02-08 18:30:27,952 log "GET /api/v1/auth/ HTTP/1.1" 200 862
INFO 2026-02-08 18:30:43,209 log "GET /api/v1/auth/stats/ HTTP/1.1" 200 158
INFO 2026-02-08 18:30:43,209 log "GET /api/v1/auth/ HTTP/1.1" 200 862
INFO 2026-02-08 18:30:43,222 log "GET /api/v1/auth/ HTTP/1.1" 200 862
INFO 2026-02-08 18:30:43,223 log "GET /api/v1/auth/stats/ HTTP/1.1" 200 158
INFO 2026-02-08 18:30:43,517 log "GET /api/v1/auth/ HTTP/1.1" 200 862
INFO 2026-02-08 18:30:55,117 log "GET /api/v1/auth/stats/ HTTP/1.1" 200 158
INFO 2026-02-08 18:30:55,120 log "GET /api/v1/auth/ HTTP/1.1" 200 862
INFO 2026-02-08 18:30:55,129 log "GET /api/v1/auth/stats/ HTTP/1.1" 200 158
INFO 2026-02-08 18:30:55,131 log "GET /api/v1/auth/ HTTP/1.1" 200 862
INFO 2026-02-08 18:30:55,420 log "GET /api/v1/auth/ HTTP/1.1" 200 862
INFO 2026-02-08 18:31:00,517 log "GET /api/v1/auth/4/ HTTP/1.1" 200 409
INFO 2026-02-08 18:31:00,533 log "GET /api/v1/auth/4/ HTTP/1.1" 200 409
INFO 2026-02-08 18:31:08,757 log "GET /api/v1/auth/4/ HTTP/1.1" 200 409
INFO 2026-02-08 18:31:08,763 log "GET /api/v1/auth/4/ HTTP/1.1" 200 409
INFO 2026-02-08 18:31:11,566 log "GET /api/v1/auth/ HTTP/1.1" 200 862
INFO 2026-02-08 18:31:11,572 log "GET /api/v1/auth/stats/ HTTP/1.1" 200 158
INFO 2026-02-08 18:31:11,580 log "GET /api/v1/auth/ HTTP/1.1" 200 862
INFO 2026-02-08 18:31:11,584 log "GET /api/v1/auth/stats/ HTTP/1.1" 200 158
INFO 2026-02-08 18:31:11,861 log "GET /api/v1/auth/ HTTP/1.1" 200 862
INFO 2026-02-08 18:31:19,506 log "GET /api/v1/auth/stats/ HTTP/1.1" 200 158
INFO 2026-02-08 18:31:19,509 log "GET /api/v1/auth/ HTTP/1.1" 200 862
INFO 2026-02-08 18:31:19,519 log "GET /api/v1/auth/ HTTP/1.1" 200 862
INFO 2026-02-08 18:31:19,520 log "GET /api/v1/auth/stats/ HTTP/1.1" 200 158
INFO 2026-02-08 18:31:19,811 log "GET /api/v1/auth/ HTTP/1.1" 200 862
INFO 2026-02-08 18:31:23,149 log "GET /api/v1/auth/4/ HTTP/1.1" 200 409
INFO 2026-02-08 18:31:23,164 log "GET /api/v1/auth/4/ HTTP/1.1" 200 409
INFO 2026-02-08 18:31:26,081 log "PATCH /api/v1/auth/4/ HTTP/1.1" 200 181
INFO 2026-02-08 18:31:26,122 log "GET /api/v1/auth/4/ HTTP/1.1" 200 410
INFO 2026-02-08 18:31:39,689 log "PATCH /api/v1/auth/4/ HTTP/1.1" 200 180
INFO 2026-02-08 18:31:39,729 log "GET /api/v1/auth/4/ HTTP/1.1" 200 409
INFO 2026-02-08 18:31:42,306 log "PATCH /api/v1/auth/4/ HTTP/1.1" 200 181
INFO 2026-02-08 18:31:42,353 log "GET /api/v1/auth/4/ HTTP/1.1" 200 410
INFO 2026-02-08 18:32:08,229 log "GET /api/v1/auth/4/ HTTP/1.1" 200 410
INFO 2026-02-08 18:32:08,237 log "GET /api/v1/auth/4/ HTTP/1.1" 200 410
INFO 2026-02-08 18:32:10,554 log "PATCH /api/v1/auth/4/ HTTP/1.1" 200 180
INFO 2026-02-08 18:32:10,598 log "GET /api/v1/auth/4/ HTTP/1.1" 200 409
INFO 2026-02-08 18:32:12,959 log "PATCH /api/v1/auth/4/ HTTP/1.1" 200 181
INFO 2026-02-08 18:32:13,006 log "GET /api/v1/auth/4/ HTTP/1.1" 200 410
INFO 2026-02-08 18:32:24,175 log "PATCH /api/v1/auth/4/ HTTP/1.1" 200 180
INFO 2026-02-08 18:32:24,233 log "GET /api/v1/auth/4/ HTTP/1.1" 200 409
INFO 2026-02-08 18:43:11,471 log "GET /api/v1/auth/ HTTP/1.1" 200 862
INFO 2026-02-08 18:43:11,472 log "GET /api/v1/auth/stats/ HTTP/1.1" 200 158
INFO 2026-02-08 18:43:11,484 log "GET /api/v1/auth/ HTTP/1.1" 200 862
INFO 2026-02-08 18:43:11,484 log "GET /api/v1/auth/stats/ HTTP/1.1" 200 158
INFO 2026-02-08 18:43:11,769 log "GET /api/v1/auth/ HTTP/1.1" 200 862
INFO 2026-02-08 18:43:17,852 log "GET /api/v1/auth/ HTTP/1.1" 200 862
INFO 2026-02-08 18:43:17,852 log "GET /api/v1/auth/stats/ HTTP/1.1" 200 158
INFO 2026-02-08 18:43:17,864 log "GET /api/v1/auth/ HTTP/1.1" 200 862
INFO 2026-02-08 18:43:17,865 log "GET /api/v1/auth/stats/ HTTP/1.1" 200 158
INFO 2026-02-08 18:43:18,152 log "GET /api/v1/auth/ HTTP/1.1" 200 862
INFO 2026-02-08 18:43:23,159 log "GET /api/v1/auth/stats/ HTTP/1.1" 200 158
INFO 2026-02-08 18:43:23,161 log "GET /api/v1/auth/ HTTP/1.1" 200 862
INFO 2026-02-08 18:43:23,172 log "GET /api/v1/auth/ HTTP/1.1" 200 862
INFO 2026-02-08 18:43:23,175 log "GET /api/v1/auth/stats/ HTTP/1.1" 200 158
INFO 2026-02-08 18:43:23,458 log "GET /api/v1/auth/ HTTP/1.1" 200 862
INFO 2026-02-08 18:43:49,353 log "GET /api/v1/auth/4/ HTTP/1.1" 200 409
INFO 2026-02-08 18:43:49,365 log "GET /api/v1/auth/4/ HTTP/1.1" 200 409
INFO 2026-02-08 18:43:56,086 log "GET /api/v1/auth/4/ HTTP/1.1" 200 409
INFO 2026-02-08 18:43:56,094 log "GET /api/v1/auth/4/ HTTP/1.1" 200 409
INFO 2026-02-08 18:43:57,218 log "PATCH /api/v1/auth/4/ HTTP/1.1" 200 181
INFO 2026-02-08 18:43:57,257 log "GET /api/v1/auth/4/ HTTP/1.1" 200 410
WARNING 2026-02-08 19:02:58,700 log Unauthorized: /api/v1/auth/stats/
INFO 2026-02-08 19:02:58,701 log "OPTIONS /api/v1/auth/ HTTP/1.1" 200 0
INFO 2026-02-08 19:02:58,701 log "OPTIONS /api/v1/auth/ HTTP/1.1" 200 0
WARNING 2026-02-08 19:02:58,702 log "GET /api/v1/auth/stats/ HTTP/1.1" 401 172
WARNING 2026-02-08 19:02:58,706 log Unauthorized: /api/v1/auth/
WARNING 2026-02-08 19:02:58,707 log Unauthorized: /api/v1/auth/stats/
WARNING 2026-02-08 19:02:58,707 log "GET /api/v1/auth/ HTTP/1.1" 401 172
WARNING 2026-02-08 19:02:58,707 log "GET /api/v1/auth/stats/ HTTP/1.1" 401 172
INFO 2026-02-08 19:02:58,724 log "POST /api/v1/auth/refresh/ HTTP/1.1" 200 489
WARNING 2026-02-08 19:02:58,752 log Unauthorized: /api/v1/auth/
WARNING 2026-02-08 19:02:58,755 log "GET /api/v1/auth/ HTTP/1.1" 401 172
INFO 2026-02-08 19:02:58,769 log "POST /api/v1/auth/refresh/ HTTP/1.1" 200 489
INFO 2026-02-08 19:02:58,772 log "POST /api/v1/auth/refresh/ HTTP/1.1" 200 489
INFO 2026-02-08 19:02:58,799 log "GET /api/v1/auth/stats/ HTTP/1.1" 200 158
INFO 2026-02-08 19:02:58,812 log "GET /api/v1/auth/ HTTP/1.1" 200 863
INFO 2026-02-08 19:02:58,814 log "POST /api/v1/auth/refresh/ HTTP/1.1" 200 489
INFO 2026-02-08 19:02:58,850 log "GET /api/v1/auth/stats/ HTTP/1.1" 200 158
INFO 2026-02-08 19:02:58,868 log "GET /api/v1/auth/ HTTP/1.1" 200 863
INFO 2026-02-08 19:02:58,993 log "GET /api/v1/auth/ HTTP/1.1" 200 863
INFO 2026-02-08 19:03:09,788 log "GET /api/v1/auth/ HTTP/1.1" 200 863
INFO 2026-02-08 19:03:09,789 log "GET /api/v1/auth/stats/ HTTP/1.1" 200 158
INFO 2026-02-08 19:03:09,800 log "GET /api/v1/auth/ HTTP/1.1" 200 863
INFO 2026-02-08 19:03:09,802 log "GET /api/v1/auth/stats/ HTTP/1.1" 200 158
INFO 2026-02-08 19:03:10,092 log "GET /api/v1/auth/ HTTP/1.1" 200 863
INFO 2026-02-08 19:03:44,380 log "GET /api/v1/auth/4/ HTTP/1.1" 200 410
INFO 2026-02-08 19:03:44,391 log "GET /api/v1/auth/4/ HTTP/1.1" 200 410
INFO 2026-02-08 19:03:51,885 log "GET /api/v1/auth/4/ HTTP/1.1" 200 410
INFO 2026-02-08 19:03:51,892 log "GET /api/v1/auth/4/ HTTP/1.1" 200 410
INFO 2026-02-08 19:10:42,526 log "GET /api/v1/auth/4/ HTTP/1.1" 200 410
INFO 2026-02-08 19:10:42,541 log "GET /api/v1/auth/4/ HTTP/1.1" 200 410
INFO 2026-02-08 19:11:24,905 log "GET /api/v1/auth/4/ HTTP/1.1" 200 410
INFO 2026-02-08 19:13:48,818 log "GET /api/v1/auth/4/ HTTP/1.1" 200 410
INFO 2026-02-08 19:13:48,825 log "GET /api/v1/auth/4/ HTTP/1.1" 200 410
INFO 2026-02-08 19:13:50,071 log "PATCH /api/v1/auth/4/ HTTP/1.1" 200 180
INFO 2026-02-08 19:13:59,197 log "GET /api/v1/auth/4/ HTTP/1.1" 200 409
INFO 2026-02-08 19:13:59,203 log "GET /api/v1/auth/4/ HTTP/1.1" 200 409
INFO 2026-02-08 19:14:03,176 log "PATCH /api/v1/auth/4/ HTTP/1.1" 200 181
INFO 2026-02-08 19:14:14,467 log "GET /api/v1/auth/4/ HTTP/1.1" 200 410
INFO 2026-02-08 19:14:14,475 log "GET /api/v1/auth/4/ HTTP/1.1" 200 410
INFO 2026-02-08 19:14:17,427 log "PATCH /api/v1/auth/4/ HTTP/1.1" 200 180
INFO 2026-02-08 19:14:41,755 log "GET /api/v1/auth/stats/ HTTP/1.1" 200 158
INFO 2026-02-08 19:14:41,756 log "GET /api/v1/auth/ HTTP/1.1" 200 862
INFO 2026-02-08 19:14:41,767 log "GET /api/v1/auth/stats/ HTTP/1.1" 200 158
INFO 2026-02-08 19:14:41,770 log "GET /api/v1/auth/ HTTP/1.1" 200 862
INFO 2026-02-08 19:14:42,061 log "GET /api/v1/auth/ HTTP/1.1" 200 862
INFO 2026-02-08 19:14:47,149 log "PATCH /api/v1/auth/4/ HTTP/1.1" 200 181
INFO 2026-02-08 19:14:47,466 log "GET /api/v1/auth/ HTTP/1.1" 200 863
INFO 2026-02-08 19:14:53,921 log "GET /api/v1/auth/ HTTP/1.1" 200 863
INFO 2026-02-08 19:14:53,922 log "GET /api/v1/auth/stats/ HTTP/1.1" 200 158
INFO 2026-02-08 19:14:53,934 log "GET /api/v1/auth/ HTTP/1.1" 200 863
INFO 2026-02-08 19:14:53,934 log "GET /api/v1/auth/stats/ HTTP/1.1" 200 158
INFO 2026-02-08 19:14:54,224 log "GET /api/v1/auth/ HTTP/1.1" 200 863
INFO 2026-02-08 19:14:56,943 log "PATCH /api/v1/auth/4/ HTTP/1.1" 200 180
INFO 2026-02-08 19:14:57,262 log "GET /api/v1/auth/ HTTP/1.1" 200 862
INFO 2026-02-08 19:14:59,284 log "GET /api/v1/auth/stats/ HTTP/1.1" 200 158
INFO 2026-02-08 19:14:59,284 log "GET /api/v1/auth/ HTTP/1.1" 200 862
INFO 2026-02-08 19:14:59,293 log "GET /api/v1/auth/stats/ HTTP/1.1" 200 158
INFO 2026-02-08 19:14:59,296 log "GET /api/v1/auth/ HTTP/1.1" 200 862
INFO 2026-02-08 19:14:59,590 log "GET /api/v1/auth/ HTTP/1.1" 200 862
INFO 2026-02-08 19:15:06,261 log "PATCH /api/v1/auth/4/ HTTP/1.1" 200 181
INFO 2026-02-08 19:15:06,578 log "GET /api/v1/auth/ HTTP/1.1" 200 863
INFO 2026-02-08 19:23:14,961 log "GET /api/v1/auth/ HTTP/1.1" 200 863
INFO 2026-02-08 19:23:14,961 log "GET /api/v1/auth/stats/ HTTP/1.1" 200 158
INFO 2026-02-08 19:23:14,975 log "GET /api/v1/auth/ HTTP/1.1" 200 863
INFO 2026-02-08 19:23:14,977 log "GET /api/v1/auth/stats/ HTTP/1.1" 200 158
INFO 2026-02-08 19:23:15,857 log "GET /api/v1/auth/ HTTP/1.1" 200 863
INFO 2026-02-08 19:23:59,801 log "PATCH /api/v1/auth/4/ HTTP/1.1" 200 180
INFO 2026-02-08 19:24:00,320 log "GET /api/v1/auth/ HTTP/1.1" 200 862
INFO 2026-02-08 19:24:06,818 log "PATCH /api/v1/auth/4/ HTTP/1.1" 200 181
INFO 2026-02-08 19:24:07,338 log "GET /api/v1/auth/ HTTP/1.1" 200 863
INFO 2026-02-08 19:24:30,376 log "OPTIONS /api/v1/auth/3/ HTTP/1.1" 200 0
INFO 2026-02-08 19:24:30,402 log "PATCH /api/v1/auth/3/ HTTP/1.1" 200 193
INFO 2026-02-08 19:24:30,964 log "GET /api/v1/auth/ HTTP/1.1" 200 864
INFO 2026-02-08 19:24:31,994 log "PATCH /api/v1/auth/3/ HTTP/1.1" 200 192
INFO 2026-02-08 19:24:32,513 log "GET /api/v1/auth/ HTTP/1.1" 200 863
INFO 2026-02-08 19:24:34,488 log "PATCH /api/v1/auth/4/ HTTP/1.1" 200 180
INFO 2026-02-08 19:24:35,005 log "GET /api/v1/auth/ HTTP/1.1" 200 862
INFO 2026-02-08 19:24:36,590 log "GET /api/v1/auth/4/ HTTP/1.1" 200 409
INFO 2026-02-08 19:24:36,599 log "GET /api/v1/auth/4/ HTTP/1.1" 200 409
INFO 2026-02-08 19:24:57,717 log "PATCH /api/v1/auth/4/ HTTP/1.1" 200 181
INFO 2026-02-08 19:24:58,238 log "GET /api/v1/auth/4/ HTTP/1.1" 200 410
INFO 2026-02-08 19:25:01,315 log "PATCH /api/v1/auth/4/ HTTP/1.1" 200 180
INFO 2026-02-08 19:25:01,833 log "GET /api/v1/auth/4/ HTTP/1.1" 200 409
INFO 2026-02-08 19:25:08,329 log "GET /api/v1/auth/stats/ HTTP/1.1" 200 158
INFO 2026-02-08 19:25:08,332 log "GET /api/v1/auth/ HTTP/1.1" 200 862
INFO 2026-02-08 19:25:08,339 log "GET /api/v1/auth/stats/ HTTP/1.1" 200 158
INFO 2026-02-08 19:25:08,344 log "GET /api/v1/auth/ HTTP/1.1" 200 862
INFO 2026-02-08 19:25:08,627 log "GET /api/v1/auth/ HTTP/1.1" 200 862
INFO 2026-02-08 20:49:52,202 log "OPTIONS /api/v1/auth/update_profile/ HTTP/1.1" 200 0
WARNING 2026-02-08 20:49:52,206 log Unauthorized: /api/v1/auth/update_profile/
WARNING 2026-02-08 20:49:52,206 log "PUT /api/v1/auth/update_profile/ HTTP/1.1" 401 172
INFO 2026-02-08 20:49:52,258 log "OPTIONS /api/v1/auth/refresh/ HTTP/1.1" 200 0
INFO 2026-02-08 20:49:52,305 log "POST /api/v1/auth/refresh/ HTTP/1.1" 200 489
INFO 2026-02-08 20:49:52,406 log "PUT /api/v1/auth/update_profile/ HTTP/1.1" 200 250
INFO 2026-02-08 21:31:03,125 log "PUT /api/v1/auth/update_profile/ HTTP/1.1" 200 249
INFO 2026-02-08 21:31:12,277 log "OPTIONS /api/v1/auth/stats/ HTTP/1.1" 200 0
INFO 2026-02-08 21:31:12,278 log "OPTIONS /api/v1/auth/ HTTP/1.1" 200 0
INFO 2026-02-08 21:31:12,279 log "OPTIONS /api/v1/auth/stats/ HTTP/1.1" 200 0
INFO 2026-02-08 21:31:12,281 log "OPTIONS /api/v1/auth/ HTTP/1.1" 200 0
INFO 2026-02-08 21:31:12,286 log "GET /api/v1/auth/stats/ HTTP/1.1" 200 158
INFO 2026-02-08 21:31:12,286 log "GET /api/v1/auth/ HTTP/1.1" 200 862
INFO 2026-02-08 21:31:12,337 log "GET /api/v1/auth/ HTTP/1.1" 200 862
INFO 2026-02-08 21:31:12,337 log "GET /api/v1/auth/stats/ HTTP/1.1" 200 158
INFO 2026-02-08 21:31:12,586 log "GET /api/v1/auth/ HTTP/1.1" 200 862
INFO 2026-02-08 21:31:50,087 log "OPTIONS /api/v1/auth/change_password/ HTTP/1.1" 200 0
WARNING 2026-02-08 21:31:50,727 log Bad Request: /api/v1/auth/change_password/
WARNING 2026-02-08 21:31:50,728 log "POST /api/v1/auth/change_password/ HTTP/1.1" 400 52
WARNING 2026-02-08 21:38:30,612 log Bad Request: /api/v1/auth/change_password/
WARNING 2026-02-08 21:38:30,613 log "POST /api/v1/auth/change_password/ HTTP/1.1" 400 52
WARNING 2026-02-08 21:38:48,934 log Bad Request: /api/v1/auth/change_password/
WARNING 2026-02-08 21:38:48,934 log "POST /api/v1/auth/change_password/ HTTP/1.1" 400 52
INFO 2026-02-08 21:42:23,023 log "POST /api/v1/auth/change_password/ HTTP/1.1" 200 43
INFO 2026-02-08 21:42:44,531 log "GET /api/v1/auth/stats/ HTTP/1.1" 200 158
INFO 2026-02-08 21:42:44,531 log "GET /api/v1/auth/ HTTP/1.1" 200 862
INFO 2026-02-08 21:42:44,538 log "GET /api/v1/auth/ HTTP/1.1" 200 862
INFO 2026-02-08 21:42:44,540 log "GET /api/v1/auth/stats/ HTTP/1.1" 200 158
INFO 2026-02-08 21:42:44,836 log "GET /api/v1/auth/ HTTP/1.1" 200 862
INFO 2026-02-08 21:42:53,316 log "OPTIONS /api/v1/auth/2/ HTTP/1.1" 200 0
INFO 2026-02-08 21:42:53,356 log "PATCH /api/v1/auth/2/ HTTP/1.1" 200 185
INFO 2026-02-08 21:42:53,914 log "GET /api/v1/auth/ HTTP/1.1" 200 863
INFO 2026-02-08 21:42:55,498 log "PATCH /api/v1/auth/2/ HTTP/1.1" 200 184
INFO 2026-02-08 21:42:56,011 log "GET /api/v1/auth/ HTTP/1.1" 200 862
INFO 2026-02-08 21:43:53,886 log "OPTIONS /api/v1/auth/4/ HTTP/1.1" 200 0
INFO 2026-02-08 21:43:53,898 log "PATCH /api/v1/auth/4/ HTTP/1.1" 200 181
INFO 2026-02-08 21:43:54,455 log "GET /api/v1/auth/ HTTP/1.1" 200 863
INFO 2026-02-08 21:49:29,877 log "GET /api/v1/auth/stats/ HTTP/1.1" 200 158
INFO 2026-02-08 21:49:29,881 log "GET /api/v1/auth/stats/ HTTP/1.1" 200 158
WARNING 2026-02-08 21:53:29,854 log Unauthorized: /api/v1/auth/stats/
WARNING 2026-02-08 21:53:29,854 log "GET /api/v1/auth/stats/ HTTP/1.1" 401 172
WARNING 2026-02-08 21:53:29,856 log Unauthorized: /api/v1/auth/stats/
WARNING 2026-02-08 21:53:29,856 log "GET /api/v1/auth/stats/ HTTP/1.1" 401 172
INFO 2026-02-08 21:53:29,860 log "POST /api/v1/auth/refresh/ HTTP/1.1" 200 489
INFO 2026-02-08 21:53:29,904 log "GET /api/v1/auth/stats/ HTTP/1.1" 200 158
INFO 2026-02-08 21:53:29,904 log "POST /api/v1/auth/refresh/ HTTP/1.1" 200 489
INFO 2026-02-08 21:53:29,959 log "GET /api/v1/auth/stats/ HTTP/1.1" 200 158
INFO 2026-02-08 21:54:21,487 log "GET /api/v1/auth/ HTTP/1.1" 200 863
INFO 2026-02-08 21:54:37,962 log "GET /api/v1/auth/stats/ HTTP/1.1" 200 158
INFO 2026-02-08 21:54:37,967 log "GET /api/v1/auth/stats/ HTTP/1.1" 200 158
INFO 2026-02-08 22:19:07,518 log "GET /api/v1/auth/4/ HTTP/1.1" 200 410
INFO 2026-02-08 22:19:07,522 log "GET /api/v1/auth/4/ HTTP/1.1" 200 410
INFO 2026-02-08 22:21:21,761 log "GET /api/v1/auth/4/ HTTP/1.1" 200 410
INFO 2026-02-08 22:21:21,774 log "GET /api/v1/auth/4/ HTTP/1.1" 200 410
INFO 2026-02-08 22:22:48,093 log "PUT /api/v1/auth/update_profile/ HTTP/1.1" 200 242
INFO 2026-02-08 22:22:57,720 log "PUT /api/v1/auth/update_profile/ HTTP/1.1" 200 246
INFO 2026-02-08 22:23:13,437 log "GET /api/v1/auth/ HTTP/1.1" 200 863
INFO 2026-02-08 22:23:13,438 log "GET /api/v1/auth/stats/ HTTP/1.1" 200 158
INFO 2026-02-08 22:23:13,451 log "GET /api/v1/auth/ HTTP/1.1" 200 863
INFO 2026-02-08 22:23:13,451 log "GET /api/v1/auth/stats/ HTTP/1.1" 200 158
INFO 2026-02-08 22:23:13,738 log "GET /api/v1/auth/ HTTP/1.1" 200 863
INFO 2026-02-08 22:23:29,812 log "OPTIONS /api/v1/auth/?role=admin HTTP/1.1" 200 0
INFO 2026-02-08 22:23:29,826 log "GET /api/v1/auth/?role=admin HTTP/1.1" 200 455
INFO 2026-02-08 22:23:33,264 log "OPTIONS /api/v1/auth/?role=teacher HTTP/1.1" 200 0
INFO 2026-02-08 22:23:33,278 log "GET /api/v1/auth/?role=teacher HTTP/1.1" 200 246
INFO 2026-02-08 22:23:37,981 log "OPTIONS /api/v1/auth/?role=teacher&is_active=true HTTP/1.1" 200 0
INFO 2026-02-08 22:23:38,000 log "GET /api/v1/auth/?role=teacher&is_active=true HTTP/1.1" 200 246
INFO 2026-02-08 22:23:40,695 log "OPTIONS /api/v1/auth/?role=teacher&is_active=false HTTP/1.1" 200 0
INFO 2026-02-08 22:23:40,706 log "GET /api/v1/auth/?role=teacher&is_active=false HTTP/1.1" 200 52
INFO 2026-02-08 22:23:44,888 log "GET /api/v1/auth/?role=teacher HTTP/1.1" 200 246
INFO 2026-02-08 22:23:48,477 log "GET /api/v1/auth/ HTTP/1.1" 200 863
INFO 2026-02-08 22:29:34,309 log "GET /api/v1/auth/ HTTP/1.1" 200 863
INFO 2026-02-08 22:29:34,317 log "GET /api/v1/auth/stats/ HTTP/1.1" 200 158
INFO 2026-02-08 22:29:34,320 log "GET /api/v1/auth/ HTTP/1.1" 200 863
INFO 2026-02-08 22:29:34,326 log "GET /api/v1/auth/stats/ HTTP/1.1" 200 158
INFO 2026-02-08 22:29:34,584 log "GET /api/v1/auth/ HTTP/1.1" 200 863
WARNING 2026-02-08 23:07:12,760 log Unauthorized: /api/v1/auth/stats/
WARNING 2026-02-08 23:07:12,761 log Unauthorized: /api/v1/auth/
WARNING 2026-02-08 23:07:12,762 log "GET /api/v1/auth/stats/ HTTP/1.1" 401 172
WARNING 2026-02-08 23:07:12,762 log "GET /api/v1/auth/ HTTP/1.1" 401 172
WARNING 2026-02-08 23:07:12,767 log Unauthorized: /api/v1/auth/stats/
WARNING 2026-02-08 23:07:12,768 log Unauthorized: /api/v1/auth/
WARNING 2026-02-08 23:07:12,769 log "GET /api/v1/auth/stats/ HTTP/1.1" 401 172
WARNING 2026-02-08 23:07:12,769 log "GET /api/v1/auth/ HTTP/1.1" 401 172
INFO 2026-02-08 23:07:12,778 log "OPTIONS /api/v1/auth/refresh/ HTTP/1.1" 200 0
INFO 2026-02-08 23:07:12,780 log "OPTIONS /api/v1/auth/refresh/ HTTP/1.1" 200 0
INFO 2026-02-08 23:07:12,788 log "OPTIONS /api/v1/auth/refresh/ HTTP/1.1" 200 0
INFO 2026-02-08 23:07:12,794 log "POST /api/v1/auth/refresh/ HTTP/1.1" 200 489
INFO 2026-02-08 23:07:12,817 log "POST /api/v1/auth/refresh/ HTTP/1.1" 200 489
INFO 2026-02-08 23:07:12,836 log "POST /api/v1/auth/refresh/ HTTP/1.1" 200 489
INFO 2026-02-08 23:07:12,838 log "POST /api/v1/auth/refresh/ HTTP/1.1" 200 489
INFO 2026-02-08 23:07:12,854 log "GET /api/v1/auth/ HTTP/1.1" 200 863
INFO 2026-02-08 23:07:12,872 log "GET /api/v1/auth/stats/ HTTP/1.1" 200 158
INFO 2026-02-08 23:07:12,908 log "GET /api/v1/auth/ HTTP/1.1" 200 863
INFO 2026-02-08 23:07:12,929 log "GET /api/v1/auth/stats/ HTTP/1.1" 200 158
INFO 2026-02-08 23:07:13,068 log "GET /api/v1/auth/ HTTP/1.1" 200 863
INFO 2026-02-08 23:07:16,298 log "OPTIONS /api/v1/locations/ HTTP/1.1" 200 0
INFO 2026-02-08 23:07:16,298 log "OPTIONS /api/v1/locations/ HTTP/1.1" 200 0
WARNING 2026-02-08 23:07:16,325 log Not Found: /api/v1/locations/
WARNING 2026-02-08 23:07:16,326 log "GET /api/v1/locations/ HTTP/1.1" 404 4559
WARNING 2026-02-08 23:07:16,378 log Not Found: /api/v1/locations/
WARNING 2026-02-08 23:07:16,383 log "GET /api/v1/locations/ HTTP/1.1" 404 4559
WARNING 2026-02-08 23:07:16,604 log Not Found: /api/v1/locations/
WARNING 2026-02-08 23:07:16,604 log "GET /api/v1/locations/ HTTP/1.1" 404 4559
WARNING 2026-02-08 23:19:30,544 log Not Found: /api/v1/locations/
WARNING 2026-02-08 23:19:30,545 log "POST /api/v1/locations/ HTTP/1.1" 404 4560
WARNING 2026-02-08 23:19:50,592 log Not Found: /api/v1/locations/
WARNING 2026-02-08 23:19:50,592 log "POST /api/v1/locations/ HTTP/1.1" 404 4560
INFO 2026-02-08 23:22:37,843 autoreload /home/roger/Project/YouthProgramImpactVirsualizer/apps/programs/urls.py changed, reloading.
INFO 2026-02-08 23:22:38,529 autoreload Watching for file changes with StatReloader
INFO 2026-02-08 23:22:42,012 autoreload /home/roger/Project/YouthProgramImpactVirsualizer/apps/programs/urls.py changed, reloading.
INFO 2026-02-08 23:22:42,477 autoreload Watching for file changes with StatReloader
INFO 2026-02-08 23:22:44,909 autoreload /home/roger/Project/YouthProgramImpactVirsualizer/apps/programs/urls.py changed, reloading.
INFO 2026-02-08 23:22:45,440 autoreload Watching for file changes with StatReloader
WARNING 2026-02-08 23:22:50,223 log Not Found: /api/v1/locations/
WARNING 2026-02-08 23:22:50,223 log "POST /api/v1/locations/ HTTP/1.1" 404 4560
INFO 2026-02-08 23:24:00,735 autoreload /home/roger/Project/YouthProgramImpactVirsualizer/apps/programs/urls.py changed, reloading.
INFO 2026-02-08 23:24:01,222 autoreload Watching for file changes with StatReloader
INFO 2026-02-08 23:25:52,983 log "OPTIONS /api/v1/programs/locations/ HTTP/1.1" 200 0
INFO 2026-02-08 23:25:53,108 log "POST /api/v1/programs/locations/ HTTP/1.1" 201 382
INFO 2026-02-08 23:25:54,227 log "OPTIONS /api/v1/programs/locations/1/ HTTP/1.1" 200 0
INFO 2026-02-08 23:25:54,227 log "OPTIONS /api/v1/programs/locations/1/programs/ HTTP/1.1" 200 0
INFO 2026-02-08 23:25:54,234 log "OPTIONS /api/v1/programs/locations/1/ HTTP/1.1" 200 0
INFO 2026-02-08 23:25:54,235 log "OPTIONS /api/v1/programs/locations/1/programs/ HTTP/1.1" 200 0
INFO 2026-02-08 23:25:54,246 log "GET /api/v1/programs/locations/1/ HTTP/1.1" 200 382
INFO 2026-02-08 23:25:54,248 log "GET /api/v1/programs/locations/1/programs/ HTTP/1.1" 200 2
INFO 2026-02-08 23:25:54,322 log "GET /api/v1/programs/locations/1/ HTTP/1.1" 200 382
INFO 2026-02-08 23:25:54,322 log "GET /api/v1/programs/locations/1/programs/ HTTP/1.1" 200 2
INFO 2026-02-08 23:26:22,934 log "OPTIONS /api/v1/programs/ HTTP/1.1" 200 0
INFO 2026-02-08 23:26:22,934 log "OPTIONS /api/v1/programs/ HTTP/1.1" 200 0
INFO 2026-02-08 23:26:23,002 log "GET /api/v1/programs/ HTTP/1.1" 200 190
INFO 2026-02-08 23:26:23,058 log "GET /api/v1/programs/ HTTP/1.1" 200 190
INFO 2026-02-08 23:26:27,106 log "GET /api/v1/programs/ HTTP/1.1" 200 190
INFO 2026-02-08 23:26:27,110 log "GET /api/v1/programs/ HTTP/1.1" 200 190
INFO 2026-02-08 23:28:36,893 log "GET /api/v1/programs/ HTTP/1.1" 200 190
INFO 2026-02-08 23:28:36,898 log "GET /api/v1/programs/ HTTP/1.1" 200 190
INFO 2026-02-08 23:28:37,856 log "GET /api/v1/programs/ HTTP/1.1" 200 190
INFO 2026-02-08 23:29:03,773 log "GET /api/v1/programs/locations/ HTTP/1.1" 200 174
INFO 2026-02-08 23:29:03,790 log "GET /api/v1/programs/locations/ HTTP/1.1" 200 174
INFO 2026-02-08 23:29:04,073 log "GET /api/v1/programs/locations/ HTTP/1.1" 200 174
INFO 2026-02-08 23:29:37,118 log "GET /api/v1/programs/locations/1/ HTTP/1.1" 200 382
INFO 2026-02-08 23:29:37,120 log "GET /api/v1/programs/locations/1/programs/ HTTP/1.1" 200 2
INFO 2026-02-08 23:29:37,139 log "GET /api/v1/programs/locations/1/programs/ HTTP/1.1" 200 2
INFO 2026-02-08 23:29:37,152 log "GET /api/v1/programs/locations/1/ HTTP/1.1" 200 382
INFO 2026-02-08 23:29:46,605 log "GET /api/v1/programs/ HTTP/1.1" 200 190
INFO 2026-02-08 23:29:46,615 log "GET /api/v1/programs/ HTTP/1.1" 200 190
INFO 2026-02-08 23:29:46,906 log "GET /api/v1/programs/ HTTP/1.1" 200 190
INFO 2026-02-08 23:33:37,365 log "OPTIONS /api/v1/auth/stats/ HTTP/1.1" 200 0
INFO 2026-02-08 23:33:37,365 log "OPTIONS /api/v1/auth/ HTTP/1.1" 200 0
INFO 2026-02-08 23:33:37,365 log "OPTIONS /api/v1/auth/stats/ HTTP/1.1" 200 0
INFO 2026-02-08 23:33:37,366 log "OPTIONS /api/v1/auth/ HTTP/1.1" 200 0
INFO 2026-02-08 23:33:37,381 log "GET /api/v1/auth/ HTTP/1.1" 200 863
INFO 2026-02-08 23:33:37,385 log "GET /api/v1/auth/stats/ HTTP/1.1" 200 158
INFO 2026-02-08 23:33:37,434 log "GET /api/v1/auth/ HTTP/1.1" 200 863
INFO 2026-02-08 23:33:37,443 log "GET /api/v1/auth/stats/ HTTP/1.1" 200 158
INFO 2026-02-08 23:33:37,668 log "GET /api/v1/auth/ HTTP/1.1" 200 863
INFO 2026-02-08 23:33:45,269 log "GET /api/v1/programs/ HTTP/1.1" 200 190
INFO 2026-02-08 23:33:45,277 log "GET /api/v1/programs/ HTTP/1.1" 200 190
INFO 2026-02-08 23:33:45,566 log "GET /api/v1/programs/ HTTP/1.1" 200 190
INFO 2026-02-08 23:35:18,410 log "GET /api/v1/auth/ HTTP/1.1" 200 863
INFO 2026-02-08 23:35:18,410 log "GET /api/v1/auth/stats/ HTTP/1.1" 200 158
INFO 2026-02-08 23:35:18,422 log "GET /api/v1/auth/ HTTP/1.1" 200 863
INFO 2026-02-08 23:35:18,423 log "GET /api/v1/auth/stats/ HTTP/1.1" 200 158
INFO 2026-02-08 23:35:18,711 log "GET /api/v1/auth/ HTTP/1.1" 200 863
INFO 2026-02-08 23:35:23,477 log "GET /api/v1/programs/ HTTP/1.1" 200 190
INFO 2026-02-08 23:35:23,486 log "GET /api/v1/programs/ HTTP/1.1" 200 190
INFO 2026-02-08 23:35:23,780 log "GET /api/v1/programs/ HTTP/1.1" 200 190
INFO 2026-02-08 23:41:04,920 log "OPTIONS /api/v1/programs/locations/active/ HTTP/1.1" 200 0
INFO 2026-02-08 23:41:04,920 log "OPTIONS /api/v1/programs/locations/active/ HTTP/1.1" 200 0
INFO 2026-02-08 23:41:04,931 log "GET /api/v1/programs/locations/active/ HTTP/1.1" 200 124
INFO 2026-02-08 23:41:04,987 log "GET /api/v1/programs/locations/active/ HTTP/1.1" 200 124
INFO 2026-02-08 23:41:10,904 log "GET /api/v1/programs/locations/active/ HTTP/1.1" 200 124
INFO 2026-02-08 23:41:10,912 log "GET /api/v1/programs/locations/active/ HTTP/1.1" 200 124
WARNING 2026-02-08 23:43:29,393 log Method Not Allowed: /api/v1/programs/
WARNING 2026-02-08 23:43:29,394 log "POST /api/v1/programs/ HTTP/1.1" 405 41
WARNING 2026-02-08 23:51:24,024 log Method Not Allowed: /api/v1/programs/
WARNING 2026-02-08 23:51:24,024 log "POST /api/v1/programs/ HTTP/1.1" 405 41
INFO 2026-02-08 23:51:33,677 log "GET /api/v1/programs/locations/active/ HTTP/1.1" 200 124
INFO 2026-02-08 23:51:33,684 log "GET /api/v1/programs/locations/active/ HTTP/1.1" 200 124
INFO 2026-02-08 23:51:47,749 log "GET /api/v1/programs/ HTTP/1.1" 200 190
INFO 2026-02-08 23:51:47,758 log "GET /api/v1/programs/ HTTP/1.1" 200 190
INFO 2026-02-08 23:51:48,053 log "GET /api/v1/programs/ HTTP/1.1" 200 190
INFO 2026-02-08 23:51:49,379 log "GET /api/v1/programs/locations/active/ HTTP/1.1" 200 124
INFO 2026-02-08 23:51:49,391 log "GET /api/v1/programs/locations/active/ HTTP/1.1" 200 124
WARNING 2026-02-09 00:02:32,366 log Method Not Allowed: /api/v1/programs/
WARNING 2026-02-09 00:02:32,366 log "POST /api/v1/programs/ HTTP/1.1" 405 41
WARNING 2026-02-09 00:25:26,807 log Unauthorized: /api/v1/programs/
WARNING 2026-02-09 00:25:26,807 log "POST /api/v1/programs/ HTTP/1.1" 401 172
INFO 2026-02-09 00:25:26,817 log "POST /api/v1/auth/refresh/ HTTP/1.1" 200 489
WARNING 2026-02-09 00:25:26,866 log Method Not Allowed: /api/v1/programs/
WARNING 2026-02-09 00:25:26,866 log "POST /api/v1/programs/ HTTP/1.1" 405 41
WARNING 2026-02-09 00:27:21,896 log Method Not Allowed: /api/v1/programs/
WARNING 2026-02-09 00:27:21,896 log "POST /api/v1/programs/ HTTP/1.1" 405 41
INFO 2026-02-09 00:27:26,210 log "GET /api/v1/programs/locations/active/ HTTP/1.1" 200 124
INFO 2026-02-09 00:27:26,218 log "GET /api/v1/programs/locations/active/ HTTP/1.1" 200 124
WARNING 2026-02-09 00:28:38,991 log Method Not Allowed: /api/v1/programs/
WARNING 2026-02-09 00:28:38,992 log "POST /api/v1/programs/ HTTP/1.1" 405 41
WARNING 2026-02-09 00:30:18,208 log Method Not Allowed: /api/v1/programs/
WARNING 2026-02-09 00:30:18,208 log "POST /api/v1/programs/ HTTP/1.1" 405 41
INFO 2026-02-09 00:39:24,696 autoreload /home/roger/Project/YouthProgramImpactVirsualizer/apps/programs/views.py changed, reloading.
INFO 2026-02-09 00:39:25,003 autoreload Watching for file changes with StatReloader
WARNING 2026-02-09 00:39:30,771 log Method Not Allowed: /api/v1/programs/
WARNING 2026-02-09 00:39:30,772 log "POST /api/v1/programs/ HTTP/1.1" 405 41
INFO 2026-02-09 00:57:40,648 log "GET /api/v1/programs/locations/active/ HTTP/1.1" 200 124
INFO 2026-02-09 00:57:40,660 log "GET /api/v1/programs/locations/active/ HTTP/1.1" 200 124
WARNING 2026-02-09 08:18:05,781 log Unauthorized: /api/v1/programs/
WARNING 2026-02-09 08:18:05,781 log "POST /api/v1/programs/ HTTP/1.1" 401 172
INFO 2026-02-09 08:18:05,788 log "POST /api/v1/auth/refresh/ HTTP/1.1" 200 489
WARNING 2026-02-09 08:18:05,835 log Method Not Allowed: /api/v1/programs/
WARNING 2026-02-09 08:18:05,836 log "POST /api/v1/programs/ HTTP/1.1" 405 41
WARNING 2026-02-09 08:18:21,361 log Method Not Allowed: /api/v1/programs/
WARNING 2026-02-09 08:18:21,361 log "POST /api/v1/programs/ HTTP/1.1" 405 41
INFO 2026-02-09 08:22:16,623 log "GET /api/v1/programs/locations/ HTTP/1.1" 200 174
INFO 2026-02-09 08:22:16,628 log "GET /api/v1/programs/locations/ HTTP/1.1" 200 174
INFO 2026-02-09 08:22:16,934 log "GET /api/v1/programs/locations/ HTTP/1.1" 200 174
INFO 2026-02-09 08:35:42,627 log "GET /api/v1/programs/locations/ HTTP/1.1" 200 174
INFO 2026-02-09 08:35:42,632 log "GET /api/v1/programs/locations/ HTTP/1.1" 200 174
INFO 2026-02-09 08:35:42,936 log "GET /api/v1/programs/locations/ HTTP/1.1" 200 174
INFO 2026-02-09 08:35:44,335 log "GET /api/v1/programs/locations/1/ HTTP/1.1" 200 382
INFO 2026-02-09 08:35:44,340 log "GET /api/v1/programs/locations/1/ HTTP/1.1" 200 382
INFO 2026-02-09 08:35:47,848 log "GET /api/v1/programs/locations/1/ HTTP/1.1" 200 382
INFO 2026-02-09 08:35:47,848 log "GET /api/v1/programs/locations/1/programs/ HTTP/1.1" 200 2
INFO 2026-02-09 08:35:47,859 log "GET /api/v1/programs/locations/1/ HTTP/1.1" 200 382
INFO 2026-02-09 08:35:47,860 log "GET /api/v1/programs/locations/1/programs/ HTTP/1.1" 200 2
INFO 2026-02-09 08:35:50,424 log "OPTIONS /api/v1/programs/programs/ HTTP/1.1" 200 0
INFO 2026-02-09 08:35:50,424 log "OPTIONS /api/v1/programs/programs/ HTTP/1.1" 200 0
INFO 2026-02-09 08:35:50,431 log "GET /api/v1/programs/programs/ HTTP/1.1" 200 52
INFO 2026-02-09 08:35:50,479 log "GET /api/v1/programs/programs/ HTTP/1.1" 200 52
INFO 2026-02-09 08:35:50,743 log "GET /api/v1/programs/programs/ HTTP/1.1" 200 52
INFO 2026-02-09 08:35:52,506 log "GET /api/v1/programs/locations/active/ HTTP/1.1" 200 124
INFO 2026-02-09 08:35:52,510 log "GET /api/v1/programs/locations/active/ HTTP/1.1" 200 124
ERROR 2026-02-09 08:36:40,535 log Internal Server Error: /api/v1/programs/programs/
Traceback (most recent call last):
  File "/home/roger/Project/YouthProgramImpactVirsualizer/apps/venv/lib/python3.12/site-packages/django/core/handlers/exception.py", line 55, in inner
    response = get_response(request)
               ^^^^^^^^^^^^^^^^^^^^^
  File "/home/roger/Project/YouthProgramImpactVirsualizer/apps/venv/lib/python3.12/site-packages/django/core/handlers/base.py", line 198, in _get_response
    response = wrapped_callback(request, *callback_args, **callback_kwargs)
               ^^^^^^^^^^^^^^^^^^^^^^^^^^^^^^^^^^^^^^^^^^^^^^^^^^^^^^^^^^^^
  File "/home/roger/Project/YouthProgramImpactVirsualizer/apps/venv/lib/python3.12/site-packages/django/views/decorators/csrf.py", line 65, in _view_wrapper
    return view_func(request, *args, **kwargs)
           ^^^^^^^^^^^^^^^^^^^^^^^^^^^^^^^^^^^
  File "/home/roger/Project/YouthProgramImpactVirsualizer/apps/venv/lib/python3.12/site-packages/rest_framework/viewsets.py", line 125, in view
    return self.dispatch(request, *args, **kwargs)
           ^^^^^^^^^^^^^^^^^^^^^^^^^^^^^^^^^^^^^^^
  File "/home/roger/Project/YouthProgramImpactVirsualizer/apps/venv/lib/python3.12/site-packages/rest_framework/views.py", line 515, in dispatch
    response = self.handle_exception(exc)
               ^^^^^^^^^^^^^^^^^^^^^^^^^^
  File "/home/roger/Project/YouthProgramImpactVirsualizer/apps/venv/lib/python3.12/site-packages/rest_framework/views.py", line 475, in handle_exception
    self.raise_uncaught_exception(exc)
  File "/home/roger/Project/YouthProgramImpactVirsualizer/apps/venv/lib/python3.12/site-packages/rest_framework/views.py", line 486, in raise_uncaught_exception
    raise exc
  File "/home/roger/Project/YouthProgramImpactVirsualizer/apps/venv/lib/python3.12/site-packages/rest_framework/views.py", line 512, in dispatch
    response = handler(request, *args, **kwargs)
               ^^^^^^^^^^^^^^^^^^^^^^^^^^^^^^^^^
  File "/home/roger/Project/YouthProgramImpactVirsualizer/apps/programs/views.py", line 182, in create
    program = Program.objects.get(pk=serializer.data['id'])
                                     ~~~~~~~~~~~~~~~^^^^^^
KeyError: 'id'
ERROR 2026-02-09 08:36:40,537 log "POST /api/v1/programs/programs/ HTTP/1.1" 500 24379
INFO 2026-02-09 09:02:19,785 autoreload /home/roger/Project/YouthProgramImpactVirsualizer/apps/programs/views.py changed, reloading.
INFO 2026-02-09 09:02:20,088 autoreload Watching for file changes with StatReloader
INFO 2026-02-09 09:02:24,927 log "POST /api/v1/programs/programs/ HTTP/1.1" 201 578
INFO 2026-02-09 09:02:25,955 log "OPTIONS /api/v1/programs/programs/2/ HTTP/1.1" 200 0
INFO 2026-02-09 09:02:25,955 log "OPTIONS /api/v1/programs/programs/2/summary/ HTTP/1.1" 200 0
INFO 2026-02-09 09:02:25,958 log "OPTIONS /api/v1/programs/programs/2/ HTTP/1.1" 200 0
INFO 2026-02-09 09:02:25,960 log "OPTIONS /api/v1/programs/programs/2/summary/ HTTP/1.1" 200 0
INFO 2026-02-09 09:02:25,969 log "GET /api/v1/programs/programs/2/ HTTP/1.1" 200 578
INFO 2026-02-09 09:02:25,974 log "GET /api/v1/programs/programs/2/summary/ HTTP/1.1" 200 306
INFO 2026-02-09 09:02:26,024 log "GET /api/v1/programs/programs/2/ HTTP/1.1" 200 578
INFO 2026-02-09 09:02:26,029 log "GET /api/v1/programs/programs/2/summary/ HTTP/1.1" 200 306
INFO 2026-02-09 09:02:31,173 log "GET /api/v1/programs/programs/ HTTP/1.1" 200 645
INFO 2026-02-09 09:02:31,181 log "GET /api/v1/programs/programs/ HTTP/1.1" 200 645
INFO 2026-02-09 09:02:31,483 log "GET /api/v1/programs/programs/ HTTP/1.1" 200 645
INFO 2026-02-09 09:02:39,233 log "OPTIONS /api/v1/programs/programs/1/summary/ HTTP/1.1" 200 0
INFO 2026-02-09 09:02:39,233 log "OPTIONS /api/v1/programs/programs/1/ HTTP/1.1" 200 0
INFO 2026-02-09 09:02:39,233 log "OPTIONS /api/v1/programs/programs/1/ HTTP/1.1" 200 0
INFO 2026-02-09 09:02:39,233 log "OPTIONS /api/v1/programs/programs/1/summary/ HTTP/1.1" 200 0
INFO 2026-02-09 09:02:39,251 log "GET /api/v1/programs/programs/1/ HTTP/1.1" 200 578
INFO 2026-02-09 09:02:39,253 log "GET /api/v1/programs/programs/1/summary/ HTTP/1.1" 200 306
INFO 2026-02-09 09:02:39,310 log "GET /api/v1/programs/programs/1/ HTTP/1.1" 200 578
INFO 2026-02-09 09:02:39,312 log "GET /api/v1/programs/programs/1/summary/ HTTP/1.1" 200 306
INFO 2026-02-09 09:02:46,096 log "GET /api/v1/programs/programs/ HTTP/1.1" 200 645
INFO 2026-02-09 09:02:46,104 log "GET /api/v1/programs/programs/ HTTP/1.1" 200 645
INFO 2026-02-09 09:02:46,408 log "GET /api/v1/programs/programs/ HTTP/1.1" 200 645
INFO 2026-02-09 09:22:05,867 autoreload /home/roger/Project/YouthProgramImpactVirsualizer/apps/programs/views.py changed, reloading.
INFO 2026-02-09 09:22:06,371 autoreload Watching for file changes with StatReloader
INFO 2026-02-09 09:31:48,136 autoreload /home/roger/Project/YouthProgramImpactVirsualizer/apps/programs/views.py changed, reloading.
INFO 2026-02-09 09:31:48,624 autoreload Watching for file changes with StatReloader
WARNING 2026-02-09 09:34:03,114 log Unauthorized: /api/v1/programs/programs/
WARNING 2026-02-09 09:34:03,115 log "GET /api/v1/programs/programs/ HTTP/1.1" 401 172
INFO 2026-02-09 09:34:03,119 log "OPTIONS /api/v1/auth/refresh/ HTTP/1.1" 200 0
WARNING 2026-02-09 09:34:03,165 log Unauthorized: /api/v1/auth/refresh/
WARNING 2026-02-09 09:34:03,166 log "POST /api/v1/auth/refresh/ HTTP/1.1" 401 54
INFO 2026-02-09 09:34:11,164 log "OPTIONS /api/v1/auth/login/ HTTP/1.1" 200 0
WARNING 2026-02-09 09:34:11,636 log Bad Request: /api/v1/auth/login/
WARNING 2026-02-09 09:34:11,637 log "POST /api/v1/auth/login/ HTTP/1.1" 400 54
WARNING 2026-02-09 09:34:21,375 log Bad Request: /api/v1/auth/login/
WARNING 2026-02-09 09:34:21,375 log "POST /api/v1/auth/login/ HTTP/1.1" 400 54
WARNING 2026-02-09 09:34:29,213 log Bad Request: /api/v1/auth/login/
WARNING 2026-02-09 09:34:29,213 log "POST /api/v1/auth/login/ HTTP/1.1" 400 54
WARNING 2026-02-09 09:34:39,848 log Bad Request: /api/v1/auth/login/
WARNING 2026-02-09 09:34:39,848 log "POST /api/v1/auth/login/ HTTP/1.1" 400 54
WARNING 2026-02-09 09:36:22,978 log Bad Request: /api/v1/auth/login/
WARNING 2026-02-09 09:36:22,978 log "POST /api/v1/auth/login/ HTTP/1.1" 400 54
WARNING 2026-02-09 09:36:27,371 log Bad Request: /api/v1/auth/login/
WARNING 2026-02-09 09:36:27,371 log "POST /api/v1/auth/login/ HTTP/1.1" 400 54
INFO 2026-02-09 09:37:12,581 log "POST /api/v1/auth/login/ HTTP/1.1" 200 909
INFO 2026-02-09 09:39:01,848 log "OPTIONS /api/v1/auth/logout/ HTTP/1.1" 200 0
WARNING 2026-02-09 09:39:01,856 log Bad Request: /api/v1/auth/logout/
WARNING 2026-02-09 09:39:01,857 log "POST /api/v1/auth/logout/ HTTP/1.1" 400 42
INFO 2026-02-09 09:39:16,544 log "POST /api/v1/auth/login/ HTTP/1.1" 200 912
INFO 2026-02-09 09:39:20,516 log "OPTIONS /api/v1/auth/stats/ HTTP/1.1" 200 0
INFO 2026-02-09 09:39:20,517 log "OPTIONS /api/v1/auth/ HTTP/1.1" 200 0
INFO 2026-02-09 09:39:20,518 log "OPTIONS /api/v1/auth/stats/ HTTP/1.1" 200 0
INFO 2026-02-09 09:39:20,519 log "OPTIONS /api/v1/auth/ HTTP/1.1" 200 0
INFO 2026-02-09 09:39:20,533 log "GET /api/v1/auth/stats/ HTTP/1.1" 200 158
INFO 2026-02-09 09:39:20,538 log "GET /api/v1/auth/ HTTP/1.1" 200 863
INFO 2026-02-09 09:39:20,588 log "GET /api/v1/auth/stats/ HTTP/1.1" 200 158
INFO 2026-02-09 09:39:20,589 log "GET /api/v1/auth/ HTTP/1.1" 200 863
INFO 2026-02-09 09:39:20,822 log "GET /api/v1/auth/ HTTP/1.1" 200 863
INFO 2026-02-09 09:39:25,420 log "OPTIONS /api/v1/programs/locations/ HTTP/1.1" 200 0
INFO 2026-02-09 09:39:25,420 log "OPTIONS /api/v1/programs/locations/ HTTP/1.1" 200 0
INFO 2026-02-09 09:39:25,439 log "GET /api/v1/programs/locations/ HTTP/1.1" 200 174
INFO 2026-02-09 09:39:25,499 log "GET /api/v1/programs/locations/ HTTP/1.1" 200 174
INFO 2026-02-09 09:39:25,729 log "GET /api/v1/programs/locations/ HTTP/1.1" 200 174
INFO 2026-02-09 09:39:29,833 log "GET /api/v1/programs/programs/ HTTP/1.1" 200 645
INFO 2026-02-09 09:39:29,847 log "GET /api/v1/programs/programs/ HTTP/1.1" 200 645
INFO 2026-02-09 09:39:30,126 log "GET /api/v1/programs/programs/ HTTP/1.1" 200 645
INFO 2026-02-09 09:41:06,039 log "GET /api/v1/programs/programs/ HTTP/1.1" 200 645
INFO 2026-02-09 09:41:06,337 log "GET /api/v1/programs/programs/ HTTP/1.1" 200 645
INFO 2026-02-09 09:43:56,101 log "OPTIONS /api/v1/programs/stats/ HTTP/1.1" 200 0
WARNING 2026-02-09 09:43:56,112 log Not Found: /api/v1/programs/stats/
WARNING 2026-02-09 09:43:56,117 log "GET /api/v1/programs/stats/ HTTP/1.1" 404 26231
INFO 2026-02-09 09:43:56,123 log "GET /api/v1/programs/locations/ HTTP/1.1" 200 174
INFO 2026-02-09 09:43:56,125 log "GET /api/v1/programs/programs/ HTTP/1.1" 200 645
INFO 2026-02-09 09:43:57,087 log "GET /api/v1/programs/programs/ HTTP/1.1" 200 645
INFO 2026-02-09 09:45:44,800 log "GET /api/v1/programs/locations/ HTTP/1.1" 200 174
INFO 2026-02-09 09:45:44,814 log "GET /api/v1/programs/locations/ HTTP/1.1" 200 174
INFO 2026-02-09 09:45:45,101 log "GET /api/v1/programs/locations/ HTTP/1.1" 200 174
WARNING 2026-02-09 09:45:47,790 log Not Found: /api/v1/programs/stats/
WARNING 2026-02-09 09:45:47,800 log "GET /api/v1/programs/stats/ HTTP/1.1" 404 26231
WARNING 2026-02-09 09:45:47,823 log Not Found: /api/v1/programs/stats/
WARNING 2026-02-09 09:45:47,829 log "GET /api/v1/programs/stats/ HTTP/1.1" 404 26231
INFO 2026-02-09 09:45:47,829 log "GET /api/v1/programs/locations/ HTTP/1.1" 200 174
INFO 2026-02-09 09:45:47,834 log "GET /api/v1/programs/programs/ HTTP/1.1" 200 645
INFO 2026-02-09 09:45:47,856 log "GET /api/v1/programs/locations/ HTTP/1.1" 200 174
INFO 2026-02-09 09:45:47,861 log "GET /api/v1/programs/programs/ HTTP/1.1" 200 645
INFO 2026-02-09 09:45:48,091 log "GET /api/v1/programs/programs/ HTTP/1.1" 200 645
INFO 2026-02-09 09:45:54,953 log "GET /api/v1/programs/programs/1/ HTTP/1.1" 200 578
INFO 2026-02-09 09:45:54,957 log "GET /api/v1/programs/programs/1/summary/ HTTP/1.1" 200 306
INFO 2026-02-09 09:45:54,969 log "GET /api/v1/programs/programs/1/ HTTP/1.1" 200 578
INFO 2026-02-09 09:45:54,975 log "GET /api/v1/programs/programs/1/summary/ HTTP/1.1" 200 306
WARNING 2026-02-09 09:51:05,373 log Not Found: /api/v1/programs/stats/
WARNING 2026-02-09 09:51:05,377 log "GET /api/v1/programs/stats/ HTTP/1.1" 404 26231
WARNING 2026-02-09 09:51:05,388 log Not Found: /api/v1/programs/stats/
WARNING 2026-02-09 09:51:05,391 log "GET /api/v1/programs/stats/ HTTP/1.1" 404 26231
INFO 2026-02-09 09:51:05,402 log "GET /api/v1/programs/locations/ HTTP/1.1" 200 174
INFO 2026-02-09 09:51:05,402 log "GET /api/v1/programs/programs/ HTTP/1.1" 200 645
INFO 2026-02-09 09:51:05,420 log "GET /api/v1/programs/locations/ HTTP/1.1" 200 174
INFO 2026-02-09 09:51:05,424 log "GET /api/v1/programs/programs/ HTTP/1.1" 200 645
INFO 2026-02-09 09:51:05,663 log "GET /api/v1/programs/programs/ HTTP/1.1" 200 645
INFO 2026-02-09 09:58:07,702 log "OPTIONS /api/v1/programs/programs/?location=1 HTTP/1.1" 200 0
INFO 2026-02-09 09:58:07,726 log "GET /api/v1/programs/programs/?location=1 HTTP/1.1" 200 645
INFO 2026-02-09 09:58:11,771 log "GET /api/v1/programs/programs/ HTTP/1.1" 200 645
INFO 2026-02-09 09:58:15,085 log "OPTIONS /api/v1/programs/programs/?is_active=false HTTP/1.1" 200 0
INFO 2026-02-09 09:58:15,099 log "GET /api/v1/programs/programs/?is_active=false HTTP/1.1" 200 52
INFO 2026-02-09 09:58:18,944 log "GET /api/v1/programs/programs/ HTTP/1.1" 200 645
INFO 2026-02-09 09:58:25,963 log "GET /api/v1/programs/programs/ HTTP/1.1" 200 645
INFO 2026-02-09 09:58:29,199 log "GET /api/v1/programs/programs/ HTTP/1.1" 200 645
WARNING 2026-02-09 10:04:16,121 log Not Found: /api/v1/programs/stats/
WARNING 2026-02-09 10:04:16,124 log "GET /api/v1/programs/stats/ HTTP/1.1" 404 26231
INFO 2026-02-09 10:04:16,138 log "GET /api/v1/programs/locations/ HTTP/1.1" 200 174
INFO 2026-02-09 10:04:16,140 log "GET /api/v1/programs/programs/ HTTP/1.1" 200 645
INFO 2026-02-09 10:04:17,089 log "GET /api/v1/programs/programs/ HTTP/1.1" 200 645
INFO 2026-02-09 10:16:40,472 log "OPTIONS /api/v1/programs/locations/active/ HTTP/1.1" 200 0
INFO 2026-02-09 10:16:40,473 log "OPTIONS /api/v1/programs/locations/active/ HTTP/1.1" 200 0
INFO 2026-02-09 10:16:40,481 log "GET /api/v1/programs/programs/1/ HTTP/1.1" 200 578
INFO 2026-02-09 10:16:40,481 log "GET /api/v1/programs/locations/active/ HTTP/1.1" 200 124
INFO 2026-02-09 10:16:40,488 log "GET /api/v1/programs/programs/1/ HTTP/1.1" 200 578
INFO 2026-02-09 10:16:40,533 log "GET /api/v1/programs/locations/active/ HTTP/1.1" 200 124
INFO 2026-02-09 10:16:47,219 log "PUT /api/v1/programs/programs/1/ HTTP/1.1" 200 333
INFO 2026-02-09 10:16:48,185 log "GET /api/v1/programs/programs/1/ HTTP/1.1" 200 578
INFO 2026-02-09 10:16:48,186 log "GET /api/v1/programs/programs/1/summary/ HTTP/1.1" 200 306
INFO 2026-02-09 10:16:48,198 log "GET /api/v1/programs/programs/1/ HTTP/1.1" 200 578
INFO 2026-02-09 10:16:48,199 log "GET /api/v1/programs/programs/1/summary/ HTTP/1.1" 200 306
WARNING 2026-02-09 10:16:50,803 log Not Found: /api/v1/programs/stats/
WARNING 2026-02-09 10:16:50,804 log "GET /api/v1/programs/stats/ HTTP/1.1" 404 26231
WARNING 2026-02-09 10:16:50,812 log Not Found: /api/v1/programs/stats/
WARNING 2026-02-09 10:16:50,813 log "GET /api/v1/programs/stats/ HTTP/1.1" 404 26231
INFO 2026-02-09 10:16:50,816 log "GET /api/v1/programs/locations/ HTTP/1.1" 200 174
INFO 2026-02-09 10:16:50,818 log "GET /api/v1/programs/programs/ HTTP/1.1" 200 645
INFO 2026-02-09 10:16:50,823 log "GET /api/v1/programs/locations/ HTTP/1.1" 200 174
INFO 2026-02-09 10:16:50,829 log "GET /api/v1/programs/programs/ HTTP/1.1" 200 645
INFO 2026-02-09 10:16:51,110 log "GET /api/v1/programs/programs/ HTTP/1.1" 200 645
WARNING 2026-02-09 10:17:18,360 log Not Found: /api/v1/programs/stats/
WARNING 2026-02-09 10:17:18,360 log "GET /api/v1/programs/stats/ HTTP/1.1" 404 26231
WARNING 2026-02-09 10:17:18,370 log Not Found: /api/v1/programs/stats/
WARNING 2026-02-09 10:17:18,372 log "GET /api/v1/programs/stats/ HTTP/1.1" 404 26231
INFO 2026-02-09 10:17:18,376 log "GET /api/v1/programs/locations/ HTTP/1.1" 200 174
INFO 2026-02-09 10:17:18,376 log "GET /api/v1/programs/programs/ HTTP/1.1" 200 645
INFO 2026-02-09 10:17:18,386 log "GET /api/v1/programs/locations/ HTTP/1.1" 200 174
INFO 2026-02-09 10:17:18,390 log "GET /api/v1/programs/programs/ HTTP/1.1" 200 645
INFO 2026-02-09 10:17:18,670 log "GET /api/v1/programs/programs/ HTTP/1.1" 200 645
WARNING 2026-02-09 10:17:26,302 log Not Found: /api/v1/programs/stats/
WARNING 2026-02-09 10:17:26,304 log "GET /api/v1/programs/stats/ HTTP/1.1" 404 26231
WARNING 2026-02-09 10:17:26,311 log Not Found: /api/v1/programs/stats/
WARNING 2026-02-09 10:17:26,313 log "GET /api/v1/programs/stats/ HTTP/1.1" 404 26231
INFO 2026-02-09 10:17:26,313 log "GET /api/v1/programs/locations/ HTTP/1.1" 200 174
INFO 2026-02-09 10:17:26,317 log "GET /api/v1/programs/programs/ HTTP/1.1" 200 645
INFO 2026-02-09 10:17:26,349 log "GET /api/v1/programs/locations/ HTTP/1.1" 200 174
INFO 2026-02-09 10:17:26,351 log "GET /api/v1/programs/programs/ HTTP/1.1" 200 645
INFO 2026-02-09 10:17:26,614 log "GET /api/v1/programs/programs/ HTTP/1.1" 200 645
INFO 2026-02-09 10:17:32,153 log "GET /api/v1/programs/locations/active/ HTTP/1.1" 200 124
INFO 2026-02-09 10:17:32,154 log "GET /api/v1/programs/programs/1/ HTTP/1.1" 200 578
INFO 2026-02-09 10:17:32,163 log "GET /api/v1/programs/locations/active/ HTTP/1.1" 200 124
INFO 2026-02-09 10:17:32,164 log "GET /api/v1/programs/programs/1/ HTTP/1.1" 200 578
INFO 2026-02-09 10:17:41,301 log "PUT /api/v1/programs/programs/1/ HTTP/1.1" 200 331
INFO 2026-02-09 10:17:42,334 log "GET /api/v1/programs/programs/1/ HTTP/1.1" 200 574
INFO 2026-02-09 10:17:42,337 log "GET /api/v1/programs/programs/1/summary/ HTTP/1.1" 200 304
INFO 2026-02-09 10:17:42,347 log "GET /api/v1/programs/programs/1/ HTTP/1.1" 200 574
INFO 2026-02-09 10:17:42,350 log "GET /api/v1/programs/programs/1/summary/ HTTP/1.1" 200 304
WARNING 2026-02-09 10:17:44,387 log Not Found: /api/v1/programs/stats/
WARNING 2026-02-09 10:17:44,388 log "GET /api/v1/programs/stats/ HTTP/1.1" 404 26231
WARNING 2026-02-09 10:17:44,397 log Not Found: /api/v1/programs/stats/
WARNING 2026-02-09 10:17:44,399 log "GET /api/v1/programs/stats/ HTTP/1.1" 404 26231
INFO 2026-02-09 10:17:44,399 log "GET /api/v1/programs/locations/ HTTP/1.1" 200 174
INFO 2026-02-09 10:17:44,404 log "GET /api/v1/programs/programs/ HTTP/1.1" 200 641
INFO 2026-02-09 10:17:44,407 log "GET /api/v1/programs/locations/ HTTP/1.1" 200 174
INFO 2026-02-09 10:17:44,412 log "GET /api/v1/programs/programs/ HTTP/1.1" 200 641
INFO 2026-02-09 10:17:44,698 log "GET /api/v1/programs/programs/ HTTP/1.1" 200 641
WARNING 2026-02-09 10:31:12,939 log Not Found: /api/v1/programs/stats/
WARNING 2026-02-09 10:31:12,939 log "GET /api/v1/programs/stats/ HTTP/1.1" 404 26231
WARNING 2026-02-09 10:31:12,946 log Not Found: /api/v1/programs/stats/
WARNING 2026-02-09 10:31:12,949 log "GET /api/v1/programs/stats/ HTTP/1.1" 404 26231
INFO 2026-02-09 10:31:12,952 log "GET /api/v1/programs/locations/ HTTP/1.1" 200 174
INFO 2026-02-09 10:31:12,956 log "GET /api/v1/programs/programs/ HTTP/1.1" 200 641
INFO 2026-02-09 10:31:12,960 log "GET /api/v1/programs/locations/ HTTP/1.1" 200 174
INFO 2026-02-09 10:31:12,966 log "GET /api/v1/programs/programs/ HTTP/1.1" 200 641
INFO 2026-02-09 10:31:13,251 log "GET /api/v1/programs/programs/ HTTP/1.1" 200 641
INFO 2026-02-09 10:31:31,529 log "GET /api/v1/programs/locations/active/ HTTP/1.1" 200 124
INFO 2026-02-09 10:31:31,534 log "GET /api/v1/programs/locations/active/ HTTP/1.1" 200 124
WARNING 2026-02-09 10:31:47,843 log Not Found: /api/v1/programs/stats/
WARNING 2026-02-09 10:31:47,844 log "GET /api/v1/programs/stats/ HTTP/1.1" 404 26231
WARNING 2026-02-09 10:31:47,852 log Not Found: /api/v1/programs/stats/
WARNING 2026-02-09 10:31:47,854 log "GET /api/v1/programs/stats/ HTTP/1.1" 404 26231
INFO 2026-02-09 10:31:47,854 log "GET /api/v1/programs/locations/ HTTP/1.1" 200 174
INFO 2026-02-09 10:31:47,859 log "GET /api/v1/programs/programs/ HTTP/1.1" 200 641
INFO 2026-02-09 10:31:47,864 log "GET /api/v1/programs/locations/ HTTP/1.1" 200 174
INFO 2026-02-09 10:31:47,868 log "GET /api/v1/programs/programs/ HTTP/1.1" 200 641
INFO 2026-02-09 10:31:48,151 log "GET /api/v1/programs/programs/ HTTP/1.1" 200 641
WARNING 2026-02-09 10:32:06,466 log Not Found: /api/v1/programs/stats/
WARNING 2026-02-09 10:32:06,467 log "GET /api/v1/programs/stats/ HTTP/1.1" 404 26231
WARNING 2026-02-09 10:32:06,474 log Not Found: /api/v1/programs/stats/
WARNING 2026-02-09 10:32:06,475 log "GET /api/v1/programs/stats/ HTTP/1.1" 404 26231
INFO 2026-02-09 10:32:06,480 log "GET /api/v1/programs/programs/ HTTP/1.1" 200 641
INFO 2026-02-09 10:32:06,480 log "GET /api/v1/programs/locations/ HTTP/1.1" 200 174
INFO 2026-02-09 10:32:06,491 log "GET /api/v1/programs/locations/ HTTP/1.1" 200 174
INFO 2026-02-09 10:32:06,492 log "GET /api/v1/programs/programs/ HTTP/1.1" 200 641
INFO 2026-02-09 10:32:06,766 log "GET /api/v1/programs/programs/ HTTP/1.1" 200 641
WARNING 2026-02-09 10:34:32,095 log Not Found: /api/v1/programs/stats/
WARNING 2026-02-09 10:34:32,097 log "GET /api/v1/programs/stats/ HTTP/1.1" 404 26231
INFO 2026-02-09 10:34:32,104 log "GET /api/v1/programs/programs/ HTTP/1.1" 200 641
INFO 2026-02-09 10:34:32,104 log "GET /api/v1/programs/locations/ HTTP/1.1" 200 174
INFO 2026-02-09 10:34:33,086 log "GET /api/v1/programs/programs/ HTTP/1.1" 200 641
INFO 2026-02-09 10:34:42,249 log "GET /api/v1/programs/locations/active/ HTTP/1.1" 200 124
INFO 2026-02-09 10:34:42,253 log "GET /api/v1/programs/locations/active/ HTTP/1.1" 200 124
WARNING 2026-02-09 10:34:44,809 log Not Found: /api/v1/programs/stats/
WARNING 2026-02-09 10:34:44,809 log "GET /api/v1/programs/stats/ HTTP/1.1" 404 26231
WARNING 2026-02-09 10:34:44,816 log Not Found: /api/v1/programs/stats/
WARNING 2026-02-09 10:34:44,818 log "GET /api/v1/programs/stats/ HTTP/1.1" 404 26231
INFO 2026-02-09 10:34:44,821 log "GET /api/v1/programs/locations/ HTTP/1.1" 200 174
INFO 2026-02-09 10:34:44,824 log "GET /api/v1/programs/programs/ HTTP/1.1" 200 641
INFO 2026-02-09 10:34:44,829 log "GET /api/v1/programs/locations/ HTTP/1.1" 200 174
INFO 2026-02-09 10:34:44,832 log "GET /api/v1/programs/programs/ HTTP/1.1" 200 641
INFO 2026-02-09 10:34:45,125 log "GET /api/v1/programs/programs/ HTTP/1.1" 200 641
INFO 2026-02-09 10:34:53,675 log "OPTIONS /api/v1/programs/programs/1/change_status/ HTTP/1.1" 200 0
INFO 2026-02-09 10:34:53,692 log "POST /api/v1/programs/programs/1/change_status/ HTTP/1.1" 200 660
INFO 2026-02-09 10:34:59,439 log "POST /api/v1/programs/programs/1/change_status/ HTTP/1.1" 200 654
WARNING 2026-02-09 11:21:10,376 log Unauthorized: /api/v1/programs/locations/
INFO 2026-02-09 11:21:10,377 log "OPTIONS /api/v1/programs/programs/ HTTP/1.1" 200 0
INFO 2026-02-09 11:21:10,377 log "OPTIONS /api/v1/programs/programs/ HTTP/1.1" 200 0
WARNING 2026-02-09 11:21:10,384 log Not Found: /api/v1/programs/stats/
WARNING 2026-02-09 11:21:10,386 log Unauthorized: /api/v1/programs/programs/
WARNING 2026-02-09 11:21:10,386 log "GET /api/v1/programs/locations/ HTTP/1.1" 401 172
WARNING 2026-02-09 11:21:10,387 log "GET /api/v1/programs/programs/ HTTP/1.1" 401 172
WARNING 2026-02-09 11:21:10,387 log "GET /api/v1/programs/stats/ HTTP/1.1" 404 26231
WARNING 2026-02-09 11:21:10,389 log Unauthorized: /api/v1/programs/locations/
WARNING 2026-02-09 11:21:10,389 log "GET /api/v1/programs/locations/ HTTP/1.1" 401 172
WARNING 2026-02-09 11:21:10,396 log Not Found: /api/v1/programs/stats/
WARNING 2026-02-09 11:21:10,398 log "GET /api/v1/programs/stats/ HTTP/1.1" 404 26231
INFO 2026-02-09 11:21:10,401 log "POST /api/v1/auth/refresh/ HTTP/1.1" 200 489
WARNING 2026-02-09 11:21:10,430 log Unauthorized: /api/v1/programs/programs/
WARNING 2026-02-09 11:21:10,431 log "GET /api/v1/programs/programs/ HTTP/1.1" 401 172
INFO 2026-02-09 11:21:10,435 log "POST /api/v1/auth/refresh/ HTTP/1.1" 200 489
INFO 2026-02-09 11:21:10,438 log "POST /api/v1/auth/refresh/ HTTP/1.1" 200 489
INFO 2026-02-09 11:21:10,463 log "GET /api/v1/programs/locations/ HTTP/1.1" 200 174
INFO 2026-02-09 11:21:10,489 log "POST /api/v1/auth/refresh/ HTTP/1.1" 200 489
INFO 2026-02-09 11:21:10,497 log "GET /api/v1/programs/programs/ HTTP/1.1" 200 641
INFO 2026-02-09 11:21:10,519 log "GET /api/v1/programs/locations/ HTTP/1.1" 200 174
INFO 2026-02-09 11:21:10,564 log "GET /api/v1/programs/programs/ HTTP/1.1" 200 641
INFO 2026-02-09 11:21:10,695 log "GET /api/v1/programs/programs/ HTTP/1.1" 200 641
WARNING 2026-02-09 11:27:28,930 log Not Found: /api/v1/programs/stats/
WARNING 2026-02-09 11:27:28,931 log "GET /api/v1/programs/stats/ HTTP/1.1" 404 26231
WARNING 2026-02-09 11:27:28,947 log Not Found: /api/v1/programs/stats/
WARNING 2026-02-09 11:27:28,950 log "GET /api/v1/programs/stats/ HTTP/1.1" 404 26231
INFO 2026-02-09 11:27:28,952 log "GET /api/v1/programs/locations/ HTTP/1.1" 200 174
INFO 2026-02-09 11:27:28,959 log "GET /api/v1/programs/programs/ HTTP/1.1" 200 641
INFO 2026-02-09 11:27:28,973 log "GET /api/v1/programs/locations/ HTTP/1.1" 200 174
INFO 2026-02-09 11:27:28,985 log "GET /api/v1/programs/programs/ HTTP/1.1" 200 641
INFO 2026-02-09 11:27:29,239 log "GET /api/v1/programs/programs/ HTTP/1.1" 200 641
WARNING 2026-02-09 11:37:57,182 log Not Found: /api/v1/programs/stats/
WARNING 2026-02-09 11:37:57,182 log "GET /api/v1/programs/stats/ HTTP/1.1" 404 26231
WARNING 2026-02-09 11:37:57,201 log Not Found: /api/v1/programs/stats/
WARNING 2026-02-09 11:37:57,204 log "GET /api/v1/programs/stats/ HTTP/1.1" 404 26231
INFO 2026-02-09 11:37:57,206 log "GET /api/v1/programs/locations/ HTTP/1.1" 200 174
INFO 2026-02-09 11:37:57,215 log "GET /api/v1/programs/programs/ HTTP/1.1" 200 641
INFO 2026-02-09 11:37:57,231 log "GET /api/v1/programs/locations/ HTTP/1.1" 200 174
INFO 2026-02-09 11:37:57,239 log "GET /api/v1/programs/programs/ HTTP/1.1" 200 641
INFO 2026-02-09 11:38:00,333 log "GET /api/v1/programs/programs/ HTTP/1.1" 200 641
WARNING 2026-02-09 12:49:44,506 log Unauthorized: /api/v1/programs/programs/
INFO 2026-02-09 12:49:44,506 log "OPTIONS /api/v1/programs/stats/ HTTP/1.1" 200 0
INFO 2026-02-09 12:49:44,507 log "OPTIONS /api/v1/programs/locations/ HTTP/1.1" 200 0
INFO 2026-02-09 12:49:44,509 log "OPTIONS /api/v1/programs/stats/ HTTP/1.1" 200 0
WARNING 2026-02-09 12:49:44,509 log "GET /api/v1/programs/programs/ HTTP/1.1" 401 172
INFO 2026-02-09 12:49:44,509 log "OPTIONS /api/v1/programs/locations/ HTTP/1.1" 200 0
WARNING 2026-02-09 12:49:44,518 log Unauthorized: /api/v1/programs/programs/
INFO 2026-02-09 12:49:44,519 log "OPTIONS /api/v1/auth/refresh/ HTTP/1.1" 200 0
WARNING 2026-02-09 12:49:44,527 log Unauthorized: /api/v1/programs/locations/
WARNING 2026-02-09 12:49:44,528 log Not Found: /api/v1/programs/stats/
WARNING 2026-02-09 12:49:44,528 log "GET /api/v1/programs/programs/ HTTP/1.1" 401 172
WARNING 2026-02-09 12:49:44,529 log "GET /api/v1/programs/locations/ HTTP/1.1" 401 172
WARNING 2026-02-09 12:49:44,530 log "GET /api/v1/programs/stats/ HTTP/1.1" 404 26231
INFO 2026-02-09 12:49:44,568 log "POST /api/v1/auth/refresh/ HTTP/1.1" 200 489
WARNING 2026-02-09 12:49:44,575 log Unauthorized: /api/v1/programs/locations/
WARNING 2026-02-09 12:49:44,596 log Not Found: /api/v1/programs/stats/
WARNING 2026-02-09 12:49:44,600 log "GET /api/v1/programs/locations/ HTTP/1.1" 401 172
WARNING 2026-02-09 12:49:44,600 log "GET /api/v1/programs/stats/ HTTP/1.1" 404 26231
INFO 2026-02-09 12:49:44,604 log "POST /api/v1/auth/refresh/ HTTP/1.1" 200 489
INFO 2026-02-09 12:49:44,606 log "POST /api/v1/auth/refresh/ HTTP/1.1" 200 489
INFO 2026-02-09 12:49:44,627 log "POST /api/v1/auth/refresh/ HTTP/1.1" 200 489
INFO 2026-02-09 12:49:44,638 log "GET /api/v1/programs/programs/ HTTP/1.1" 200 641
INFO 2026-02-09 12:49:44,660 log "GET /api/v1/programs/locations/ HTTP/1.1" 200 174
INFO 2026-02-09 12:49:44,699 log "GET /api/v1/programs/programs/ HTTP/1.1" 200 641
INFO 2026-02-09 12:49:44,714 log "GET /api/v1/programs/locations/ HTTP/1.1" 200 174
INFO 2026-02-09 12:49:45,423 log "GET /api/v1/programs/programs/ HTTP/1.1" 200 641
WARNING 2026-02-09 13:07:10,156 log Not Found: /api/v1/programs/stats/
WARNING 2026-02-09 13:07:10,157 log "GET /api/v1/programs/stats/ HTTP/1.1" 404 26231
WARNING 2026-02-09 13:07:10,172 log Not Found: /api/v1/programs/stats/
WARNING 2026-02-09 13:07:10,176 log "GET /api/v1/programs/stats/ HTTP/1.1" 404 26231
INFO 2026-02-09 13:07:10,178 log "GET /api/v1/programs/locations/ HTTP/1.1" 200 174
INFO 2026-02-09 13:07:10,184 log "GET /api/v1/programs/programs/ HTTP/1.1" 200 641
INFO 2026-02-09 13:07:10,194 log "GET /api/v1/programs/locations/ HTTP/1.1" 200 174
INFO 2026-02-09 13:07:10,198 log "GET /api/v1/programs/programs/ HTTP/1.1" 200 641
INFO 2026-02-09 13:07:10,640 log "GET /api/v1/programs/programs/ HTTP/1.1" 200 641
INFO 2026-02-09 15:30:46,218 log "OPTIONS /api/v1/programs/programs/1/ HTTP/1.1" 200 0
INFO 2026-02-09 15:30:46,218 log "OPTIONS /api/v1/programs/programs/1/summary/ HTTP/1.1" 200 0
INFO 2026-02-09 15:30:46,218 log "OPTIONS /api/v1/programs/programs/1/ HTTP/1.1" 200 0
INFO 2026-02-09 15:30:46,218 log "OPTIONS /api/v1/programs/programs/1/summary/ HTTP/1.1" 200 0
WARNING 2026-02-09 15:30:46,221 log Unauthorized: /api/v1/programs/programs/1/
WARNING 2026-02-09 15:30:46,222 log Unauthorized: /api/v1/programs/programs/1/summary/
WARNING 2026-02-09 15:30:46,222 log "GET /api/v1/programs/programs/1/ HTTP/1.1" 401 172
WARNING 2026-02-09 15:30:46,222 log "GET /api/v1/programs/programs/1/summary/ HTTP/1.1" 401 172
WARNING 2026-02-09 15:30:46,269 log Unauthorized: /api/v1/programs/programs/1/summary/
WARNING 2026-02-09 15:30:46,272 log Unauthorized: /api/v1/programs/programs/1/
WARNING 2026-02-09 15:30:46,279 log "GET /api/v1/programs/programs/1/summary/ HTTP/1.1" 401 172
WARNING 2026-02-09 15:30:46,280 log "GET /api/v1/programs/programs/1/ HTTP/1.1" 401 172
INFO 2026-02-09 15:30:46,283 log "POST /api/v1/auth/refresh/ HTTP/1.1" 200 489
INFO 2026-02-09 15:30:46,285 log "POST /api/v1/auth/refresh/ HTTP/1.1" 200 489
INFO 2026-02-09 15:30:46,292 log "POST /api/v1/auth/refresh/ HTTP/1.1" 200 489
INFO 2026-02-09 15:30:46,292 log "POST /api/v1/auth/refresh/ HTTP/1.1" 200 489
INFO 2026-02-09 15:30:46,351 log "GET /api/v1/programs/programs/1/ HTTP/1.1" 200 574
INFO 2026-02-09 15:30:46,353 log "GET /api/v1/programs/programs/1/summary/ HTTP/1.1" 200 304
INFO 2026-02-09 15:30:46,407 log "GET /api/v1/programs/programs/1/ HTTP/1.1" 200 574
INFO 2026-02-09 15:30:46,411 log "GET /api/v1/programs/programs/1/summary/ HTTP/1.1" 200 304
WARNING 2026-02-09 15:30:54,684 log Not Found: /api/v1/programs/stats/
WARNING 2026-02-09 15:30:54,684 log "GET /api/v1/programs/stats/ HTTP/1.1" 404 26231
WARNING 2026-02-09 15:30:54,690 log Not Found: /api/v1/programs/stats/
WARNING 2026-02-09 15:30:54,693 log "GET /api/v1/programs/stats/ HTTP/1.1" 404 26231
INFO 2026-02-09 15:30:54,696 log "GET /api/v1/programs/locations/ HTTP/1.1" 200 174
INFO 2026-02-09 15:30:54,700 log "GET /api/v1/programs/programs/ HTTP/1.1" 200 641
INFO 2026-02-09 15:30:54,705 log "GET /api/v1/programs/locations/ HTTP/1.1" 200 174
INFO 2026-02-09 15:30:54,712 log "GET /api/v1/programs/programs/ HTTP/1.1" 200 641
INFO 2026-02-09 15:30:54,992 log "GET /api/v1/programs/programs/ HTTP/1.1" 200 641
WARNING 2026-02-09 15:42:09,558 log Not Found: /api/v1/programs/stats/
WARNING 2026-02-09 15:42:09,559 log "GET /api/v1/programs/stats/ HTTP/1.1" 404 26231
WARNING 2026-02-09 15:42:09,568 log Not Found: /api/v1/programs/stats/
WARNING 2026-02-09 15:42:09,571 log "GET /api/v1/programs/stats/ HTTP/1.1" 404 26231
INFO 2026-02-09 15:42:09,574 log "GET /api/v1/programs/locations/ HTTP/1.1" 200 174
INFO 2026-02-09 15:42:09,575 log "GET /api/v1/programs/programs/ HTTP/1.1" 200 641
INFO 2026-02-09 15:42:09,586 log "GET /api/v1/programs/locations/ HTTP/1.1" 200 174
INFO 2026-02-09 15:42:09,587 log "GET /api/v1/programs/programs/ HTTP/1.1" 200 641
INFO 2026-02-09 15:42:10,379 log "GET /api/v1/programs/programs/ HTTP/1.1" 200 641
INFO 2026-02-09 15:56:10,360 log "GET /api/v1/programs/locations/ HTTP/1.1" 200 174
INFO 2026-02-09 15:56:10,374 log "GET /api/v1/programs/locations/ HTTP/1.1" 200 174
INFO 2026-02-09 15:56:10,665 log "GET /api/v1/programs/locations/ HTTP/1.1" 200 174
INFO 2026-02-09 15:56:13,724 log "OPTIONS /api/v1/milestones/ HTTP/1.1" 200 0
INFO 2026-02-09 15:56:13,726 log "OPTIONS /api/v1/milestones/ HTTP/1.1" 200 0
WARNING 2026-02-09 15:56:13,739 log Not Found: /api/v1/milestones/
WARNING 2026-02-09 15:56:13,739 log "GET /api/v1/milestones/ HTTP/1.1" 404 4562
INFO 2026-02-09 15:56:13,745 log "GET /api/v1/programs/programs/ HTTP/1.1" 200 641
INFO 2026-02-09 15:56:13,761 log "GET /api/v1/programs/programs/ HTTP/1.1" 200 641
WARNING 2026-02-09 15:56:13,794 log Not Found: /api/v1/milestones/
WARNING 2026-02-09 15:56:13,795 log "GET /api/v1/milestones/ HTTP/1.1" 404 4562
WARNING 2026-02-09 15:56:14,028 log Not Found: /api/v1/milestones/
WARNING 2026-02-09 15:56:14,028 log "GET /api/v1/milestones/ HTTP/1.1" 404 4562
INFO 2026-02-09 15:56:16,718 log "GET /api/v1/programs/locations/ HTTP/1.1" 200 174
INFO 2026-02-09 15:56:16,734 log "GET /api/v1/programs/locations/ HTTP/1.1" 200 174
INFO 2026-02-09 15:56:17,015 log "GET /api/v1/programs/locations/ HTTP/1.1" 200 174
WARNING 2026-02-09 15:56:26,069 log Not Found: /api/v1/milestones/
WARNING 2026-02-09 15:56:26,070 log "GET /api/v1/milestones/ HTTP/1.1" 404 4562
WARNING 2026-02-09 15:56:26,087 log Not Found: /api/v1/milestones/
WARNING 2026-02-09 15:56:26,088 log "GET /api/v1/milestones/ HTTP/1.1" 404 4562
INFO 2026-02-09 15:56:26,097 log "GET /api/v1/programs/programs/ HTTP/1.1" 200 641
INFO 2026-02-09 15:56:26,118 log "GET /api/v1/programs/programs/ HTTP/1.1" 200 641
WARNING 2026-02-09 15:56:26,360 log Not Found: /api/v1/milestones/
WARNING 2026-02-09 15:56:26,360 log "GET /api/v1/milestones/ HTTP/1.1" 404 4562
INFO 2026-02-09 15:56:33,515 log "OPTIONS /api/v1/programs/active/ HTTP/1.1" 200 0
INFO 2026-02-09 15:56:33,516 log "OPTIONS /api/v1/programs/active/ HTTP/1.1" 200 0
WARNING 2026-02-09 15:56:33,533 log Not Found: /api/v1/programs/active/
WARNING 2026-02-09 15:56:33,533 log "GET /api/v1/programs/active/ HTTP/1.1" 404 26234
WARNING 2026-02-09 15:56:33,591 log Not Found: /api/v1/programs/active/
WARNING 2026-02-09 15:56:33,591 log "GET /api/v1/programs/active/ HTTP/1.1" 404 26234
WARNING 2026-02-09 15:57:47,674 log Not Found: /api/v1/programs/stats/
WARNING 2026-02-09 15:57:47,675 log "GET /api/v1/programs/stats/ HTTP/1.1" 404 26231
WARNING 2026-02-09 15:57:47,686 log Not Found: /api/v1/programs/stats/
INFO 2026-02-09 15:57:47,691 log "GET /api/v1/programs/locations/ HTTP/1.1" 200 174
WARNING 2026-02-09 15:57:47,692 log "GET /api/v1/programs/stats/ HTTP/1.1" 404 26231
INFO 2026-02-09 15:57:47,703 log "GET /api/v1/programs/programs/ HTTP/1.1" 200 641
INFO 2026-02-09 15:57:47,729 log "GET /api/v1/programs/locations/ HTTP/1.1" 200 174
INFO 2026-02-09 15:57:47,752 log "GET /api/v1/programs/programs/ HTTP/1.1" 200 641
INFO 2026-02-09 15:57:47,972 log "GET /api/v1/programs/programs/ HTTP/1.1" 200 641
INFO 2026-02-09 15:57:58,392 log "OPTIONS /api/v1/programs/locations/active/ HTTP/1.1" 200 0
INFO 2026-02-09 15:57:58,393 log "OPTIONS /api/v1/programs/locations/active/ HTTP/1.1" 200 0
INFO 2026-02-09 15:57:58,415 log "GET /api/v1/programs/programs/1/ HTTP/1.1" 200 574
INFO 2026-02-09 15:57:58,423 log "GET /api/v1/programs/locations/active/ HTTP/1.1" 200 124
INFO 2026-02-09 15:57:58,451 log "GET /api/v1/programs/programs/1/ HTTP/1.1" 200 574
INFO 2026-02-09 15:57:58,480 log "GET /api/v1/programs/locations/active/ HTTP/1.1" 200 124
INFO 2026-02-09 15:58:09,087 log "PUT /api/v1/programs/programs/1/ HTTP/1.1" 200 331
INFO 2026-02-09 15:58:10,163 log "GET /api/v1/programs/programs/1/ HTTP/1.1" 200 573
INFO 2026-02-09 15:58:10,170 log "GET /api/v1/programs/programs/1/summary/ HTTP/1.1" 200 304
INFO 2026-02-09 15:58:10,205 log "GET /api/v1/programs/programs/1/ HTTP/1.1" 200 573
INFO 2026-02-09 15:58:10,219 log "GET /api/v1/programs/programs/1/summary/ HTTP/1.1" 200 304
WARNING 2026-02-09 15:58:12,113 log Not Found: /api/v1/programs/stats/
WARNING 2026-02-09 15:58:12,114 log "GET /api/v1/programs/stats/ HTTP/1.1" 404 26231
WARNING 2026-02-09 15:58:12,143 log Not Found: /api/v1/programs/stats/
WARNING 2026-02-09 15:58:12,149 log "GET /api/v1/programs/stats/ HTTP/1.1" 404 26231
INFO 2026-02-09 15:58:12,154 log "GET /api/v1/programs/locations/ HTTP/1.1" 200 174
INFO 2026-02-09 15:58:12,168 log "GET /api/v1/programs/programs/ HTTP/1.1" 200 640
INFO 2026-02-09 15:58:12,179 log "GET /api/v1/programs/locations/ HTTP/1.1" 200 174
INFO 2026-02-09 15:58:12,201 log "GET /api/v1/programs/programs/ HTTP/1.1" 200 640
INFO 2026-02-09 15:58:12,405 log "GET /api/v1/programs/programs/ HTTP/1.1" 200 640
WARNING 2026-02-09 15:58:16,551 log Not Found: /api/v1/milestones/
WARNING 2026-02-09 15:58:16,552 log "GET /api/v1/milestones/ HTTP/1.1" 404 4562
WARNING 2026-02-09 15:58:16,568 log Not Found: /api/v1/milestones/
WARNING 2026-02-09 15:58:16,571 log "GET /api/v1/milestones/ HTTP/1.1" 404 4562
INFO 2026-02-09 15:58:16,579 log "GET /api/v1/programs/programs/ HTTP/1.1" 200 640
INFO 2026-02-09 15:58:16,607 log "GET /api/v1/programs/programs/ HTTP/1.1" 200 640
WARNING 2026-02-09 15:58:16,849 log Not Found: /api/v1/milestones/
WARNING 2026-02-09 15:58:16,849 log "GET /api/v1/milestones/ HTTP/1.1" 404 4562
WARNING 2026-02-09 15:58:34,002 log Not Found: /api/v1/programs/active/
WARNING 2026-02-09 15:58:34,002 log "GET /api/v1/programs/active/ HTTP/1.1" 404 26234
WARNING 2026-02-09 15:58:34,013 log Not Found: /api/v1/programs/active/
WARNING 2026-02-09 15:58:34,014 log "GET /api/v1/programs/active/ HTTP/1.1" 404 26234
INFO 2026-02-09 16:00:03,951 autoreload /home/roger/Project/YouthProgramImpactVirsualizer/apps/programs/views.py changed, reloading.
INFO 2026-02-09 16:00:04,676 autoreload Watching for file changes with StatReloader
INFO 2026-02-09 16:04:55,075 log "OPTIONS /api/v1/programs/milestones/ HTTP/1.1" 200 0
INFO 2026-02-09 16:04:55,076 log "OPTIONS /api/v1/programs/milestones/ HTTP/1.1" 200 0
INFO 2026-02-09 16:04:55,103 log "GET /api/v1/programs/milestones/ HTTP/1.1" 200 52
INFO 2026-02-09 16:04:55,108 log "GET /api/v1/programs/programs/ HTTP/1.1" 200 640
INFO 2026-02-09 16:04:55,119 log "GET /api/v1/programs/programs/ HTTP/1.1" 200 640
INFO 2026-02-09 16:04:55,157 log "GET /api/v1/programs/milestones/ HTTP/1.1" 200 52
INFO 2026-02-09 16:04:55,379 log "GET /api/v1/programs/milestones/ HTTP/1.1" 200 52
INFO 2026-02-09 16:04:56,801 log "OPTIONS /api/v1/programs/programs/active/ HTTP/1.1" 200 0
INFO 2026-02-09 16:04:56,801 log "OPTIONS /api/v1/programs/programs/active/ HTTP/1.1" 200 0
INFO 2026-02-09 16:04:56,820 log "GET /api/v1/programs/programs/active/ HTTP/1.1" 200 590
INFO 2026-02-09 16:04:56,879 log "GET /api/v1/programs/programs/active/ HTTP/1.1" 200 590
INFO 2026-02-09 16:05:31,855 log "POST /api/v1/programs/milestones/ HTTP/1.1" 201 229
INFO 2026-02-09 16:05:31,914 log "OPTIONS /api/v1/programs/milestones/1/ HTTP/1.1" 200 0
INFO 2026-02-09 16:05:31,914 log "OPTIONS /api/v1/programs/milestones/1/ HTTP/1.1" 200 0
INFO 2026-02-09 16:05:31,922 log "GET /api/v1/programs/milestones/1/ HTTP/1.1" 200 229
INFO 2026-02-09 16:05:31,977 log "GET /api/v1/programs/milestones/1/ HTTP/1.1" 200 229
INFO 2026-02-09 16:05:39,454 log "GET /api/v1/programs/milestones/ HTTP/1.1" 200 281
INFO 2026-02-09 16:05:39,461 log "GET /api/v1/programs/programs/ HTTP/1.1" 200 640
INFO 2026-02-09 16:05:39,475 log "GET /api/v1/programs/milestones/ HTTP/1.1" 200 281
INFO 2026-02-09 16:05:39,496 log "GET /api/v1/programs/programs/ HTTP/1.1" 200 640
INFO 2026-02-09 16:05:39,763 log "GET /api/v1/programs/milestones/ HTTP/1.1" 200 281
INFO 2026-02-09 16:05:55,057 log "OPTIONS /api/v1/programs/programs/stats/ HTTP/1.1" 200 0
INFO 2026-02-09 16:05:55,058 log "OPTIONS /api/v1/programs/programs/stats/ HTTP/1.1" 200 0
INFO 2026-02-09 16:05:55,093 log "GET /api/v1/programs/locations/ HTTP/1.1" 200 174
INFO 2026-02-09 16:05:55,098 log "GET /api/v1/programs/programs/ HTTP/1.1" 200 640
INFO 2026-02-09 16:05:55,104 log "GET /api/v1/programs/programs/stats/ HTTP/1.1" 200 257
INFO 2026-02-09 16:05:55,124 log "GET /api/v1/programs/locations/ HTTP/1.1" 200 174
INFO 2026-02-09 16:05:55,133 log "GET /api/v1/programs/programs/ HTTP/1.1" 200 640
INFO 2026-02-09 16:05:55,154 log "GET /api/v1/programs/programs/stats/ HTTP/1.1" 200 257
INFO 2026-02-09 16:05:55,369 log "GET /api/v1/programs/programs/ HTTP/1.1" 200 640
INFO 2026-02-09 16:06:06,399 log "GET /api/v1/programs/locations/ HTTP/1.1" 200 174
INFO 2026-02-09 16:06:06,414 log "GET /api/v1/programs/locations/ HTTP/1.1" 200 174
INFO 2026-02-09 16:06:06,699 log "GET /api/v1/programs/locations/ HTTP/1.1" 200 174
INFO 2026-02-09 16:06:58,285 log "OPTIONS /api/v1/programs/locations/1/ HTTP/1.1" 200 0
INFO 2026-02-09 16:06:58,285 log "OPTIONS /api/v1/programs/locations/1/programs/ HTTP/1.1" 200 0
INFO 2026-02-09 16:06:58,286 log "OPTIONS /api/v1/programs/locations/1/ HTTP/1.1" 200 0
INFO 2026-02-09 16:06:58,286 log "OPTIONS /api/v1/programs/locations/1/programs/ HTTP/1.1" 200 0
INFO 2026-02-09 16:06:58,313 log "GET /api/v1/programs/locations/1/ HTTP/1.1" 200 382
INFO 2026-02-09 16:06:58,320 log "GET /api/v1/programs/locations/1/programs/ HTTP/1.1" 200 590
INFO 2026-02-09 16:06:58,370 log "GET /api/v1/programs/locations/1/ HTTP/1.1" 200 382
INFO 2026-02-09 16:06:58,385 log "GET /api/v1/programs/locations/1/programs/ HTTP/1.1" 200 590
INFO 2026-02-09 16:07:04,380 log "GET /api/v1/programs/locations/ HTTP/1.1" 200 174
INFO 2026-02-09 16:07:04,394 log "GET /api/v1/programs/locations/ HTTP/1.1" 200 174
INFO 2026-02-09 16:07:04,681 log "GET /api/v1/programs/locations/ HTTP/1.1" 200 174
INFO 2026-02-09 16:10:57,365 log "GET /api/v1/programs/locations/1/ HTTP/1.1" 200 382
INFO 2026-02-09 16:10:57,376 log "GET /api/v1/programs/locations/1/programs/ HTTP/1.1" 200 590
INFO 2026-02-09 16:10:57,390 log "GET /api/v1/programs/locations/1/ HTTP/1.1" 200 382
INFO 2026-02-09 16:10:57,409 log "GET /api/v1/programs/locations/1/programs/ HTTP/1.1" 200 590
INFO 2026-02-09 16:10:59,759 log "GET /api/v1/programs/locations/ HTTP/1.1" 200 174
INFO 2026-02-09 16:10:59,774 log "GET /api/v1/programs/locations/ HTTP/1.1" 200 174
INFO 2026-02-09 16:11:00,059 log "GET /api/v1/programs/locations/ HTTP/1.1" 200 174
INFO 2026-02-09 16:13:55,258 autoreload /home/roger/Project/YouthProgramImpactVirsualizer/apps/programs/views.py changed, reloading.
INFO 2026-02-09 16:13:56,088 autoreload Watching for file changes with StatReloader
INFO 2026-02-09 16:16:33,299 log "OPTIONS /api/v1/programs/locations/stats/ HTTP/1.1" 200 0
INFO 2026-02-09 16:16:33,320 log "GET /api/v1/programs/locations/stats/ HTTP/1.1" 200 265
INFO 2026-02-09 16:16:33,324 log "GET /api/v1/programs/locations/ HTTP/1.1" 200 174
INFO 2026-02-09 16:16:34,287 log "GET /api/v1/programs/locations/ HTTP/1.1" 200 174
INFO 2026-02-09 16:18:27,794 log "GET /api/v1/programs/locations/ HTTP/1.1" 200 174
INFO 2026-02-09 16:18:27,798 log "GET /api/v1/programs/locations/stats/ HTTP/1.1" 200 265
INFO 2026-02-09 16:18:27,806 log "GET /api/v1/programs/locations/ HTTP/1.1" 200 174
INFO 2026-02-09 16:18:27,811 log "GET /api/v1/programs/locations/stats/ HTTP/1.1" 200 265
INFO 2026-02-09 16:18:28,096 log "GET /api/v1/programs/locations/ HTTP/1.1" 200 174
INFO 2026-02-09 16:19:08,216 log "GET /api/v1/programs/locations/ HTTP/1.1" 200 174
INFO 2026-02-09 16:19:08,217 log "GET /api/v1/programs/locations/stats/ HTTP/1.1" 200 265
INFO 2026-02-09 16:19:08,230 log "GET /api/v1/programs/locations/ HTTP/1.1" 200 174
INFO 2026-02-09 16:19:08,236 log "GET /api/v1/programs/locations/stats/ HTTP/1.1" 200 265
INFO 2026-02-09 16:19:08,518 log "GET /api/v1/programs/locations/ HTTP/1.1" 200 174
INFO 2026-02-09 16:21:47,330 log "GET /api/v1/programs/locations/ HTTP/1.1" 200 174
INFO 2026-02-09 16:21:47,336 log "GET /api/v1/programs/locations/stats/ HTTP/1.1" 200 265
INFO 2026-02-09 16:21:48,277 log "GET /api/v1/programs/locations/ HTTP/1.1" 200 174
INFO 2026-02-09 16:27:38,036 log "OPTIONS /api/v1/programs/locations/1/toggle_active/ HTTP/1.1" 200 0
INFO 2026-02-09 16:27:38,056 log "POST /api/v1/programs/locations/1/toggle_active/ HTTP/1.1" 200 469
INFO 2026-02-09 16:27:41,515 log "POST /api/v1/programs/locations/1/toggle_active/ HTTP/1.1" 200 466
INFO 2026-02-09 16:27:54,173 log "OPTIONS /api/v1/programs/programs/ HTTP/1.1" 200 0
INFO 2026-02-09 16:27:54,173 log "OPTIONS /api/v1/programs/programs/ HTTP/1.1" 200 0
INFO 2026-02-09 16:27:54,195 log "GET /api/v1/programs/locations/ HTTP/1.1" 200 174
INFO 2026-02-09 16:27:54,221 log "GET /api/v1/programs/programs/stats/ HTTP/1.1" 200 257
INFO 2026-02-09 16:27:54,224 log "GET /api/v1/programs/programs/ HTTP/1.1" 200 640
INFO 2026-02-09 16:27:54,235 log "GET /api/v1/programs/locations/ HTTP/1.1" 200 174
INFO 2026-02-09 16:27:54,245 log "GET /api/v1/programs/programs/stats/ HTTP/1.1" 200 257
INFO 2026-02-09 16:27:54,283 log "GET /api/v1/programs/programs/ HTTP/1.1" 200 640
INFO 2026-02-09 16:27:54,481 log "GET /api/v1/programs/programs/ HTTP/1.1" 200 640
INFO 2026-02-09 16:28:00,693 log "GET /api/v1/programs/locations/ HTTP/1.1" 200 174
INFO 2026-02-09 16:28:00,721 log "GET /api/v1/programs/programs/ HTTP/1.1" 200 640
INFO 2026-02-09 16:28:00,722 log "GET /api/v1/programs/programs/stats/ HTTP/1.1" 200 257
INFO 2026-02-09 16:28:00,743 log "GET /api/v1/programs/locations/ HTTP/1.1" 200 174
INFO 2026-02-09 16:28:00,770 log "GET /api/v1/programs/programs/stats/ HTTP/1.1" 200 257
INFO 2026-02-09 16:28:00,771 log "GET /api/v1/programs/programs/ HTTP/1.1" 200 640
INFO 2026-02-09 16:28:00,980 log "GET /api/v1/programs/programs/ HTTP/1.1" 200 640
INFO 2026-02-09 16:28:03,645 log "GET /api/v1/programs/milestones/ HTTP/1.1" 200 281
INFO 2026-02-09 16:28:03,656 log "GET /api/v1/programs/programs/ HTTP/1.1" 200 640
INFO 2026-02-09 16:28:03,689 log "GET /api/v1/programs/milestones/ HTTP/1.1" 200 281
INFO 2026-02-09 16:28:03,694 log "GET /api/v1/programs/programs/ HTTP/1.1" 200 640
INFO 2026-02-09 16:28:03,934 log "GET /api/v1/programs/milestones/ HTTP/1.1" 200 281
INFO 2026-02-09 16:28:21,816 log "GET /api/v1/programs/milestones/1/ HTTP/1.1" 200 229
INFO 2026-02-09 16:28:21,832 log "GET /api/v1/programs/milestones/1/ HTTP/1.1" 200 229
INFO 2026-02-09 16:28:24,853 log "OPTIONS /api/v1/programs/programs/2/summary/ HTTP/1.1" 200 0
INFO 2026-02-09 16:28:24,857 log "OPTIONS /api/v1/programs/programs/2/ HTTP/1.1" 200 0
INFO 2026-02-09 16:28:24,857 log "OPTIONS /api/v1/programs/programs/2/summary/ HTTP/1.1" 200 0
INFO 2026-02-09 16:28:24,858 log "OPTIONS /api/v1/programs/programs/2/ HTTP/1.1" 200 0
INFO 2026-02-09 16:28:24,900 log "GET /api/v1/programs/programs/2/summary/ HTTP/1.1" 200 306
INFO 2026-02-09 16:28:24,909 log "GET /api/v1/programs/programs/2/ HTTP/1.1" 200 807
INFO 2026-02-09 16:28:24,977 log "GET /api/v1/programs/programs/2/summary/ HTTP/1.1" 200 306
INFO 2026-02-09 16:28:24,980 log "GET /api/v1/programs/programs/2/ HTTP/1.1" 200 807
INFO 2026-02-09 16:28:27,780 log "GET /api/v1/programs/locations/ HTTP/1.1" 200 174
INFO 2026-02-09 16:28:27,805 log "GET /api/v1/programs/programs/stats/ HTTP/1.1" 200 257
INFO 2026-02-09 16:28:27,805 log "GET /api/v1/programs/programs/ HTTP/1.1" 200 640
INFO 2026-02-09 16:28:27,814 log "GET /api/v1/programs/locations/ HTTP/1.1" 200 174
INFO 2026-02-09 16:28:27,853 log "GET /api/v1/programs/programs/ HTTP/1.1" 200 640
INFO 2026-02-09 16:28:27,859 log "GET /api/v1/programs/programs/stats/ HTTP/1.1" 200 257
INFO 2026-02-09 16:28:28,068 log "GET /api/v1/programs/programs/ HTTP/1.1" 200 640
INFO 2026-02-09 16:28:34,772 log "GET /api/v1/programs/milestones/ HTTP/1.1" 200 281
INFO 2026-02-09 16:28:34,799 log "GET /api/v1/programs/programs/ HTTP/1.1" 200 640
INFO 2026-02-09 16:28:34,801 log "GET /api/v1/programs/milestones/ HTTP/1.1" 200 281
INFO 2026-02-09 16:28:34,828 log "GET /api/v1/programs/programs/ HTTP/1.1" 200 640
INFO 2026-02-09 16:28:35,063 log "GET /api/v1/programs/milestones/ HTTP/1.1" 200 281
INFO 2026-02-09 16:28:39,484 log "GET /api/v1/programs/locations/ HTTP/1.1" 200 174
INFO 2026-02-09 16:28:39,494 log "GET /api/v1/programs/programs/ HTTP/1.1" 200 640
INFO 2026-02-09 16:28:39,497 log "GET /api/v1/programs/programs/stats/ HTTP/1.1" 200 257
INFO 2026-02-09 16:28:39,537 log "GET /api/v1/programs/locations/ HTTP/1.1" 200 174
INFO 2026-02-09 16:28:39,560 log "GET /api/v1/programs/programs/ HTTP/1.1" 200 640
INFO 2026-02-09 16:28:39,571 log "GET /api/v1/programs/programs/stats/ HTTP/1.1" 200 257
INFO 2026-02-09 16:28:39,762 log "GET /api/v1/programs/programs/ HTTP/1.1" 200 640
INFO 2026-02-09 16:28:43,612 log "GET /api/v1/programs/milestones/ HTTP/1.1" 200 281
INFO 2026-02-09 16:28:43,626 log "GET /api/v1/programs/programs/ HTTP/1.1" 200 640
INFO 2026-02-09 16:28:43,629 log "GET /api/v1/programs/milestones/ HTTP/1.1" 200 281
INFO 2026-02-09 16:28:43,648 log "GET /api/v1/programs/programs/ HTTP/1.1" 200 640
INFO 2026-02-09 16:28:43,898 log "GET /api/v1/programs/milestones/ HTTP/1.1" 200 281
INFO 2026-02-09 16:30:46,207 autoreload /home/roger/Project/YouthProgramImpactVirsualizer/apps/participants/views.py changed, reloading.
INFO 2026-02-09 16:30:47,000 autoreload Watching for file changes with StatReloader
INFO 2026-02-09 16:30:53,753 autoreload /home/roger/Project/YouthProgramImpactVirsualizer/apps/participants/views.py changed, reloading.
INFO 2026-02-09 16:30:54,252 autoreload Watching for file changes with StatReloader
INFO 2026-02-09 16:31:00,820 autoreload /home/roger/Project/YouthProgramImpactVirsualizer/apps/participants/views.py changed, reloading.
INFO 2026-02-09 16:31:01,323 autoreload Watching for file changes with StatReloader
WARNING 2026-02-09 16:41:54,908 log Unauthorized: /api/v1/programs/programs/
WARNING 2026-02-09 16:41:54,909 log Unauthorized: /api/v1/programs/milestones/
WARNING 2026-02-09 16:41:54,909 log "GET /api/v1/programs/programs/ HTTP/1.1" 401 172
WARNING 2026-02-09 16:41:54,909 log "GET /api/v1/programs/milestones/ HTTP/1.1" 401 172
WARNING 2026-02-09 16:41:54,914 log Unauthorized: /api/v1/programs/programs/
WARNING 2026-02-09 16:41:54,916 log Unauthorized: /api/v1/programs/milestones/
WARNING 2026-02-09 16:41:54,917 log "GET /api/v1/programs/programs/ HTTP/1.1" 401 172
WARNING 2026-02-09 16:41:54,919 log "GET /api/v1/programs/milestones/ HTTP/1.1" 401 172
INFO 2026-02-09 16:41:54,929 log "POST /api/v1/auth/refresh/ HTTP/1.1" 200 489
INFO 2026-02-09 16:41:54,931 log "POST /api/v1/auth/refresh/ HTTP/1.1" 200 489
INFO 2026-02-09 16:41:54,931 log "POST /api/v1/auth/refresh/ HTTP/1.1" 200 489
INFO 2026-02-09 16:41:54,967 log "POST /api/v1/auth/refresh/ HTTP/1.1" 200 489
INFO 2026-02-09 16:41:54,978 log "GET /api/v1/programs/programs/ HTTP/1.1" 200 640
INFO 2026-02-09 16:41:54,992 log "GET /api/v1/programs/milestones/ HTTP/1.1" 200 281
INFO 2026-02-09 16:41:55,048 log "GET /api/v1/programs/programs/ HTTP/1.1" 200 640
INFO 2026-02-09 16:41:55,065 log "GET /api/v1/programs/milestones/ HTTP/1.1" 200 281
INFO 2026-02-09 16:41:55,193 log "GET /api/v1/programs/milestones/ HTTP/1.1" 200 281
INFO 2026-02-09 16:42:37,219 log "GET /api/v1/programs/milestones/1/ HTTP/1.1" 200 229
INFO 2026-02-09 16:42:37,233 log "GET /api/v1/programs/milestones/1/ HTTP/1.1" 200 229
INFO 2026-02-09 16:42:43,698 log "GET /api/v1/programs/milestones/ HTTP/1.1" 200 281
INFO 2026-02-09 16:42:43,721 log "GET /api/v1/programs/programs/ HTTP/1.1" 200 640
INFO 2026-02-09 16:42:43,722 log "GET /api/v1/programs/milestones/ HTTP/1.1" 200 281
INFO 2026-02-09 16:42:43,748 log "GET /api/v1/programs/programs/ HTTP/1.1" 200 640
INFO 2026-02-09 16:42:43,990 log "GET /api/v1/programs/milestones/ HTTP/1.1" 200 281
INFO 2026-02-09 16:42:50,069 log "GET /api/v1/programs/milestones/1/ HTTP/1.1" 200 229
INFO 2026-02-09 16:42:50,079 log "GET /api/v1/programs/programs/active/ HTTP/1.1" 200 590
INFO 2026-02-09 16:42:50,097 log "GET /api/v1/programs/milestones/1/ HTTP/1.1" 200 229
INFO 2026-02-09 16:42:50,115 log "GET /api/v1/programs/programs/active/ HTTP/1.1" 200 590
INFO 2026-02-09 16:42:55,920 log "GET /api/v1/programs/milestones/1/ HTTP/1.1" 200 229
INFO 2026-02-09 16:42:55,946 log "GET /api/v1/programs/milestones/1/ HTTP/1.1" 200 229
INFO 2026-02-09 16:42:57,062 log "GET /api/v1/programs/milestones/ HTTP/1.1" 200 281
INFO 2026-02-09 16:42:57,069 log "GET /api/v1/programs/programs/ HTTP/1.1" 200 640
INFO 2026-02-09 16:42:57,084 log "GET /api/v1/programs/milestones/ HTTP/1.1" 200 281
INFO 2026-02-09 16:42:57,104 log "GET /api/v1/programs/programs/ HTTP/1.1" 200 640
INFO 2026-02-09 16:42:57,348 log "GET /api/v1/programs/milestones/ HTTP/1.1" 200 281
INFO 2026-02-09 16:49:13,374 autoreload /home/roger/Project/YouthProgramImpactVirsualizer/apps/config/urls.py changed, reloading.
INFO 2026-02-09 16:49:14,059 autoreload Watching for file changes with StatReloader
INFO 2026-02-09 17:32:56,352 log "OPTIONS /api/v1/programs/locations/ HTTP/1.1" 200 0
INFO 2026-02-09 17:32:56,353 log "OPTIONS /api/v1/programs/locations/ HTTP/1.1" 200 0
INFO 2026-02-09 17:32:56,376 log "GET /api/v1/programs/locations/ HTTP/1.1" 200 174
INFO 2026-02-09 17:32:56,378 log "GET /api/v1/programs/locations/stats/ HTTP/1.1" 200 265
INFO 2026-02-09 17:32:56,385 log "GET /api/v1/programs/locations/stats/ HTTP/1.1" 200 265
INFO 2026-02-09 17:32:56,424 log "GET /api/v1/programs/locations/ HTTP/1.1" 200 174
INFO 2026-02-09 17:32:56,653 log "GET /api/v1/programs/locations/ HTTP/1.1" 200 174
INFO 2026-02-09 17:33:00,238 log "GET /api/v1/programs/milestones/ HTTP/1.1" 200 281
INFO 2026-02-09 17:33:00,240 log "GET /api/v1/programs/programs/ HTTP/1.1" 200 640
INFO 2026-02-09 17:33:00,254 log "GET /api/v1/programs/milestones/ HTTP/1.1" 200 281
INFO 2026-02-09 17:33:00,264 log "GET /api/v1/programs/programs/ HTTP/1.1" 200 640
INFO 2026-02-09 17:33:00,536 log "GET /api/v1/programs/milestones/ HTTP/1.1" 200 281
INFO 2026-02-09 17:33:10,364 log "GET /api/v1/programs/locations/ HTTP/1.1" 200 174
INFO 2026-02-09 17:33:10,366 log "GET /api/v1/programs/locations/stats/ HTTP/1.1" 200 265
INFO 2026-02-09 17:33:10,381 log "GET /api/v1/programs/locations/ HTTP/1.1" 200 174
INFO 2026-02-09 17:33:10,392 log "GET /api/v1/programs/locations/stats/ HTTP/1.1" 200 265
INFO 2026-02-09 17:33:10,655 log "GET /api/v1/programs/locations/ HTTP/1.1" 200 174
INFO 2026-02-09 17:33:15,089 log "GET /api/v1/programs/locations/ HTTP/1.1" 200 174
INFO 2026-02-09 17:33:15,102 log "GET /api/v1/programs/programs/ HTTP/1.1" 200 640
INFO 2026-02-09 17:33:15,104 log "GET /api/v1/programs/programs/stats/ HTTP/1.1" 200 257
INFO 2026-02-09 17:33:15,105 log "GET /api/v1/programs/locations/ HTTP/1.1" 200 174
INFO 2026-02-09 17:33:15,121 log "GET /api/v1/programs/programs/ HTTP/1.1" 200 640
INFO 2026-02-09 17:33:15,126 log "GET /api/v1/programs/programs/stats/ HTTP/1.1" 200 257
INFO 2026-02-09 17:33:15,403 log "GET /api/v1/programs/programs/ HTTP/1.1" 200 640
INFO 2026-02-09 17:33:27,039 log "OPTIONS /api/v1/programs/programs/2/change_status/ HTTP/1.1" 200 0
INFO 2026-02-09 17:33:27,060 log "POST /api/v1/programs/programs/2/change_status/ HTTP/1.1" 200 882
INFO 2026-02-09 17:33:39,100 log "OPTIONS /api/v1/programs/programs/1/change_status/ HTTP/1.1" 200 0
INFO 2026-02-09 17:33:39,124 log "POST /api/v1/programs/programs/1/change_status/ HTTP/1.1" 200 653
INFO 2026-02-09 17:33:49,172 log "GET /api/v1/programs/milestones/ HTTP/1.1" 200 281
INFO 2026-02-09 17:33:49,178 log "GET /api/v1/programs/programs/ HTTP/1.1" 200 638
INFO 2026-02-09 17:33:49,190 log "GET /api/v1/programs/milestones/ HTTP/1.1" 200 281
INFO 2026-02-09 17:33:49,210 log "GET /api/v1/programs/programs/ HTTP/1.1" 200 638
INFO 2026-02-09 17:33:49,451 log "GET /api/v1/programs/milestones/ HTTP/1.1" 200 281
INFO 2026-02-09 17:33:53,758 log "GET /api/v1/programs/milestones/1/ HTTP/1.1" 200 229
INFO 2026-02-09 17:33:53,778 log "GET /api/v1/programs/milestones/1/ HTTP/1.1" 200 229
INFO 2026-02-09 17:33:58,948 log "GET /api/v1/programs/milestones/ HTTP/1.1" 200 281
INFO 2026-02-09 17:33:58,963 log "GET /api/v1/programs/programs/ HTTP/1.1" 200 638
INFO 2026-02-09 17:33:58,975 log "GET /api/v1/programs/milestones/ HTTP/1.1" 200 281
INFO 2026-02-09 17:33:58,988 log "GET /api/v1/programs/programs/ HTTP/1.1" 200 638
INFO 2026-02-09 17:33:59,236 log "GET /api/v1/programs/milestones/ HTTP/1.1" 200 281
INFO 2026-02-09 17:34:03,522 log "GET /api/v1/programs/locations/ HTTP/1.1" 200 174
INFO 2026-02-09 17:34:03,533 log "GET /api/v1/programs/programs/stats/ HTTP/1.1" 200 257
INFO 2026-02-09 17:34:03,538 log "GET /api/v1/programs/programs/ HTTP/1.1" 200 638
INFO 2026-02-09 17:34:03,556 log "GET /api/v1/programs/locations/ HTTP/1.1" 200 174
INFO 2026-02-09 17:34:03,576 log "GET /api/v1/programs/programs/stats/ HTTP/1.1" 200 257
INFO 2026-02-09 17:34:03,578 log "GET /api/v1/programs/programs/ HTTP/1.1" 200 638
INFO 2026-02-09 17:34:03,784 log "GET /api/v1/programs/programs/ HTTP/1.1" 200 638
WARNING 2026-02-09 18:43:42,499 log Unauthorized: /api/v1/programs/locations/
INFO 2026-02-09 18:43:42,500 log "OPTIONS /api/v1/programs/locations/stats/ HTTP/1.1" 200 0
INFO 2026-02-09 18:43:42,501 log "OPTIONS /api/v1/programs/locations/stats/ HTTP/1.1" 200 0
WARNING 2026-02-09 18:43:42,507 log Unauthorized: /api/v1/programs/locations/stats/
WARNING 2026-02-09 18:43:42,508 log "GET /api/v1/programs/locations/ HTTP/1.1" 401 172
WARNING 2026-02-09 18:43:42,508 log "GET /api/v1/programs/locations/stats/ HTTP/1.1" 401 172
WARNING 2026-02-09 18:43:42,511 log Unauthorized: /api/v1/programs/locations/
WARNING 2026-02-09 18:43:42,512 log "GET /api/v1/programs/locations/ HTTP/1.1" 401 172
INFO 2026-02-09 18:43:42,514 log "OPTIONS /api/v1/auth/refresh/ HTTP/1.1" 200 0
WARNING 2026-02-09 18:43:42,555 log Unauthorized: /api/v1/programs/locations/stats/
WARNING 2026-02-09 18:43:42,556 log "GET /api/v1/programs/locations/stats/ HTTP/1.1" 401 172
INFO 2026-02-09 18:43:42,581 log "POST /api/v1/auth/refresh/ HTTP/1.1" 200 489
INFO 2026-02-09 18:43:42,583 log "POST /api/v1/auth/refresh/ HTTP/1.1" 200 489
INFO 2026-02-09 18:43:42,584 log "POST /api/v1/auth/refresh/ HTTP/1.1" 200 489
INFO 2026-02-09 18:43:42,608 log "GET /api/v1/programs/locations/ HTTP/1.1" 200 174
INFO 2026-02-09 18:43:42,613 log "POST /api/v1/auth/refresh/ HTTP/1.1" 200 489
INFO 2026-02-09 18:43:42,641 log "GET /api/v1/programs/locations/stats/ HTTP/1.1" 200 265
INFO 2026-02-09 18:43:42,664 log "GET /api/v1/programs/locations/ HTTP/1.1" 200 174
INFO 2026-02-09 18:43:42,700 log "GET /api/v1/programs/locations/stats/ HTTP/1.1" 200 265
INFO 2026-02-09 18:43:42,800 log "GET /api/v1/programs/locations/ HTTP/1.1" 200 174
INFO 2026-02-09 18:43:51,389 log "OPTIONS /api/v1/participants/participants/?gender=&is_active=true&age_min=&age_max=&search= HTTP/1.1" 200 0
INFO 2026-02-09 18:43:51,389 log "OPTIONS /api/v1/participants/participants/stats/ HTTP/1.1" 200 0
INFO 2026-02-09 18:43:51,390 log "OPTIONS /api/v1/participants/participants/?gender=&is_active=true&age_min=&age_max=&search= HTTP/1.1" 200 0
INFO 2026-02-09 18:43:51,391 log "OPTIONS /api/v1/participants/participants/stats/ HTTP/1.1" 200 0
INFO 2026-02-09 18:43:51,415 log "GET /api/v1/participants/participants/?gender=&is_active=true&age_min=&age_max=&search= HTTP/1.1" 200 52
INFO 2026-02-09 18:43:51,428 log "GET /api/v1/participants/participants/stats/ HTTP/1.1" 200 288
INFO 2026-02-09 18:43:51,474 log "GET /api/v1/participants/participants/?gender=&is_active=true&age_min=&age_max=&search= HTTP/1.1" 200 52
INFO 2026-02-09 18:43:51,492 log "GET /api/v1/participants/participants/stats/ HTTP/1.1" 200 288
INFO 2026-02-09 18:45:57,793 log "OPTIONS /api/v1/participants/participants/ HTTP/1.1" 200 0
INFO 2026-02-09 18:45:57,816 log "POST /api/v1/participants/participants/ HTTP/1.1" 201 252
INFO 2026-02-09 18:45:57,864 log "OPTIONS /api/v1/participants/participants/undefined/upload_photo/ HTTP/1.1" 200 0
WARNING 2026-02-09 18:45:59,475 log Not Found: /api/v1/participants/participants/undefined/upload_photo/
WARNING 2026-02-09 18:45:59,475 log "POST /api/v1/participants/participants/undefined/upload_photo/ HTTP/1.1" 404 23
INFO 2026-02-09 18:47:05,723 log "POST /api/v1/participants/participants/ HTTP/1.1" 201 252
WARNING 2026-02-09 18:47:05,737 log Not Found: /api/v1/participants/participants/undefined/upload_photo/
WARNING 2026-02-09 18:47:05,738 log "POST /api/v1/participants/participants/undefined/upload_photo/ HTTP/1.1" 404 23
INFO 2026-02-09 18:48:54,899 log "POST /api/v1/participants/participants/ HTTP/1.1" 201 259
WARNING 2026-02-09 18:48:54,915 log Not Found: /api/v1/participants/participants/undefined/upload_photo/
WARNING 2026-02-09 18:48:54,916 log "POST /api/v1/participants/participants/undefined/upload_photo/ HTTP/1.1" 404 23
INFO 2026-02-09 18:57:24,830 log "POST /api/v1/participants/participants/ HTTP/1.1" 201 249
INFO 2026-02-09 18:58:09,760 autoreload Watching for file changes with StatReloader
INFO 2026-02-09 18:58:15,016 log "POST /api/v1/participants/participants/ HTTP/1.1" 201 249
INFO 2026-02-09 18:58:53,334 log "POST /api/v1/participants/participants/ HTTP/1.1" 201 249
INFO 2026-02-09 19:05:17,148 autoreload /home/roger/Project/YouthProgramImpactVirsualizer/apps/participants/serializers.py changed, reloading.
INFO 2026-02-09 19:05:17,469 autoreload Watching for file changes with StatReloader
INFO 2026-02-09 19:05:22,163 log "POST /api/v1/participants/participants/ HTTP/1.1" 201 256
INFO 2026-02-09 19:05:22,167 log "OPTIONS /api/v1/participants/participants/7/upload_photo/ HTTP/1.1" 200 0
WARNING 2026-02-09 19:05:23,518 log Bad Request: /api/v1/participants/participants/7/upload_photo/
WARNING 2026-02-09 19:05:23,519 log "POST /api/v1/participants/participants/7/upload_photo/ HTTP/1.1" 400 170
INFO 2026-02-09 19:05:25,100 log "OPTIONS /api/v1/participants/participants/7/ HTTP/1.1" 200 0
INFO 2026-02-09 19:05:25,102 log "OPTIONS /api/v1/participants/participants/7/enrollments/ HTTP/1.1" 200 0
INFO 2026-02-09 19:05:25,105 log "OPTIONS /api/v1/participants/participants/7/face_encoding_status/ HTTP/1.1" 200 0
INFO 2026-02-09 19:05:25,105 log "OPTIONS /api/v1/participants/participants/7/face_encoding_status/ HTTP/1.1" 200 0
INFO 2026-02-09 19:05:25,105 log "OPTIONS /api/v1/participants/participants/7/progress/ HTTP/1.1" 200 0
INFO 2026-02-09 19:05:25,106 log "OPTIONS /api/v1/participants/participants/7/ HTTP/1.1" 200 0
INFO 2026-02-09 19:05:25,106 log "OPTIONS /api/v1/participants/participants/7/enrollments/ HTTP/1.1" 200 0
INFO 2026-02-09 19:05:25,106 log "OPTIONS /api/v1/participants/participants/7/progress/ HTTP/1.1" 200 0
INFO 2026-02-09 19:05:25,127 log "GET /api/v1/participants/participants/7/enrollments/ HTTP/1.1" 200 2
INFO 2026-02-09 19:05:25,128 log "GET /api/v1/participants/participants/7/progress/ HTTP/1.1" 200 179
INFO 2026-02-09 19:05:25,129 log "GET /api/v1/participants/participants/7/ HTTP/1.1" 200 515
INFO 2026-02-09 19:05:25,150 log "GET /api/v1/participants/participants/7/face_encoding_status/ HTTP/1.1" 200 155
INFO 2026-02-09 19:05:25,186 log "GET /api/v1/participants/participants/7/enrollments/ HTTP/1.1" 200 2
INFO 2026-02-09 19:05:25,189 log "GET /api/v1/participants/participants/7/ HTTP/1.1" 200 515
INFO 2026-02-09 19:05:25,197 log "GET /api/v1/participants/participants/7/face_encoding_status/ HTTP/1.1" 200 155
INFO 2026-02-09 19:05:25,198 log "GET /api/v1/participants/participants/7/progress/ HTTP/1.1" 200 179
INFO 2026-02-09 19:07:37,214 log "GET /api/v1/participants/participants/7/ HTTP/1.1" 200 515
INFO 2026-02-09 19:07:37,220 log "GET /api/v1/participants/participants/7/ HTTP/1.1" 200 515
INFO 2026-02-09 19:07:45,833 log "PUT /api/v1/participants/participants/7/ HTTP/1.1" 200 515
WARNING 2026-02-09 19:07:46,405 log Bad Request: /api/v1/participants/participants/7/upload_photo/
WARNING 2026-02-09 19:07:46,405 log "POST /api/v1/participants/participants/7/upload_photo/ HTTP/1.1" 400 170
INFO 2026-02-09 19:07:50,021 log "PUT /api/v1/participants/participants/7/ HTTP/1.1" 200 515
WARNING 2026-02-09 19:07:50,605 log Bad Request: /api/v1/participants/participants/7/upload_photo/
WARNING 2026-02-09 19:07:50,605 log "POST /api/v1/participants/participants/7/upload_photo/ HTTP/1.1" 400 170
INFO 2026-02-09 19:19:42,286 log "GET /api/v1/participants/participants/7/ HTTP/1.1" 200 515
INFO 2026-02-09 19:21:26,630 log "GET /api/v1/participants/participants/7/ HTTP/1.1" 200 515
INFO 2026-02-09 19:21:26,636 log "GET /api/v1/participants/participants/7/ HTTP/1.1" 200 515
INFO 2026-02-09 19:22:51,101 log "GET /api/v1/participants/participants/7/enrollments/ HTTP/1.1" 200 2
INFO 2026-02-09 19:22:51,103 log "GET /api/v1/participants/participants/7/face_encoding_status/ HTTP/1.1" 200 155
INFO 2026-02-09 19:22:51,106 log "GET /api/v1/participants/participants/7/ HTTP/1.1" 200 515
INFO 2026-02-09 19:22:51,109 log "GET /api/v1/participants/participants/7/progress/ HTTP/1.1" 200 179
INFO 2026-02-09 19:22:51,121 log "GET /api/v1/participants/participants/7/face_encoding_status/ HTTP/1.1" 200 155
INFO 2026-02-09 19:22:51,122 log "GET /api/v1/participants/participants/7/enrollments/ HTTP/1.1" 200 2
INFO 2026-02-09 19:22:51,126 log "GET /api/v1/participants/participants/7/ HTTP/1.1" 200 515
INFO 2026-02-09 19:22:51,130 log "GET /api/v1/participants/participants/7/progress/ HTTP/1.1" 200 179
INFO 2026-02-09 19:23:05,491 log "OPTIONS /api/v1/auth/logout/ HTTP/1.1" 200 0
WARNING 2026-02-09 19:23:05,499 log Bad Request: /api/v1/auth/logout/
WARNING 2026-02-09 19:23:05,500 log "POST /api/v1/auth/logout/ HTTP/1.1" 400 42
INFO 2026-02-09 19:23:16,420 log "OPTIONS /api/v1/auth/login/ HTTP/1.1" 200 0
INFO 2026-02-09 19:23:16,755 log "POST /api/v1/auth/login/ HTTP/1.1" 200 912
INFO 2026-02-09 19:23:24,541 log "GET /api/v1/participants/participants/?gender=&is_active=true&age_min=&age_max=&search= HTTP/1.1" 200 1209
INFO 2026-02-09 19:23:24,542 log "GET /api/v1/participants/participants/stats/ HTTP/1.1" 200 304
INFO 2026-02-09 19:23:24,552 log "GET /api/v1/participants/participants/?gender=&is_active=true&age_min=&age_max=&search= HTTP/1.1" 200 1209
INFO 2026-02-09 19:23:24,558 log "GET /api/v1/participants/participants/stats/ HTTP/1.1" 200 304
INFO 2026-02-09 19:23:28,330 log "GET /api/v1/participants/participants/?gender=&is_active=true&age_min=&age_max=&search= HTTP/1.1" 200 1209
INFO 2026-02-09 19:23:28,332 log "GET /api/v1/participants/participants/stats/ HTTP/1.1" 200 304
INFO 2026-02-09 19:23:28,344 log "GET /api/v1/participants/participants/?gender=&is_active=true&age_min=&age_max=&search= HTTP/1.1" 200 1209
INFO 2026-02-09 19:23:28,350 log "GET /api/v1/participants/participants/stats/ HTTP/1.1" 200 304
INFO 2026-02-09 19:23:37,046 log "GET /api/v1/participants/participants/?gender=&is_active=true&age_min=&age_max=&search= HTTP/1.1" 200 1209
INFO 2026-02-09 19:23:37,049 log "GET /api/v1/participants/participants/stats/ HTTP/1.1" 200 304
INFO 2026-02-09 19:23:37,063 log "GET /api/v1/participants/participants/?gender=&is_active=true&age_min=&age_max=&search= HTTP/1.1" 200 1209
INFO 2026-02-09 19:23:37,068 log "GET /api/v1/participants/participants/stats/ HTTP/1.1" 200 304
INFO 2026-02-09 19:26:40,030 autoreload /home/roger/Project/YouthProgramImpactVirsualizer/apps/participants/serializers.py changed, reloading.
INFO 2026-02-09 19:26:40,455 autoreload Watching for file changes with StatReloader
INFO 2026-02-09 19:26:46,160 log "GET /api/v1/participants/participants/?gender=&is_active=true&age_min=&age_max=&search= HTTP/1.1" 200 1209
INFO 2026-02-09 19:26:46,160 log "GET /api/v1/participants/participants/stats/ HTTP/1.1" 200 304
INFO 2026-02-09 19:26:46,188 log "GET /api/v1/participants/participants/?gender=&is_active=true&age_min=&age_max=&search= HTTP/1.1" 200 1209
INFO 2026-02-09 19:26:46,189 log "GET /api/v1/participants/participants/stats/ HTTP/1.1" 200 304
INFO 2026-02-09 19:27:04,711 log "GET /api/v1/participants/participants/stats/ HTTP/1.1" 200 304
INFO 2026-02-09 19:27:04,711 log "GET /api/v1/participants/participants/?gender=&is_active=true&age_min=&age_max=&search= HTTP/1.1" 200 1209
INFO 2026-02-09 19:27:04,745 log "GET /api/v1/participants/participants/stats/ HTTP/1.1" 200 304
INFO 2026-02-09 19:27:04,747 log "GET /api/v1/participants/participants/?gender=&is_active=true&age_min=&age_max=&search= HTTP/1.1" 200 1209
INFO 2026-02-09 19:27:59,311 log "GET /api/v1/participants/participants/?gender=&is_active=true&age_min=&age_max=&search= HTTP/1.1" 200 1209
INFO 2026-02-09 19:27:59,313 log "GET /api/v1/participants/participants/stats/ HTTP/1.1" 200 304
INFO 2026-02-09 19:27:59,329 log "GET /api/v1/participants/participants/?gender=&is_active=true&age_min=&age_max=&search= HTTP/1.1" 200 1209
INFO 2026-02-09 19:27:59,336 log "GET /api/v1/participants/participants/stats/ HTTP/1.1" 200 304
INFO 2026-02-09 19:28:03,652 log "GET /api/v1/participants/participants/stats/ HTTP/1.1" 200 304
INFO 2026-02-09 19:28:03,652 log "GET /api/v1/participants/participants/?gender=&is_active=true&age_min=&age_max=&search= HTTP/1.1" 200 1209
INFO 2026-02-09 19:28:03,685 log "GET /api/v1/participants/participants/stats/ HTTP/1.1" 200 304
INFO 2026-02-09 19:28:03,688 log "GET /api/v1/participants/participants/?gender=&is_active=true&age_min=&age_max=&search= HTTP/1.1" 200 1209
INFO 2026-02-09 19:30:10,466 autoreload /home/roger/Project/YouthProgramImpactVirsualizer/apps/participants/serializers.py changed, reloading.
INFO 2026-02-09 19:30:10,786 autoreload Watching for file changes with StatReloader
INFO 2026-02-09 19:30:16,690 log "GET /api/v1/participants/participants/?gender=&is_active=true&age_min=&age_max=&search= HTTP/1.1" 200 1209
INFO 2026-02-09 19:30:16,690 log "GET /api/v1/participants/participants/stats/ HTTP/1.1" 200 304
INFO 2026-02-09 19:30:16,707 log "GET /api/v1/participants/participants/stats/ HTTP/1.1" 200 304
INFO 2026-02-09 19:30:16,710 log "GET /api/v1/participants/participants/?gender=&is_active=true&age_min=&age_max=&search= HTTP/1.1" 200 1209
INFO 2026-02-09 20:48:37,308 log "OPTIONS /api/v1/participants/participants/stats/ HTTP/1.1" 200 0
INFO 2026-02-09 20:48:37,308 log "OPTIONS /api/v1/participants/participants/?gender=&is_active=true&age_min=&age_max=&search= HTTP/1.1" 200 0
INFO 2026-02-09 20:48:37,308 log "OPTIONS /api/v1/participants/participants/?gender=&is_active=true&age_min=&age_max=&search= HTTP/1.1" 200 0
INFO 2026-02-09 20:48:37,308 log "OPTIONS /api/v1/participants/participants/stats/ HTTP/1.1" 200 0
WARNING 2026-02-09 20:48:37,311 log Unauthorized: /api/v1/participants/participants/stats/
WARNING 2026-02-09 20:48:37,313 log Unauthorized: /api/v1/participants/participants/
WARNING 2026-02-09 20:48:37,313 log "GET /api/v1/participants/participants/stats/ HTTP/1.1" 401 172
WARNING 2026-02-09 20:48:37,313 log "GET /api/v1/participants/participants/?gender=&is_active=true&age_min=&age_max=&search= HTTP/1.1" 401 172
WARNING 2026-02-09 20:48:37,359 log Unauthorized: /api/v1/participants/participants/stats/
WARNING 2026-02-09 20:48:37,359 log "GET /api/v1/participants/participants/stats/ HTTP/1.1" 401 172
WARNING 2026-02-09 20:48:37,360 log Unauthorized: /api/v1/participants/participants/
WARNING 2026-02-09 20:48:37,360 log "GET /api/v1/participants/participants/?gender=&is_active=true&age_min=&age_max=&search= HTTP/1.1" 401 172
INFO 2026-02-09 20:48:37,366 log "OPTIONS /api/v1/auth/refresh/ HTTP/1.1" 200 0
INFO 2026-02-09 20:48:37,368 log "OPTIONS /api/v1/auth/refresh/ HTTP/1.1" 200 0
INFO 2026-02-09 20:48:37,370 log "OPTIONS /api/v1/auth/refresh/ HTTP/1.1" 200 0
INFO 2026-02-09 20:48:37,371 log "OPTIONS /api/v1/auth/refresh/ HTTP/1.1" 200 0
INFO 2026-02-09 20:48:37,421 log "POST /api/v1/auth/refresh/ HTTP/1.1" 200 489
INFO 2026-02-09 20:48:37,423 log "POST /api/v1/auth/refresh/ HTTP/1.1" 200 489
INFO 2026-02-09 20:48:37,424 log "POST /api/v1/auth/refresh/ HTTP/1.1" 200 489
INFO 2026-02-09 20:48:37,425 log "POST /api/v1/auth/refresh/ HTTP/1.1" 200 489
INFO 2026-02-09 20:48:37,493 log "GET /api/v1/participants/participants/stats/ HTTP/1.1" 200 304
INFO 2026-02-09 20:48:37,494 log "GET /api/v1/participants/participants/?gender=&is_active=true&age_min=&age_max=&search= HTTP/1.1" 200 1209
INFO 2026-02-09 20:48:37,565 log "GET /api/v1/participants/participants/stats/ HTTP/1.1" 200 304
INFO 2026-02-09 20:48:37,565 log "GET /api/v1/participants/participants/?gender=&is_active=true&age_min=&age_max=&search= HTTP/1.1" 200 1209
INFO 2026-02-09 20:50:12,206 log "GET /api/v1/participants/participants/?gender=&is_active=true&age_min=&age_max=&search= HTTP/1.1" 200 1209
INFO 2026-02-09 20:50:12,206 log "GET /api/v1/participants/participants/stats/ HTTP/1.1" 200 304
INFO 2026-02-09 20:50:12,226 log "GET /api/v1/participants/participants/?gender=&is_active=true&age_min=&age_max=&search= HTTP/1.1" 200 1209
INFO 2026-02-09 20:50:12,226 log "GET /api/v1/participants/participants/stats/ HTTP/1.1" 200 304
INFO 2026-02-09 20:55:11,320 log "GET /api/v1/participants/participants/?gender=&is_active=true&age_min=&age_max=&search= HTTP/1.1" 200 1209
INFO 2026-02-09 20:55:11,320 log "GET /api/v1/participants/participants/stats/ HTTP/1.1" 200 304
INFO 2026-02-09 20:55:11,333 log "GET /api/v1/participants/participants/?gender=&is_active=true&age_min=&age_max=&search= HTTP/1.1" 200 1209
INFO 2026-02-09 20:55:11,338 log "GET /api/v1/participants/participants/stats/ HTTP/1.1" 200 304
INFO 2026-02-09 20:59:08,990 log "DELETE /api/v1/participants/participants/7/ HTTP/1.1" 204 0
INFO 2026-02-09 20:59:09,007 log "GET /api/v1/participants/participants/?gender=&is_active=true&age_min=&age_max=&search= HTTP/1.1" 200 1044
INFO 2026-02-09 20:59:09,013 log "GET /api/v1/participants/participants/stats/ HTTP/1.1" 200 304
INFO 2026-02-09 20:59:09,022 log "GET /api/v1/participants/participants/stats/ HTTP/1.1" 200 304
INFO 2026-02-09 20:59:18,288 log "OPTIONS /api/v1/participants/participants/6/ HTTP/1.1" 200 0
INFO 2026-02-09 20:59:18,333 log "DELETE /api/v1/participants/participants/6/ HTTP/1.1" 204 0
INFO 2026-02-09 20:59:18,389 log "GET /api/v1/participants/participants/?gender=&is_active=true&age_min=&age_max=&search= HTTP/1.1" 200 879
INFO 2026-02-09 20:59:18,391 log "GET /api/v1/participants/participants/stats/ HTTP/1.1" 200 304
INFO 2026-02-09 20:59:18,398 log "GET /api/v1/participants/participants/stats/ HTTP/1.1" 200 304
INFO 2026-02-09 20:59:21,312 log "OPTIONS /api/v1/participants/participants/5/ HTTP/1.1" 200 0
INFO 2026-02-09 20:59:21,324 log "DELETE /api/v1/participants/participants/5/ HTTP/1.1" 204 0
INFO 2026-02-09 20:59:21,389 log "GET /api/v1/participants/participants/?gender=&is_active=true&age_min=&age_max=&search= HTTP/1.1" 200 714
INFO 2026-02-09 20:59:21,392 log "GET /api/v1/participants/participants/stats/ HTTP/1.1" 200 304
INFO 2026-02-09 20:59:21,400 log "GET /api/v1/participants/participants/stats/ HTTP/1.1" 200 304
INFO 2026-02-09 20:59:47,669 log "OPTIONS /api/v1/participants/participants/4/ HTTP/1.1" 200 0
INFO 2026-02-09 20:59:47,669 log "OPTIONS /api/v1/participants/participants/4/progress/ HTTP/1.1" 200 0
INFO 2026-02-09 20:59:47,669 log "OPTIONS /api/v1/participants/participants/4/face_encoding_status/ HTTP/1.1" 200 0
INFO 2026-02-09 20:59:47,670 log "OPTIONS /api/v1/participants/participants/4/enrollments/ HTTP/1.1" 200 0
INFO 2026-02-09 20:59:47,671 log "OPTIONS /api/v1/participants/participants/4/ HTTP/1.1" 200 0
INFO 2026-02-09 20:59:47,671 log "OPTIONS /api/v1/participants/participants/4/enrollments/ HTTP/1.1" 200 0
INFO 2026-02-09 20:59:47,674 log "OPTIONS /api/v1/participants/participants/4/progress/ HTTP/1.1" 200 0
INFO 2026-02-09 20:59:47,679 log "OPTIONS /api/v1/participants/participants/4/face_encoding_status/ HTTP/1.1" 200 0
INFO 2026-02-09 20:59:47,699 log "GET /api/v1/participants/participants/4/face_encoding_status/ HTTP/1.1" 200 155
INFO 2026-02-09 20:59:47,700 log "GET /api/v1/participants/participants/4/enrollments/ HTTP/1.1" 200 2
INFO 2026-02-09 20:59:47,701 log "GET /api/v1/participants/participants/4/ HTTP/1.1" 200 515
INFO 2026-02-09 20:59:47,703 log "GET /api/v1/participants/participants/4/progress/ HTTP/1.1" 200 179
INFO 2026-02-09 20:59:47,757 log "GET /api/v1/participants/participants/4/enrollments/ HTTP/1.1" 200 2
INFO 2026-02-09 20:59:47,758 log "GET /api/v1/participants/participants/4/face_encoding_status/ HTTP/1.1" 200 155
INFO 2026-02-09 20:59:47,766 log "GET /api/v1/participants/participants/4/ HTTP/1.1" 200 515
INFO 2026-02-09 20:59:47,766 log "GET /api/v1/participants/participants/4/progress/ HTTP/1.1" 200 179
INFO 2026-02-09 21:00:48,674 log "OPTIONS /api/v1/participants/participants/4/add_note/ HTTP/1.1" 200 0
WARNING 2026-02-09 21:00:48,682 log Bad Request: /api/v1/participants/participants/4/add_note/
WARNING 2026-02-09 21:00:48,683 log "POST /api/v1/participants/participants/4/add_note/ HTTP/1.1" 400 43
WARNING 2026-02-09 21:00:52,065 log Bad Request: /api/v1/participants/participants/4/add_note/
WARNING 2026-02-09 21:00:52,065 log "POST /api/v1/participants/participants/4/add_note/ HTTP/1.1" 400 43
INFO 2026-02-09 21:01:07,900 log "GET /api/v1/participants/participants/?gender=&is_active=true&age_min=&age_max=&search= HTTP/1.1" 200 714
INFO 2026-02-09 21:01:07,904 log "GET /api/v1/participants/participants/stats/ HTTP/1.1" 200 304
INFO 2026-02-09 21:01:07,912 log "GET /api/v1/participants/participants/?gender=&is_active=true&age_min=&age_max=&search= HTTP/1.1" 200 714
INFO 2026-02-09 21:01:07,921 log "GET /api/v1/participants/participants/stats/ HTTP/1.1" 200 304
INFO 2026-02-09 21:01:20,342 log "OPTIONS /api/v1/programs/locations/ HTTP/1.1" 200 0
INFO 2026-02-09 21:01:20,343 log "OPTIONS /api/v1/programs/locations/ HTTP/1.1" 200 0
INFO 2026-02-09 21:01:20,343 log "OPTIONS /api/v1/programs/locations/stats/ HTTP/1.1" 200 0
INFO 2026-02-09 21:01:20,343 log "OPTIONS /api/v1/programs/locations/stats/ HTTP/1.1" 200 0
INFO 2026-02-09 21:01:20,376 log "GET /api/v1/programs/locations/ HTTP/1.1" 200 174
INFO 2026-02-09 21:01:20,378 log "GET /api/v1/programs/locations/stats/ HTTP/1.1" 200 265
INFO 2026-02-09 21:01:20,428 log "GET /api/v1/programs/locations/ HTTP/1.1" 200 174
INFO 2026-02-09 21:01:20,429 log "GET /api/v1/programs/locations/stats/ HTTP/1.1" 200 265
INFO 2026-02-09 21:01:20,653 log "GET /api/v1/programs/locations/ HTTP/1.1" 200 174
INFO 2026-02-09 21:01:28,595 log "OPTIONS /api/v1/programs/programs/stats/ HTTP/1.1" 200 0
INFO 2026-02-09 21:01:28,595 log "OPTIONS /api/v1/programs/programs/ HTTP/1.1" 200 0
INFO 2026-02-09 21:01:28,595 log "OPTIONS /api/v1/programs/programs/stats/ HTTP/1.1" 200 0
INFO 2026-02-09 21:01:28,596 log "OPTIONS /api/v1/programs/programs/ HTTP/1.1" 200 0
INFO 2026-02-09 21:01:28,602 log "GET /api/v1/programs/locations/ HTTP/1.1" 200 174
INFO 2026-02-09 21:01:28,616 log "GET /api/v1/programs/programs/ HTTP/1.1" 200 638
INFO 2026-02-09 21:01:28,618 log "GET /api/v1/programs/locations/ HTTP/1.1" 200 174
INFO 2026-02-09 21:01:28,620 log "GET /api/v1/programs/programs/stats/ HTTP/1.1" 200 257
INFO 2026-02-09 21:01:28,683 log "GET /api/v1/programs/programs/stats/ HTTP/1.1" 200 257
INFO 2026-02-09 21:01:28,683 log "GET /api/v1/programs/programs/ HTTP/1.1" 200 638
INFO 2026-02-09 21:01:28,911 log "GET /api/v1/programs/programs/ HTTP/1.1" 200 638
INFO 2026-02-09 21:01:39,987 log "OPTIONS /api/v1/programs/milestones/ HTTP/1.1" 200 0
INFO 2026-02-09 21:01:39,987 log "OPTIONS /api/v1/programs/milestones/ HTTP/1.1" 200 0
INFO 2026-02-09 21:01:40,000 log "GET /api/v1/programs/milestones/ HTTP/1.1" 200 281
INFO 2026-02-09 21:01:40,000 log "GET /api/v1/programs/programs/ HTTP/1.1" 200 638
INFO 2026-02-09 21:01:40,011 log "GET /api/v1/programs/programs/ HTTP/1.1" 200 638
INFO 2026-02-09 21:01:40,044 log "GET /api/v1/programs/milestones/ HTTP/1.1" 200 281
INFO 2026-02-09 21:01:40,299 log "GET /api/v1/programs/milestones/ HTTP/1.1" 200 281
INFO 2026-02-09 21:01:45,242 log "GET /api/v1/programs/locations/ HTTP/1.1" 200 174
INFO 2026-02-09 21:01:45,244 log "GET /api/v1/programs/locations/stats/ HTTP/1.1" 200 265
INFO 2026-02-09 21:01:45,250 log "GET /api/v1/programs/locations/ HTTP/1.1" 200 174
INFO 2026-02-09 21:01:45,253 log "GET /api/v1/programs/locations/stats/ HTTP/1.1" 200 265
INFO 2026-02-09 21:01:45,540 log "GET /api/v1/programs/locations/ HTTP/1.1" 200 174
INFO 2026-02-09 21:04:28,821 log "GET /api/v1/programs/milestones/ HTTP/1.1" 200 281
INFO 2026-02-09 21:04:28,825 log "GET /api/v1/programs/programs/ HTTP/1.1" 200 638
INFO 2026-02-09 21:04:28,830 log "GET /api/v1/programs/milestones/ HTTP/1.1" 200 281
INFO 2026-02-09 21:04:28,838 log "GET /api/v1/programs/programs/ HTTP/1.1" 200 638
INFO 2026-02-09 21:04:29,114 log "GET /api/v1/programs/milestones/ HTTP/1.1" 200 281
INFO 2026-02-09 21:04:32,785 log "GET /api/v1/programs/locations/ HTTP/1.1" 200 174
INFO 2026-02-09 21:04:32,786 log "GET /api/v1/programs/locations/stats/ HTTP/1.1" 200 265
INFO 2026-02-09 21:04:32,796 log "GET /api/v1/programs/locations/ HTTP/1.1" 200 174
INFO 2026-02-09 21:04:32,796 log "GET /api/v1/programs/locations/stats/ HTTP/1.1" 200 265
INFO 2026-02-09 21:04:33,094 log "GET /api/v1/programs/locations/ HTTP/1.1" 200 174
INFO 2026-02-09 21:04:36,460 log "GET /api/v1/programs/locations/ HTTP/1.1" 200 174
INFO 2026-02-09 21:04:36,460 log "GET /api/v1/programs/programs/ HTTP/1.1" 200 638
INFO 2026-02-09 21:04:36,464 log "GET /api/v1/programs/programs/stats/ HTTP/1.1" 200 257
INFO 2026-02-09 21:04:36,476 log "GET /api/v1/programs/locations/ HTTP/1.1" 200 174
INFO 2026-02-09 21:04:36,477 log "GET /api/v1/programs/programs/ HTTP/1.1" 200 638
INFO 2026-02-09 21:04:36,481 log "GET /api/v1/programs/programs/stats/ HTTP/1.1" 200 257
INFO 2026-02-09 21:04:36,754 log "GET /api/v1/programs/programs/ HTTP/1.1" 200 638
INFO 2026-02-09 21:04:45,510 log "OPTIONS /api/v1/auth/ HTTP/1.1" 200 0
INFO 2026-02-09 21:04:45,510 log "OPTIONS /api/v1/auth/ HTTP/1.1" 200 0
INFO 2026-02-09 21:04:45,511 log "OPTIONS /api/v1/auth/stats/ HTTP/1.1" 200 0
INFO 2026-02-09 21:04:45,511 log "OPTIONS /api/v1/auth/stats/ HTTP/1.1" 200 0
INFO 2026-02-09 21:04:45,520 log "GET /api/v1/auth/stats/ HTTP/1.1" 200 158
INFO 2026-02-09 21:04:45,523 log "GET /api/v1/auth/ HTTP/1.1" 200 863
INFO 2026-02-09 21:04:45,576 log "GET /api/v1/auth/stats/ HTTP/1.1" 200 158
INFO 2026-02-09 21:04:45,579 log "GET /api/v1/auth/ HTTP/1.1" 200 863
INFO 2026-02-09 21:04:45,816 log "GET /api/v1/auth/ HTTP/1.1" 200 863
INFO 2026-02-09 21:05:15,764 log "GET /api/v1/programs/locations/ HTTP/1.1" 200 174
INFO 2026-02-09 21:05:15,764 log "GET /api/v1/programs/locations/stats/ HTTP/1.1" 200 265
INFO 2026-02-09 21:05:15,774 log "GET /api/v1/programs/locations/ HTTP/1.1" 200 174
INFO 2026-02-09 21:05:15,776 log "GET /api/v1/programs/locations/stats/ HTTP/1.1" 200 265
INFO 2026-02-09 21:05:16,057 log "GET /api/v1/programs/locations/ HTTP/1.1" 200 174
INFO 2026-02-09 21:07:24,679 log "GET /api/v1/participants/participants/?gender=&is_active=true&age_min=&age_max=&search= HTTP/1.1" 200 714
INFO 2026-02-09 21:07:24,683 log "GET /api/v1/participants/participants/stats/ HTTP/1.1" 200 304
INFO 2026-02-09 21:07:24,689 log "GET /api/v1/participants/participants/?gender=&is_active=true&age_min=&age_max=&search= HTTP/1.1" 200 714
INFO 2026-02-09 21:07:24,694 log "GET /api/v1/participants/participants/stats/ HTTP/1.1" 200 304
INFO 2026-02-09 21:07:30,475 log "OPTIONS /api/v1/participants/participants/1/ HTTP/1.1" 200 0
INFO 2026-02-09 21:07:30,489 log "DELETE /api/v1/participants/participants/1/ HTTP/1.1" 204 0
INFO 2026-02-09 21:07:30,548 log "GET /api/v1/participants/participants/?gender=&is_active=true&age_min=&age_max=&search= HTTP/1.1" 200 548
INFO 2026-02-09 21:07:30,550 log "GET /api/v1/participants/participants/stats/ HTTP/1.1" 200 304
INFO 2026-02-09 21:07:30,560 log "GET /api/v1/participants/participants/stats/ HTTP/1.1" 200 304
INFO 2026-02-09 21:07:32,936 log "OPTIONS /api/v1/participants/participants/2/ HTTP/1.1" 200 0
INFO 2026-02-09 21:07:32,958 log "DELETE /api/v1/participants/participants/2/ HTTP/1.1" 204 0
INFO 2026-02-09 21:07:33,016 log "GET /api/v1/participants/participants/?gender=&is_active=true&age_min=&age_max=&search= HTTP/1.1" 200 382
INFO 2026-02-09 21:07:33,020 log "GET /api/v1/participants/participants/stats/ HTTP/1.1" 200 304
INFO 2026-02-09 21:07:33,027 log "GET /api/v1/participants/participants/stats/ HTTP/1.1" 200 304
INFO 2026-02-09 21:07:35,286 log "OPTIONS /api/v1/participants/participants/3/ HTTP/1.1" 200 0
INFO 2026-02-09 21:07:35,309 log "DELETE /api/v1/participants/participants/3/ HTTP/1.1" 204 0
INFO 2026-02-09 21:07:35,367 log "GET /api/v1/participants/participants/?gender=&is_active=true&age_min=&age_max=&search= HTTP/1.1" 200 216
INFO 2026-02-09 21:07:35,373 log "GET /api/v1/participants/participants/stats/ HTTP/1.1" 200 304
INFO 2026-02-09 21:07:35,380 log "GET /api/v1/participants/participants/stats/ HTTP/1.1" 200 304
INFO 2026-02-09 21:07:37,684 log "GET /api/v1/participants/participants/4/enrollments/ HTTP/1.1" 200 2
INFO 2026-02-09 21:07:37,686 log "GET /api/v1/participants/participants/4/face_encoding_status/ HTTP/1.1" 200 155
INFO 2026-02-09 21:07:37,690 log "GET /api/v1/participants/participants/4/ HTTP/1.1" 200 515
INFO 2026-02-09 21:07:37,691 log "GET /api/v1/participants/participants/4/progress/ HTTP/1.1" 200 179
INFO 2026-02-09 21:07:37,696 log "GET /api/v1/participants/participants/4/enrollments/ HTTP/1.1" 200 2
INFO 2026-02-09 21:07:37,698 log "GET /api/v1/participants/participants/4/face_encoding_status/ HTTP/1.1" 200 155
INFO 2026-02-09 21:07:37,712 log "GET /api/v1/participants/participants/4/ HTTP/1.1" 200 515
INFO 2026-02-09 21:07:37,713 log "GET /api/v1/participants/participants/4/progress/ HTTP/1.1" 200 179
WARNING 2026-02-09 21:07:59,609 log Bad Request: /api/v1/participants/participants/4/add_note/
WARNING 2026-02-09 21:07:59,610 log "POST /api/v1/participants/participants/4/add_note/ HTTP/1.1" 400 43
WARNING 2026-02-09 21:08:11,340 log Bad Request: /api/v1/participants/participants/4/add_note/
WARNING 2026-02-09 21:08:11,340 log "POST /api/v1/participants/participants/4/add_note/ HTTP/1.1" 400 43
INFO 2026-02-09 21:13:30,328 log "GET /api/v1/participants/participants/4/face_encoding_status/ HTTP/1.1" 200 155
INFO 2026-02-09 21:13:30,330 log "GET /api/v1/participants/participants/4/enrollments/ HTTP/1.1" 200 2
INFO 2026-02-09 21:13:30,331 log "GET /api/v1/participants/participants/4/progress/ HTTP/1.1" 200 179
INFO 2026-02-09 21:13:30,331 log "GET /api/v1/participants/participants/4/ HTTP/1.1" 200 515
WARNING 2026-02-09 21:13:52,480 log Bad Request: /api/v1/participants/participants/4/add_note/
WARNING 2026-02-09 21:13:52,480 log "POST /api/v1/participants/participants/4/add_note/ HTTP/1.1" 400 43
INFO 2026-02-09 21:17:40,170 log "OPTIONS /api/v1/programs/programs/active/ HTTP/1.1" 200 0
INFO 2026-02-09 21:17:40,183 log "GET /api/v1/programs/programs/active/ HTTP/1.1" 200 588
INFO 2026-02-09 21:17:52,460 log "OPTIONS /api/v1/participants/enrollments/ HTTP/1.1" 200 0
INFO 2026-02-09 21:17:52,476 log "POST /api/v1/participants/enrollments/ HTTP/1.1" 201 180
INFO 2026-02-09 21:17:52,535 log "GET /api/v1/participants/participants/4/ HTTP/1.1" 200 515
INFO 2026-02-09 21:17:52,546 log "GET /api/v1/participants/participants/4/enrollments/ HTTP/1.1" 200 191
INFO 2026-02-09 21:17:52,548 log "GET /api/v1/participants/participants/4/face_encoding_status/ HTTP/1.1" 200 155
INFO 2026-02-09 21:17:52,550 log "GET /api/v1/participants/participants/4/progress/ HTTP/1.1" 200 368
WARNING 2026-02-09 21:18:15,612 log Bad Request: /api/v1/participants/participants/4/add_note/
WARNING 2026-02-09 21:18:15,613 log "POST /api/v1/participants/participants/4/add_note/ HTTP/1.1" 400 43
INFO 2026-02-09 21:22:35,816 log "GET /api/v1/participants/participants/4/face_encoding_status/ HTTP/1.1" 200 155
INFO 2026-02-09 21:22:35,819 log "GET /api/v1/participants/participants/4/enrollments/ HTTP/1.1" 200 191
INFO 2026-02-09 21:22:35,836 log "GET /api/v1/participants/participants/4/ HTTP/1.1" 200 515
INFO 2026-02-09 21:22:35,847 log "GET /api/v1/participants/participants/4/progress/ HTTP/1.1" 200 368
INFO 2026-02-09 21:22:35,848 log "GET /api/v1/participants/participants/4/face_encoding_status/ HTTP/1.1" 200 155
INFO 2026-02-09 21:22:35,855 log "GET /api/v1/participants/participants/4/enrollments/ HTTP/1.1" 200 191
INFO 2026-02-09 21:22:35,864 log "GET /api/v1/participants/participants/4/ HTTP/1.1" 200 515
INFO 2026-02-09 21:22:35,880 log "GET /api/v1/participants/participants/4/progress/ HTTP/1.1" 200 368
INFO 2026-02-09 21:22:42,108 log "GET /api/v1/participants/participants/?gender=&is_active=true&age_min=&age_max=&search= HTTP/1.1" 200 216
INFO 2026-02-09 21:22:42,118 log "GET /api/v1/participants/participants/stats/ HTTP/1.1" 200 304
INFO 2026-02-09 21:22:42,118 log "GET /api/v1/participants/participants/?gender=&is_active=true&age_min=&age_max=&search= HTTP/1.1" 200 216
INFO 2026-02-09 21:22:42,128 log "GET /api/v1/participants/participants/stats/ HTTP/1.1" 200 304
INFO 2026-02-09 21:24:14,603 log "GET /api/v1/participants/participants/4/ HTTP/1.1" 200 515
INFO 2026-02-09 21:24:14,610 log "GET /api/v1/participants/participants/4/ HTTP/1.1" 200 515
INFO 2026-02-09 21:24:16,147 log "GET /api/v1/participants/participants/4/face_encoding_status/ HTTP/1.1" 200 155
INFO 2026-02-09 21:24:16,148 log "GET /api/v1/participants/participants/4/enrollments/ HTTP/1.1" 200 191
INFO 2026-02-09 21:24:16,150 log "GET /api/v1/participants/participants/4/ HTTP/1.1" 200 515
INFO 2026-02-09 21:24:16,155 log "GET /api/v1/participants/participants/4/face_encoding_status/ HTTP/1.1" 200 155
INFO 2026-02-09 21:24:16,155 log "GET /api/v1/participants/participants/4/progress/ HTTP/1.1" 200 368
INFO 2026-02-09 21:24:16,165 log "GET /api/v1/participants/participants/4/enrollments/ HTTP/1.1" 200 191
INFO 2026-02-09 21:24:16,169 log "GET /api/v1/participants/participants/4/ HTTP/1.1" 200 515
INFO 2026-02-09 21:24:16,173 log "GET /api/v1/participants/participants/4/progress/ HTTP/1.1" 200 368
INFO 2026-02-09 21:24:17,609 log "GET /api/v1/participants/participants/?gender=&is_active=true&age_min=&age_max=&search= HTTP/1.1" 200 216
INFO 2026-02-09 21:24:17,617 log "GET /api/v1/participants/participants/?gender=&is_active=true&age_min=&age_max=&search= HTTP/1.1" 200 216
INFO 2026-02-09 21:24:17,617 log "GET /api/v1/participants/participants/stats/ HTTP/1.1" 200 304
INFO 2026-02-09 21:24:17,628 log "GET /api/v1/participants/participants/stats/ HTTP/1.1" 200 304
INFO 2026-02-09 21:26:41,778 log "GET /api/v1/participants/participants/4/face_encoding_status/ HTTP/1.1" 200 155
INFO 2026-02-09 21:26:41,779 log "GET /api/v1/participants/participants/4/enrollments/ HTTP/1.1" 200 191
INFO 2026-02-09 21:26:41,789 log "GET /api/v1/participants/participants/4/ HTTP/1.1" 200 515
INFO 2026-02-09 21:26:41,794 log "GET /api/v1/participants/participants/4/progress/ HTTP/1.1" 200 368
INFO 2026-02-09 21:26:41,804 log "GET /api/v1/participants/participants/4/face_encoding_status/ HTTP/1.1" 200 155
INFO 2026-02-09 21:26:41,811 log "GET /api/v1/participants/participants/4/enrollments/ HTTP/1.1" 200 191
INFO 2026-02-09 21:26:41,823 log "GET /api/v1/participants/participants/4/ HTTP/1.1" 200 515
INFO 2026-02-09 21:26:41,825 log "GET /api/v1/participants/participants/4/progress/ HTTP/1.1" 200 368
INFO 2026-02-09 21:26:54,881 log "OPTIONS /api/v1/programs/programs/undefined/ HTTP/1.1" 200 0
INFO 2026-02-09 21:26:54,882 log "OPTIONS /api/v1/programs/programs/undefined/summary/ HTTP/1.1" 200 0
INFO 2026-02-09 21:26:54,882 log "OPTIONS /api/v1/programs/programs/undefined/ HTTP/1.1" 200 0
INFO 2026-02-09 21:26:54,882 log "OPTIONS /api/v1/programs/programs/undefined/summary/ HTTP/1.1" 200 0
WARNING 2026-02-09 21:26:54,893 log Not Found: /api/v1/programs/programs/undefined/
WARNING 2026-02-09 21:26:54,896 log Not Found: /api/v1/programs/programs/undefined/summary/
WARNING 2026-02-09 21:26:54,896 log "GET /api/v1/programs/programs/undefined/ HTTP/1.1" 404 23
WARNING 2026-02-09 21:26:54,897 log "GET /api/v1/programs/programs/undefined/summary/ HTTP/1.1" 404 23
WARNING 2026-02-09 21:26:54,951 log Not Found: /api/v1/programs/programs/undefined/
WARNING 2026-02-09 21:26:54,952 log "GET /api/v1/programs/programs/undefined/ HTTP/1.1" 404 23
WARNING 2026-02-09 21:26:54,955 log Not Found: /api/v1/programs/programs/undefined/summary/
WARNING 2026-02-09 21:26:54,956 log "GET /api/v1/programs/programs/undefined/summary/ HTTP/1.1" 404 23
INFO 2026-02-09 21:27:04,348 log "GET /api/v1/participants/participants/?gender=&is_active=true&age_min=&age_max=&search= HTTP/1.1" 200 216
INFO 2026-02-09 21:27:04,363 log "GET /api/v1/participants/participants/?gender=&is_active=true&age_min=&age_max=&search= HTTP/1.1" 200 216
INFO 2026-02-09 21:27:04,370 log "GET /api/v1/participants/participants/stats/ HTTP/1.1" 200 304
INFO 2026-02-09 21:27:04,388 log "GET /api/v1/participants/participants/stats/ HTTP/1.1" 200 304
INFO 2026-02-09 21:27:14,916 log "GET /api/v1/participants/participants/4/face_encoding_status/ HTTP/1.1" 200 155
INFO 2026-02-09 21:27:14,924 log "GET /api/v1/participants/participants/4/enrollments/ HTTP/1.1" 200 191
INFO 2026-02-09 21:27:14,943 log "GET /api/v1/participants/participants/4/ HTTP/1.1" 200 515
INFO 2026-02-09 21:27:14,963 log "GET /api/v1/participants/participants/4/enrollments/ HTTP/1.1" 200 191
INFO 2026-02-09 21:27:14,968 log "GET /api/v1/participants/participants/4/face_encoding_status/ HTTP/1.1" 200 155
INFO 2026-02-09 21:27:14,974 log "GET /api/v1/participants/participants/4/progress/ HTTP/1.1" 200 368
INFO 2026-02-09 21:27:14,984 log "GET /api/v1/participants/participants/4/ HTTP/1.1" 200 515
INFO 2026-02-09 21:27:14,991 log "GET /api/v1/participants/participants/4/progress/ HTTP/1.1" 200 368
INFO 2026-02-09 21:27:25,064 log "GET /api/v1/participants/participants/4/face_encoding_status/ HTTP/1.1" 200 155
INFO 2026-02-09 21:27:25,078 log "GET /api/v1/participants/participants/4/enrollments/ HTTP/1.1" 200 191
INFO 2026-02-09 21:27:25,078 log "GET /api/v1/participants/participants/4/ HTTP/1.1" 200 515
INFO 2026-02-09 21:27:25,095 log "GET /api/v1/participants/participants/4/progress/ HTTP/1.1" 200 368
INFO 2026-02-09 21:27:25,105 log "GET /api/v1/participants/participants/4/face_encoding_status/ HTTP/1.1" 200 155
INFO 2026-02-09 21:27:25,109 log "GET /api/v1/participants/participants/4/enrollments/ HTTP/1.1" 200 191
INFO 2026-02-09 21:27:25,112 log "GET /api/v1/participants/participants/4/ HTTP/1.1" 200 515
INFO 2026-02-09 21:27:25,126 log "GET /api/v1/participants/participants/4/progress/ HTTP/1.1" 200 368
WARNING 2026-02-09 21:27:49,336 log Bad Request: /api/v1/participants/participants/4/add_note/
WARNING 2026-02-09 21:27:49,337 log "POST /api/v1/participants/participants/4/add_note/ HTTP/1.1" 400 43
WARNING 2026-02-09 21:28:31,326 log Bad Request: /api/v1/participants/participants/4/add_note/
WARNING 2026-02-09 21:28:31,327 log "POST /api/v1/participants/participants/4/add_note/ HTTP/1.1" 400 43
INFO 2026-02-09 21:29:40,982 log "GET /api/v1/participants/participants/?gender=&is_active=true&age_min=&age_max=&search= HTTP/1.1" 200 216
INFO 2026-02-09 21:29:40,987 log "GET /api/v1/participants/participants/stats/ HTTP/1.1" 200 304
INFO 2026-02-09 21:29:41,003 log "GET /api/v1/participants/participants/?gender=&is_active=true&age_min=&age_max=&search= HTTP/1.1" 200 216
INFO 2026-02-09 21:29:41,021 log "GET /api/v1/participants/participants/stats/ HTTP/1.1" 200 304
INFO 2026-02-09 21:35:08,743 log "GET /api/v1/participants/participants/?gender=&is_active=true&age_min=&age_max=&search= HTTP/1.1" 200 216
INFO 2026-02-09 21:35:08,752 log "GET /api/v1/participants/participants/stats/ HTTP/1.1" 200 304
INFO 2026-02-09 21:35:08,759 log "GET /api/v1/participants/participants/?gender=&is_active=true&age_min=&age_max=&search= HTTP/1.1" 200 216
INFO 2026-02-09 21:35:08,769 log "GET /api/v1/participants/participants/stats/ HTTP/1.1" 200 304
INFO 2026-02-09 21:37:50,300 log "GET /api/v1/participants/participants/?gender=&is_active=true&age_min=&age_max=&search= HTTP/1.1" 200 216
INFO 2026-02-09 21:37:50,304 log "GET /api/v1/participants/participants/stats/ HTTP/1.1" 200 304
INFO 2026-02-09 21:38:52,027 log "GET /api/v1/participants/participants/4/face_encoding_status/ HTTP/1.1" 200 155
INFO 2026-02-09 21:38:52,029 log "GET /api/v1/participants/participants/4/enrollments/ HTTP/1.1" 200 191
INFO 2026-02-09 21:38:52,030 log "GET /api/v1/participants/participants/4/ HTTP/1.1" 200 515
INFO 2026-02-09 21:38:52,049 log "GET /api/v1/participants/participants/4/face_encoding_status/ HTTP/1.1" 200 155
INFO 2026-02-09 21:38:52,050 log "GET /api/v1/participants/participants/4/progress/ HTTP/1.1" 200 368
INFO 2026-02-09 21:38:52,052 log "GET /api/v1/participants/participants/4/enrollments/ HTTP/1.1" 200 191
INFO 2026-02-09 21:38:52,065 log "GET /api/v1/participants/participants/4/ HTTP/1.1" 200 515
INFO 2026-02-09 21:38:52,082 log "GET /api/v1/participants/participants/4/progress/ HTTP/1.1" 200 368
INFO 2026-02-09 21:39:13,053 log "OPTIONS /api/v1/participants/notes/ HTTP/1.1" 200 0
INFO 2026-02-09 21:39:13,072 log "POST /api/v1/participants/notes/ HTTP/1.1" 201 286
INFO 2026-02-09 21:39:13,159 log "GET /api/v1/participants/participants/4/face_encoding_status/ HTTP/1.1" 200 155
INFO 2026-02-09 21:39:13,173 log "GET /api/v1/participants/participants/4/ HTTP/1.1" 200 515
INFO 2026-02-09 21:39:13,173 log "GET /api/v1/participants/participants/4/enrollments/ HTTP/1.1" 200 191
INFO 2026-02-09 21:39:13,178 log "GET /api/v1/participants/participants/4/progress/ HTTP/1.1" 200 654
INFO 2026-02-09 21:42:18,477 log "GET /api/v1/programs/locations/ HTTP/1.1" 200 174
INFO 2026-02-09 21:42:18,482 log "GET /api/v1/programs/programs/ HTTP/1.1" 200 638
INFO 2026-02-09 21:42:18,495 log "GET /api/v1/programs/programs/stats/ HTTP/1.1" 200 257
INFO 2026-02-09 21:42:18,521 log "GET /api/v1/programs/locations/ HTTP/1.1" 200 174
INFO 2026-02-09 21:42:18,546 log "GET /api/v1/programs/programs/stats/ HTTP/1.1" 200 257
INFO 2026-02-09 21:42:18,547 log "GET /api/v1/programs/programs/ HTTP/1.1" 200 638
INFO 2026-02-09 21:42:18,762 log "GET /api/v1/programs/programs/ HTTP/1.1" 200 638
INFO 2026-02-09 21:42:31,182 log "GET /api/v1/participants/participants/4/face_encoding_status/ HTTP/1.1" 200 155
INFO 2026-02-09 21:42:31,184 log "GET /api/v1/participants/participants/4/enrollments/ HTTP/1.1" 200 191
INFO 2026-02-09 21:42:31,187 log "GET /api/v1/participants/participants/4/ HTTP/1.1" 200 515
INFO 2026-02-09 21:42:31,215 log "GET /api/v1/participants/participants/4/progress/ HTTP/1.1" 200 654
INFO 2026-02-09 21:42:31,219 log "GET /api/v1/participants/participants/4/face_encoding_status/ HTTP/1.1" 200 155
INFO 2026-02-09 21:42:31,246 log "GET /api/v1/participants/participants/4/enrollments/ HTTP/1.1" 200 191
INFO 2026-02-09 21:42:31,283 log "GET /api/v1/participants/participants/4/progress/ HTTP/1.1" 200 654
INFO 2026-02-09 21:42:31,284 log "GET /api/v1/participants/participants/4/ HTTP/1.1" 200 515
INFO 2026-02-09 21:42:34,705 log "GET /api/v1/programs/locations/ HTTP/1.1" 200 174
INFO 2026-02-09 21:42:34,723 log "GET /api/v1/programs/programs/stats/ HTTP/1.1" 200 257
INFO 2026-02-09 21:42:34,724 log "GET /api/v1/programs/programs/ HTTP/1.1" 200 638
INFO 2026-02-09 21:42:34,762 log "GET /api/v1/programs/locations/ HTTP/1.1" 200 174
INFO 2026-02-09 21:42:34,784 log "GET /api/v1/programs/programs/stats/ HTTP/1.1" 200 257
INFO 2026-02-09 21:42:34,796 log "GET /api/v1/programs/programs/ HTTP/1.1" 200 638
INFO 2026-02-09 21:42:34,991 log "GET /api/v1/programs/programs/ HTTP/1.1" 200 638
INFO 2026-02-09 21:42:53,728 log "GET /api/v1/programs/locations/ HTTP/1.1" 200 174
INFO 2026-02-09 21:42:53,744 log "GET /api/v1/programs/programs/ HTTP/1.1" 200 638
INFO 2026-02-09 21:42:53,745 log "GET /api/v1/programs/programs/stats/ HTTP/1.1" 200 257
INFO 2026-02-09 21:42:53,771 log "GET /api/v1/programs/locations/ HTTP/1.1" 200 174
INFO 2026-02-09 21:42:53,796 log "GET /api/v1/programs/programs/ HTTP/1.1" 200 638
INFO 2026-02-09 21:42:53,800 log "GET /api/v1/programs/programs/stats/ HTTP/1.1" 200 257
INFO 2026-02-09 21:42:54,013 log "GET /api/v1/programs/programs/ HTTP/1.1" 200 638
INFO 2026-02-09 21:43:02,501 log "GET /api/v1/programs/locations/ HTTP/1.1" 200 174
INFO 2026-02-09 21:43:02,505 log "GET /api/v1/programs/programs/ HTTP/1.1" 200 638
INFO 2026-02-09 21:43:02,517 log "GET /api/v1/programs/programs/stats/ HTTP/1.1" 200 257
INFO 2026-02-09 21:43:02,552 log "GET /api/v1/programs/locations/ HTTP/1.1" 200 174
INFO 2026-02-09 21:43:02,570 log "GET /api/v1/programs/programs/ HTTP/1.1" 200 638
INFO 2026-02-09 21:43:02,578 log "GET /api/v1/programs/programs/stats/ HTTP/1.1" 200 257
INFO 2026-02-09 21:43:02,781 log "GET /api/v1/programs/programs/ HTTP/1.1" 200 638
INFO 2026-02-09 21:43:21,213 log "GET /api/v1/programs/locations/ HTTP/1.1" 200 174
INFO 2026-02-09 21:43:21,252 log "GET /api/v1/programs/programs/ HTTP/1.1" 200 638
INFO 2026-02-09 21:43:21,253 log "GET /api/v1/programs/programs/stats/ HTTP/1.1" 200 257
INFO 2026-02-09 21:43:21,261 log "GET /api/v1/programs/locations/ HTTP/1.1" 200 174
INFO 2026-02-09 21:43:21,301 log "GET /api/v1/programs/programs/ HTTP/1.1" 200 638
INFO 2026-02-09 21:43:21,306 log "GET /api/v1/programs/programs/stats/ HTTP/1.1" 200 257
INFO 2026-02-09 21:43:21,517 log "GET /api/v1/programs/programs/ HTTP/1.1" 200 638
INFO 2026-02-09 21:43:36,680 log "GET /api/v1/programs/locations/ HTTP/1.1" 200 174
INFO 2026-02-09 21:43:36,683 log "GET /api/v1/programs/programs/ HTTP/1.1" 200 638
INFO 2026-02-09 21:43:36,707 log "GET /api/v1/programs/locations/ HTTP/1.1" 200 174
INFO 2026-02-09 21:43:36,716 log "GET /api/v1/programs/programs/stats/ HTTP/1.1" 200 257
INFO 2026-02-09 21:43:36,751 log "GET /api/v1/programs/programs/ HTTP/1.1" 200 638
INFO 2026-02-09 21:43:36,755 log "GET /api/v1/programs/programs/stats/ HTTP/1.1" 200 257
INFO 2026-02-09 21:43:36,960 log "GET /api/v1/programs/programs/ HTTP/1.1" 200 638
INFO 2026-02-09 21:43:47,531 log "GET /api/v1/programs/locations/ HTTP/1.1" 200 174
INFO 2026-02-09 21:43:47,537 log "GET /api/v1/programs/programs/stats/ HTTP/1.1" 200 257
INFO 2026-02-09 21:43:47,538 log "GET /api/v1/programs/programs/ HTTP/1.1" 200 638
INFO 2026-02-09 21:43:47,577 log "GET /api/v1/programs/locations/ HTTP/1.1" 200 174
INFO 2026-02-09 21:43:47,599 log "GET /api/v1/programs/programs/ HTTP/1.1" 200 638
INFO 2026-02-09 21:43:47,613 log "GET /api/v1/programs/programs/stats/ HTTP/1.1" 200 257
INFO 2026-02-09 21:43:47,804 log "GET /api/v1/programs/programs/ HTTP/1.1" 200 638
INFO 2026-02-09 21:43:57,064 log "GET /api/v1/programs/locations/ HTTP/1.1" 200 174
INFO 2026-02-09 21:43:57,081 log "GET /api/v1/programs/programs/stats/ HTTP/1.1" 200 257
INFO 2026-02-09 21:43:57,084 log "GET /api/v1/programs/programs/ HTTP/1.1" 200 638
INFO 2026-02-09 21:43:57,104 log "GET /api/v1/programs/locations/ HTTP/1.1" 200 174
INFO 2026-02-09 21:43:57,169 log "GET /api/v1/programs/programs/stats/ HTTP/1.1" 200 257
INFO 2026-02-09 21:43:57,175 log "GET /api/v1/programs/programs/ HTTP/1.1" 200 638
INFO 2026-02-09 21:43:57,368 log "GET /api/v1/programs/programs/ HTTP/1.1" 200 638
INFO 2026-02-09 21:44:04,983 log "GET /api/v1/programs/locations/ HTTP/1.1" 200 174
INFO 2026-02-09 21:44:05,017 log "GET /api/v1/programs/programs/ HTTP/1.1" 200 638
INFO 2026-02-09 21:44:05,032 log "GET /api/v1/programs/programs/stats/ HTTP/1.1" 200 257
INFO 2026-02-09 21:44:05,043 log "GET /api/v1/programs/locations/ HTTP/1.1" 200 174
INFO 2026-02-09 21:44:05,072 log "GET /api/v1/programs/programs/ HTTP/1.1" 200 638
INFO 2026-02-09 21:44:05,087 log "GET /api/v1/programs/programs/stats/ HTTP/1.1" 200 257
INFO 2026-02-09 21:44:05,284 log "GET /api/v1/programs/programs/ HTTP/1.1" 200 638
INFO 2026-02-09 21:44:11,203 log "GET /api/v1/programs/locations/ HTTP/1.1" 200 174
INFO 2026-02-09 21:44:11,209 log "GET /api/v1/programs/programs/stats/ HTTP/1.1" 200 257
INFO 2026-02-09 21:44:11,210 log "GET /api/v1/programs/programs/ HTTP/1.1" 200 638
INFO 2026-02-09 21:44:11,233 log "GET /api/v1/programs/locations/ HTTP/1.1" 200 174
INFO 2026-02-09 21:44:11,240 log "GET /api/v1/programs/programs/ HTTP/1.1" 200 638
INFO 2026-02-09 21:44:11,242 log "GET /api/v1/programs/programs/stats/ HTTP/1.1" 200 257
INFO 2026-02-09 21:44:11,504 log "GET /api/v1/programs/programs/ HTTP/1.1" 200 638
INFO 2026-02-09 21:44:18,003 log "GET /api/v1/programs/locations/ HTTP/1.1" 200 174
INFO 2026-02-09 21:44:18,014 log "GET /api/v1/programs/programs/ HTTP/1.1" 200 638
INFO 2026-02-09 21:44:18,020 log "GET /api/v1/programs/programs/stats/ HTTP/1.1" 200 257
INFO 2026-02-09 21:44:18,031 log "GET /api/v1/programs/locations/ HTTP/1.1" 200 174
INFO 2026-02-09 21:44:18,065 log "GET /api/v1/programs/programs/stats/ HTTP/1.1" 200 257
INFO 2026-02-09 21:44:18,074 log "GET /api/v1/programs/programs/ HTTP/1.1" 200 638
INFO 2026-02-09 21:44:18,269 log "GET /api/v1/programs/programs/ HTTP/1.1" 200 638
INFO 2026-02-09 21:44:22,213 log "GET /api/v1/programs/locations/ HTTP/1.1" 200 174
INFO 2026-02-09 21:44:22,219 log "GET /api/v1/programs/programs/stats/ HTTP/1.1" 200 257
INFO 2026-02-09 21:44:22,224 log "GET /api/v1/programs/programs/ HTTP/1.1" 200 638
INFO 2026-02-09 21:44:22,500 log "GET /api/v1/programs/programs/ HTTP/1.1" 200 638
INFO 2026-02-09 21:44:31,806 log "GET /api/v1/programs/locations/ HTTP/1.1" 200 174
INFO 2026-02-09 21:44:31,816 log "GET /api/v1/programs/locations/stats/ HTTP/1.1" 200 265
INFO 2026-02-09 21:44:31,833 log "GET /api/v1/programs/locations/ HTTP/1.1" 200 174
INFO 2026-02-09 21:44:31,845 log "GET /api/v1/programs/locations/stats/ HTTP/1.1" 200 265
INFO 2026-02-09 21:44:32,104 log "GET /api/v1/programs/locations/ HTTP/1.1" 200 174
INFO 2026-02-09 21:44:36,322 log "GET /api/v1/programs/locations/ HTTP/1.1" 200 174
INFO 2026-02-09 21:44:36,334 log "GET /api/v1/programs/programs/ HTTP/1.1" 200 638
INFO 2026-02-09 21:44:36,347 log "GET /api/v1/programs/programs/stats/ HTTP/1.1" 200 257
INFO 2026-02-09 21:44:36,380 log "GET /api/v1/programs/locations/ HTTP/1.1" 200 174
INFO 2026-02-09 21:44:36,413 log "GET /api/v1/programs/programs/stats/ HTTP/1.1" 200 257
INFO 2026-02-09 21:44:36,418 log "GET /api/v1/programs/programs/ HTTP/1.1" 200 638
INFO 2026-02-09 21:44:36,601 log "GET /api/v1/programs/programs/ HTTP/1.1" 200 638
INFO 2026-02-09 21:46:12,804 log "GET /api/v1/participants/participants/?gender=&is_active=true&age_min=&age_max=&search= HTTP/1.1" 200 216
INFO 2026-02-09 21:46:12,815 log "GET /api/v1/participants/participants/stats/ HTTP/1.1" 200 304
INFO 2026-02-09 21:46:12,824 log "GET /api/v1/participants/participants/?gender=&is_active=true&age_min=&age_max=&search= HTTP/1.1" 200 216
INFO 2026-02-09 21:46:12,850 log "GET /api/v1/participants/participants/stats/ HTTP/1.1" 200 304
INFO 2026-02-09 21:46:18,132 log "GET /api/v1/participants/participants/4/face_encoding_status/ HTTP/1.1" 200 155
INFO 2026-02-09 21:46:18,141 log "GET /api/v1/participants/participants/4/enrollments/ HTTP/1.1" 200 191
INFO 2026-02-09 21:46:18,148 log "GET /api/v1/participants/participants/4/ HTTP/1.1" 200 515
INFO 2026-02-09 21:46:18,151 log "GET /api/v1/participants/participants/4/progress/ HTTP/1.1" 200 654
INFO 2026-02-09 21:46:18,153 log "GET /api/v1/participants/participants/4/face_encoding_status/ HTTP/1.1" 200 155
INFO 2026-02-09 21:46:18,165 log "GET /api/v1/participants/participants/4/enrollments/ HTTP/1.1" 200 191
INFO 2026-02-09 21:46:18,183 log "GET /api/v1/participants/participants/4/ HTTP/1.1" 200 515
INFO 2026-02-09 21:46:18,188 log "GET /api/v1/participants/participants/4/progress/ HTTP/1.1" 200 654
WARNING 2026-02-09 21:49:10,286 log Unauthorized: /api/v1/participants/participants/4/
WARNING 2026-02-09 21:49:10,287 log Unauthorized: /api/v1/participants/participants/4/enrollments/
WARNING 2026-02-09 21:49:10,289 log Unauthorized: /api/v1/participants/participants/4/progress/
WARNING 2026-02-09 21:49:10,290 log Unauthorized: /api/v1/participants/participants/4/face_encoding_status/
INFO 2026-02-09 21:49:10,292 log "OPTIONS /api/v1/participants/notes/?participant=4 HTTP/1.1" 200 0
WARNING 2026-02-09 21:49:10,293 log "GET /api/v1/participants/participants/4/ HTTP/1.1" 401 172
WARNING 2026-02-09 21:49:10,293 log "GET /api/v1/participants/participants/4/progress/ HTTP/1.1" 401 172
WARNING 2026-02-09 21:49:10,293 log "GET /api/v1/participants/participants/4/enrollments/ HTTP/1.1" 401 172
WARNING 2026-02-09 21:49:10,294 log "GET /api/v1/participants/participants/4/face_encoding_status/ HTTP/1.1" 401 172
WARNING 2026-02-09 21:49:10,298 log Unauthorized: /api/v1/participants/notes/
WARNING 2026-02-09 21:49:10,299 log "GET /api/v1/participants/notes/?participant=4 HTTP/1.1" 401 172
INFO 2026-02-09 21:49:10,305 log "POST /api/v1/auth/refresh/ HTTP/1.1" 200 489
INFO 2026-02-09 21:49:10,321 log "POST /api/v1/auth/refresh/ HTTP/1.1" 200 489
INFO 2026-02-09 21:49:10,327 log "POST /api/v1/auth/refresh/ HTTP/1.1" 200 489
INFO 2026-02-09 21:49:10,330 log "POST /api/v1/auth/refresh/ HTTP/1.1" 200 489
INFO 2026-02-09 21:49:10,361 log "POST /api/v1/auth/refresh/ HTTP/1.1" 200 489
INFO 2026-02-09 21:49:10,371 log "GET /api/v1/participants/participants/4/enrollments/ HTTP/1.1" 200 191
INFO 2026-02-09 21:49:10,396 log "GET /api/v1/participants/participants/4/face_encoding_status/ HTTP/1.1" 200 155
INFO 2026-02-09 21:49:10,403 log "GET /api/v1/participants/participants/4/ HTTP/1.1" 200 515
INFO 2026-02-09 21:49:10,411 log "GET /api/v1/participants/participants/4/progress/ HTTP/1.1" 200 654
INFO 2026-02-09 21:49:10,423 log "GET /api/v1/participants/notes/?participant=4 HTTP/1.1" 200 338
INFO 2026-02-09 21:49:15,677 log "GET /api/v1/participants/participants/4/face_encoding_status/ HTTP/1.1" 200 155
INFO 2026-02-09 21:49:15,688 log "GET /api/v1/participants/participants/4/ HTTP/1.1" 200 515
INFO 2026-02-09 21:49:15,688 log "GET /api/v1/participants/participants/4/enrollments/ HTTP/1.1" 200 191
INFO 2026-02-09 21:49:15,695 log "GET /api/v1/participants/participants/4/face_encoding_status/ HTTP/1.1" 200 155
INFO 2026-02-09 21:49:15,698 log "GET /api/v1/participants/notes/?participant=4 HTTP/1.1" 200 338
INFO 2026-02-09 21:49:15,710 log "GET /api/v1/participants/participants/4/progress/ HTTP/1.1" 200 654
INFO 2026-02-09 21:49:15,739 log "GET /api/v1/participants/notes/?participant=4 HTTP/1.1" 200 338
INFO 2026-02-09 21:49:15,742 log "GET /api/v1/participants/participants/4/enrollments/ HTTP/1.1" 200 191
INFO 2026-02-09 21:49:15,743 log "GET /api/v1/participants/participants/4/ HTTP/1.1" 200 515
INFO 2026-02-09 21:49:15,753 log "GET /api/v1/participants/participants/4/progress/ HTTP/1.1" 200 654
INFO 2026-02-09 21:50:05,534 log "GET /api/v1/programs/locations/ HTTP/1.1" 200 174
INFO 2026-02-09 21:50:05,554 log "GET /api/v1/programs/programs/stats/ HTTP/1.1" 200 257
INFO 2026-02-09 21:50:05,555 log "GET /api/v1/programs/programs/ HTTP/1.1" 200 638
INFO 2026-02-09 21:50:05,575 log "GET /api/v1/programs/locations/ HTTP/1.1" 200 174
INFO 2026-02-09 21:50:05,615 log "GET /api/v1/programs/programs/ HTTP/1.1" 200 638
INFO 2026-02-09 21:50:05,619 log "GET /api/v1/programs/programs/stats/ HTTP/1.1" 200 257
INFO 2026-02-09 21:50:05,820 log "GET /api/v1/programs/programs/ HTTP/1.1" 200 638
INFO 2026-02-09 21:50:23,187 log "GET /api/v1/participants/participants/4/face_encoding_status/ HTTP/1.1" 200 155
INFO 2026-02-09 21:50:23,192 log "GET /api/v1/participants/participants/4/enrollments/ HTTP/1.1" 200 191
INFO 2026-02-09 21:50:23,224 log "GET /api/v1/participants/notes/?participant=4 HTTP/1.1" 200 338
INFO 2026-02-09 21:50:23,249 log "GET /api/v1/participants/participants/4/ HTTP/1.1" 200 515
INFO 2026-02-09 21:50:23,261 log "GET /api/v1/participants/participants/4/face_encoding_status/ HTTP/1.1" 200 155
INFO 2026-02-09 21:50:23,272 log "GET /api/v1/participants/participants/4/enrollments/ HTTP/1.1" 200 191
INFO 2026-02-09 21:50:23,288 log "GET /api/v1/participants/participants/4/progress/ HTTP/1.1" 200 654
INFO 2026-02-09 21:50:23,312 log "GET /api/v1/participants/notes/?participant=4 HTTP/1.1" 200 338
INFO 2026-02-09 21:50:23,315 log "GET /api/v1/participants/participants/4/ HTTP/1.1" 200 515
INFO 2026-02-09 21:50:23,322 log "GET /api/v1/participants/participants/4/progress/ HTTP/1.1" 200 654
INFO 2026-02-09 21:50:27,438 log "GET /api/v1/programs/locations/ HTTP/1.1" 200 174
INFO 2026-02-09 21:50:27,467 log "GET /api/v1/programs/programs/ HTTP/1.1" 200 638
INFO 2026-02-09 21:50:27,469 log "GET /api/v1/programs/programs/stats/ HTTP/1.1" 200 257
INFO 2026-02-09 21:50:27,487 log "GET /api/v1/programs/locations/ HTTP/1.1" 200 174
INFO 2026-02-09 21:50:27,545 log "GET /api/v1/programs/programs/ HTTP/1.1" 200 638
INFO 2026-02-09 21:50:27,555 log "GET /api/v1/programs/programs/stats/ HTTP/1.1" 200 257
INFO 2026-02-09 21:50:27,722 log "GET /api/v1/programs/programs/ HTTP/1.1" 200 638
INFO 2026-02-09 21:50:33,671 log "OPTIONS /api/v1/programs/programs/2/ HTTP/1.1" 200 0
INFO 2026-02-09 21:50:33,672 log "OPTIONS /api/v1/programs/programs/2/ HTTP/1.1" 200 0
INFO 2026-02-09 21:50:33,672 log "OPTIONS /api/v1/programs/programs/2/summary/ HTTP/1.1" 200 0
INFO 2026-02-09 21:50:33,673 log "OPTIONS /api/v1/programs/programs/2/summary/ HTTP/1.1" 200 0
INFO 2026-02-09 21:50:33,727 log "GET /api/v1/programs/programs/2/ HTTP/1.1" 200 805
INFO 2026-02-09 21:50:33,728 log "GET /api/v1/programs/programs/2/summary/ HTTP/1.1" 200 306
INFO 2026-02-09 21:50:33,798 log "GET /api/v1/programs/programs/2/ HTTP/1.1" 200 805
INFO 2026-02-09 21:50:33,804 log "GET /api/v1/programs/programs/2/summary/ HTTP/1.1" 200 306
INFO 2026-02-09 21:50:43,882 log "GET /api/v1/programs/locations/ HTTP/1.1" 200 174
INFO 2026-02-09 21:50:43,890 log "GET /api/v1/programs/programs/stats/ HTTP/1.1" 200 257
INFO 2026-02-09 21:50:43,894 log "GET /api/v1/programs/programs/ HTTP/1.1" 200 638
INFO 2026-02-09 21:50:43,927 log "GET /api/v1/programs/locations/ HTTP/1.1" 200 174
INFO 2026-02-09 21:50:43,949 log "GET /api/v1/programs/programs/stats/ HTTP/1.1" 200 257
INFO 2026-02-09 21:50:43,959 log "GET /api/v1/programs/programs/ HTTP/1.1" 200 638
INFO 2026-02-09 21:50:44,163 log "GET /api/v1/programs/programs/ HTTP/1.1" 200 638
INFO 2026-02-09 21:50:48,094 log "OPTIONS /api/v1/programs/locations/active/ HTTP/1.1" 200 0
INFO 2026-02-09 21:50:48,095 log "OPTIONS /api/v1/programs/locations/active/ HTTP/1.1" 200 0
INFO 2026-02-09 21:50:48,140 log "GET /api/v1/programs/locations/active/ HTTP/1.1" 200 124
INFO 2026-02-09 21:50:48,141 log "GET /api/v1/programs/programs/2/ HTTP/1.1" 200 805
INFO 2026-02-09 21:50:48,182 log "GET /api/v1/programs/programs/2/ HTTP/1.1" 200 805
INFO 2026-02-09 21:50:48,195 log "GET /api/v1/programs/locations/active/ HTTP/1.1" 200 124
INFO 2026-02-09 21:53:24,640 log "GET /api/v1/programs/locations/ HTTP/1.1" 200 174
INFO 2026-02-09 21:53:24,651 log "GET /api/v1/programs/programs/ HTTP/1.1" 200 638
INFO 2026-02-09 21:53:24,657 log "GET /api/v1/programs/programs/stats/ HTTP/1.1" 200 257
INFO 2026-02-09 21:53:24,660 log "GET /api/v1/programs/locations/ HTTP/1.1" 200 174
INFO 2026-02-09 21:53:24,679 log "GET /api/v1/programs/programs/ HTTP/1.1" 200 638
INFO 2026-02-09 21:53:24,684 log "GET /api/v1/programs/programs/stats/ HTTP/1.1" 200 257
INFO 2026-02-09 21:53:24,925 log "GET /api/v1/programs/programs/ HTTP/1.1" 200 638
INFO 2026-02-09 21:53:56,142 log "GET /api/v1/programs/locations/ HTTP/1.1" 200 174
INFO 2026-02-09 21:53:56,154 log "GET /api/v1/programs/programs/stats/ HTTP/1.1" 200 257
INFO 2026-02-09 21:53:56,156 log "GET /api/v1/programs/programs/ HTTP/1.1" 200 638
INFO 2026-02-09 21:53:56,191 log "GET /api/v1/programs/locations/ HTTP/1.1" 200 174
INFO 2026-02-09 21:53:56,223 log "GET /api/v1/programs/programs/stats/ HTTP/1.1" 200 257
INFO 2026-02-09 21:53:56,225 log "GET /api/v1/programs/programs/ HTTP/1.1" 200 638
INFO 2026-02-09 21:53:56,455 log "GET /api/v1/programs/programs/ HTTP/1.1" 200 638
INFO 2026-02-09 21:55:03,693 log "OPTIONS /api/v1/programs/programs/1/ HTTP/1.1" 200 0
INFO 2026-02-09 21:55:03,693 log "OPTIONS /api/v1/programs/programs/1/ HTTP/1.1" 200 0
INFO 2026-02-09 21:55:03,693 log "OPTIONS /api/v1/programs/programs/1/summary/ HTTP/1.1" 200 0
INFO 2026-02-09 21:55:03,694 log "OPTIONS /api/v1/programs/programs/1/summary/ HTTP/1.1" 200 0
INFO 2026-02-09 21:55:03,739 log "GET /api/v1/programs/programs/1/ HTTP/1.1" 200 575
INFO 2026-02-09 21:55:03,739 log "GET /api/v1/programs/programs/1/summary/ HTTP/1.1" 200 305
INFO 2026-02-09 21:55:03,804 log "GET /api/v1/programs/programs/1/ HTTP/1.1" 200 575
INFO 2026-02-09 21:55:03,810 log "GET /api/v1/programs/programs/1/summary/ HTTP/1.1" 200 305
INFO 2026-02-09 21:55:35,092 log "GET /api/v1/auth/ HTTP/1.1" 200 863
INFO 2026-02-09 21:55:35,092 log "GET /api/v1/auth/stats/ HTTP/1.1" 200 158
INFO 2026-02-09 21:55:35,104 log "GET /api/v1/auth/ HTTP/1.1" 200 863
INFO 2026-02-09 21:55:35,106 log "GET /api/v1/auth/stats/ HTTP/1.1" 200 158
INFO 2026-02-09 21:55:35,390 log "GET /api/v1/auth/ HTTP/1.1" 200 863
INFO 2026-02-09 21:55:48,841 log "GET /api/v1/programs/locations/ HTTP/1.1" 200 174
INFO 2026-02-09 21:55:48,847 log "GET /api/v1/programs/locations/stats/ HTTP/1.1" 200 265
INFO 2026-02-09 21:55:48,860 log "GET /api/v1/programs/locations/ HTTP/1.1" 200 174
INFO 2026-02-09 21:55:48,875 log "GET /api/v1/programs/locations/stats/ HTTP/1.1" 200 265
INFO 2026-02-09 21:55:49,135 log "GET /api/v1/programs/locations/ HTTP/1.1" 200 174
INFO 2026-02-09 21:58:11,326 log "GET /api/v1/programs/locations/ HTTP/1.1" 200 174
INFO 2026-02-09 21:58:11,337 log "GET /api/v1/programs/programs/ HTTP/1.1" 200 638
INFO 2026-02-09 21:58:11,337 log "GET /api/v1/programs/programs/stats/ HTTP/1.1" 200 257
INFO 2026-02-09 21:58:11,351 log "GET /api/v1/programs/locations/ HTTP/1.1" 200 174
INFO 2026-02-09 21:58:11,376 log "GET /api/v1/programs/programs/stats/ HTTP/1.1" 200 257
INFO 2026-02-09 21:58:11,377 log "GET /api/v1/programs/programs/ HTTP/1.1" 200 638
INFO 2026-02-09 21:58:11,618 log "GET /api/v1/programs/programs/ HTTP/1.1" 200 638
INFO 2026-02-09 21:58:26,919 log "GET /api/v1/programs/milestones/ HTTP/1.1" 200 281
INFO 2026-02-09 21:58:26,920 log "GET /api/v1/programs/programs/ HTTP/1.1" 200 638
INFO 2026-02-09 21:58:26,937 log "GET /api/v1/programs/milestones/ HTTP/1.1" 200 281
INFO 2026-02-09 21:58:26,945 log "GET /api/v1/programs/programs/ HTTP/1.1" 200 638
INFO 2026-02-09 21:58:27,212 log "GET /api/v1/programs/milestones/ HTTP/1.1" 200 281
INFO 2026-02-09 21:58:31,198 log "GET /api/v1/programs/locations/ HTTP/1.1" 200 174
INFO 2026-02-09 21:58:31,204 log "GET /api/v1/programs/locations/stats/ HTTP/1.1" 200 265
INFO 2026-02-09 21:58:31,218 log "GET /api/v1/programs/locations/ HTTP/1.1" 200 174
INFO 2026-02-09 21:58:31,220 log "GET /api/v1/programs/locations/stats/ HTTP/1.1" 200 265
INFO 2026-02-09 21:58:31,483 log "GET /api/v1/programs/locations/ HTTP/1.1" 200 174
INFO 2026-02-09 21:58:35,758 log "GET /api/v1/auth/stats/ HTTP/1.1" 200 158
INFO 2026-02-09 21:58:35,761 log "GET /api/v1/auth/ HTTP/1.1" 200 863
INFO 2026-02-09 21:58:35,776 log "GET /api/v1/auth/stats/ HTTP/1.1" 200 158
INFO 2026-02-09 21:58:35,778 log "GET /api/v1/auth/ HTTP/1.1" 200 863
INFO 2026-02-09 21:58:36,055 log "GET /api/v1/auth/ HTTP/1.1" 200 863
INFO 2026-02-09 21:58:59,389 log "GET /api/v1/programs/locations/ HTTP/1.1" 200 174
INFO 2026-02-09 21:58:59,395 log "GET /api/v1/programs/programs/ HTTP/1.1" 200 638
INFO 2026-02-09 21:58:59,404 log "GET /api/v1/programs/programs/stats/ HTTP/1.1" 200 257
INFO 2026-02-09 21:58:59,452 log "GET /api/v1/programs/locations/ HTTP/1.1" 200 174
INFO 2026-02-09 21:58:59,459 log "GET /api/v1/programs/programs/ HTTP/1.1" 200 638
INFO 2026-02-09 21:58:59,474 log "GET /api/v1/programs/programs/stats/ HTTP/1.1" 200 257
INFO 2026-02-09 21:58:59,668 log "GET /api/v1/programs/programs/ HTTP/1.1" 200 638
INFO 2026-02-09 21:59:33,721 log "GET /api/v1/programs/locations/ HTTP/1.1" 200 174
INFO 2026-02-09 21:59:33,723 log "GET /api/v1/programs/programs/ HTTP/1.1" 200 638
INFO 2026-02-09 21:59:33,725 log "GET /api/v1/programs/programs/stats/ HTTP/1.1" 200 257
INFO 2026-02-09 21:59:34,010 log "GET /api/v1/programs/programs/ HTTP/1.1" 200 638
INFO 2026-02-09 21:59:44,111 log "GET /api/v1/programs/locations/ HTTP/1.1" 200 174
INFO 2026-02-09 21:59:44,112 log "GET /api/v1/programs/locations/stats/ HTTP/1.1" 200 265
INFO 2026-02-09 21:59:44,136 log "GET /api/v1/programs/locations/ HTTP/1.1" 200 174
INFO 2026-02-09 21:59:44,137 log "GET /api/v1/programs/locations/stats/ HTTP/1.1" 200 265
INFO 2026-02-09 21:59:44,401 log "GET /api/v1/programs/locations/ HTTP/1.1" 200 174
INFO 2026-02-09 21:59:48,169 log "GET /api/v1/programs/milestones/ HTTP/1.1" 200 281
INFO 2026-02-09 21:59:48,175 log "GET /api/v1/programs/programs/ HTTP/1.1" 200 638
INFO 2026-02-09 21:59:48,183 log "GET /api/v1/programs/milestones/ HTTP/1.1" 200 281
INFO 2026-02-09 21:59:48,199 log "GET /api/v1/programs/programs/ HTTP/1.1" 200 638
INFO 2026-02-09 21:59:48,456 log "GET /api/v1/programs/milestones/ HTTP/1.1" 200 281
INFO 2026-02-09 22:00:22,327 log "GET /api/v1/participants/participants/?gender=&is_active=true&age_min=&age_max=&search= HTTP/1.1" 200 216
INFO 2026-02-09 22:00:22,354 log "GET /api/v1/participants/participants/stats/ HTTP/1.1" 200 304
INFO 2026-02-09 22:00:22,360 log "GET /api/v1/participants/participants/?gender=&is_active=true&age_min=&age_max=&search= HTTP/1.1" 200 216
INFO 2026-02-09 22:00:22,384 log "GET /api/v1/participants/participants/stats/ HTTP/1.1" 200 304
INFO 2026-02-09 22:00:27,946 log "GET /api/v1/participants/participants/4/enrollments/ HTTP/1.1" 200 191
INFO 2026-02-09 22:00:27,953 log "GET /api/v1/participants/participants/4/face_encoding_status/ HTTP/1.1" 200 155
INFO 2026-02-09 22:00:27,970 log "GET /api/v1/participants/notes/?participant=4 HTTP/1.1" 200 338
INFO 2026-02-09 22:00:27,972 log "GET /api/v1/participants/participants/4/ HTTP/1.1" 200 515
INFO 2026-02-09 22:00:27,996 log "GET /api/v1/participants/participants/4/face_encoding_status/ HTTP/1.1" 200 155
INFO 2026-02-09 22:00:27,996 log "GET /api/v1/participants/participants/4/progress/ HTTP/1.1" 200 654
INFO 2026-02-09 22:00:28,036 log "GET /api/v1/participants/participants/4/enrollments/ HTTP/1.1" 200 191
INFO 2026-02-09 22:00:28,038 log "GET /api/v1/participants/participants/4/ HTTP/1.1" 200 515
INFO 2026-02-09 22:00:28,043 log "GET /api/v1/participants/notes/?participant=4 HTTP/1.1" 200 338
INFO 2026-02-09 22:00:28,054 log "GET /api/v1/participants/participants/4/progress/ HTTP/1.1" 200 654
INFO 2026-02-09 22:01:43,368 log "GET /api/v1/participants/participants/?gender=&is_active=true&age_min=&age_max=&search= HTTP/1.1" 200 216
INFO 2026-02-09 22:01:43,383 log "GET /api/v1/participants/participants/stats/ HTTP/1.1" 200 304
INFO 2026-02-09 22:01:43,397 log "GET /api/v1/participants/participants/?gender=&is_active=true&age_min=&age_max=&search= HTTP/1.1" 200 216
INFO 2026-02-09 22:01:43,424 log "GET /api/v1/participants/participants/stats/ HTTP/1.1" 200 304
INFO 2026-02-09 22:05:41,397 log "OPTIONS /api/v1/participants/participants/ HTTP/1.1" 200 0
INFO 2026-02-09 22:05:41,416 log "POST /api/v1/participants/participants/ HTTP/1.1" 201 259
INFO 2026-02-09 22:05:41,473 log "OPTIONS /api/v1/participants/participants/8/upload_photo/ HTTP/1.1" 200 0
ERROR 2026-02-09 22:05:43,515 face_recognition_service Error extracting face encoding: cannot identify image file <_io.BytesIO object at 0x780d298a2480>
WARNING 2026-02-09 22:05:43,516 log Bad Request: /api/v1/participants/participants/8/upload_photo/
WARNING 2026-02-09 22:05:43,516 log "POST /api/v1/participants/participants/8/upload_photo/ HTTP/1.1" 400 126
INFO 2026-02-09 22:05:45,118 log "OPTIONS /api/v1/participants/participants/8/progress/ HTTP/1.1" 200 0
INFO 2026-02-09 22:05:45,119 log "OPTIONS /api/v1/participants/participants/8/ HTTP/1.1" 200 0
INFO 2026-02-09 22:05:45,121 log "OPTIONS /api/v1/participants/participants/8/enrollments/ HTTP/1.1" 200 0
INFO 2026-02-09 22:05:45,124 log "OPTIONS /api/v1/participants/participants/8/face_encoding_status/ HTTP/1.1" 200 0
INFO 2026-02-09 22:05:45,125 log "OPTIONS /api/v1/participants/notes/?participant=8 HTTP/1.1" 200 0
INFO 2026-02-09 22:05:45,127 log "OPTIONS /api/v1/participants/participants/8/ HTTP/1.1" 200 0
INFO 2026-02-09 22:05:45,129 log "OPTIONS /api/v1/participants/participants/8/enrollments/ HTTP/1.1" 200 0
INFO 2026-02-09 22:05:45,137 log "OPTIONS /api/v1/participants/participants/8/progress/ HTTP/1.1" 200 0
INFO 2026-02-09 22:05:45,138 log "OPTIONS /api/v1/participants/participants/8/face_encoding_status/ HTTP/1.1" 200 0
INFO 2026-02-09 22:05:45,140 log "OPTIONS /api/v1/participants/notes/?participant=8 HTTP/1.1" 200 0
INFO 2026-02-09 22:05:45,171 log "GET /api/v1/participants/participants/8/ HTTP/1.1" 200 608
INFO 2026-02-09 22:05:45,176 log "GET /api/v1/participants/participants/8/progress/ HTTP/1.1" 200 180
INFO 2026-02-09 22:05:45,234 log "GET /api/v1/participants/participants/8/face_encoding_status/ HTTP/1.1" 200 154
INFO 2026-02-09 22:05:45,237 log "GET /api/v1/participants/participants/8/enrollments/ HTTP/1.1" 200 2
INFO 2026-02-09 22:05:45,237 log "GET /api/v1/participants/notes/?participant=8 HTTP/1.1" 200 52
INFO 2026-02-09 22:05:45,251 log "GET /api/v1/participants/participants/8/ HTTP/1.1" 200 608
INFO 2026-02-09 22:05:45,254 log "GET /api/v1/participants/participants/8/progress/ HTTP/1.1" 200 180
INFO 2026-02-09 22:05:45,316 log "GET /api/v1/participants/participants/8/face_encoding_status/ HTTP/1.1" 200 154
INFO 2026-02-09 22:05:45,319 log "GET /api/v1/participants/participants/8/enrollments/ HTTP/1.1" 200 2
INFO 2026-02-09 22:05:45,323 log "GET /api/v1/participants/notes/?participant=8 HTTP/1.1" 200 52
INFO 2026-02-09 22:05:45,330 log "GET /media/participants/photos/Screenshot_from_2026-02-09_22-04-05.png HTTP/1.1" 200 342005
INFO 2026-02-09 22:05:53,058 log "OPTIONS /api/v1/participants/participants/8/update_face_encoding/ HTTP/1.1" 200 0
INFO 2026-02-09 22:05:53,627 face_recognition_service Updated face encoding for participant YP-2026-SHUET6
INFO 2026-02-09 22:05:53,631 log "POST /api/v1/participants/participants/8/update_face_encoding/ HTTP/1.1" 200 732
INFO 2026-02-09 22:05:53,699 log "GET /api/v1/participants/participants/8/face_encoding_status/ HTTP/1.1" 200 177
INFO 2026-02-09 22:05:53,713 log "GET /api/v1/participants/notes/?participant=8 HTTP/1.1" 200 52
INFO 2026-02-09 22:05:53,718 log "GET /api/v1/participants/participants/8/enrollments/ HTTP/1.1" 200 2
INFO 2026-02-09 22:05:53,723 log "GET /api/v1/participants/participants/8/ HTTP/1.1" 200 608
INFO 2026-02-09 22:05:53,732 log "GET /api/v1/participants/participants/8/progress/ HTTP/1.1" 200 180
INFO 2026-02-09 22:07:12,843 log "GET /api/v1/programs/programs/active/ HTTP/1.1" 200 588
INFO 2026-02-09 22:07:20,197 log "POST /api/v1/participants/enrollments/ HTTP/1.1" 201 180
INFO 2026-02-09 22:07:20,274 log "GET /api/v1/participants/participants/8/face_encoding_status/ HTTP/1.1" 200 177
INFO 2026-02-09 22:07:20,301 log "GET /api/v1/participants/participants/8/ HTTP/1.1" 200 608
INFO 2026-02-09 22:07:20,303 log "GET /api/v1/participants/participants/8/enrollments/ HTTP/1.1" 200 191
INFO 2026-02-09 22:07:20,304 log "GET /api/v1/participants/notes/?participant=8 HTTP/1.1" 200 52
INFO 2026-02-09 22:07:20,305 log "GET /api/v1/participants/participants/8/progress/ HTTP/1.1" 200 369
INFO 2026-02-09 22:07:46,386 log "POST /api/v1/participants/notes/ HTTP/1.1" 201 287
INFO 2026-02-09 22:07:46,451 log "GET /api/v1/participants/participants/8/face_encoding_status/ HTTP/1.1" 200 177
INFO 2026-02-09 22:07:46,459 log "GET /api/v1/participants/participants/8/enrollments/ HTTP/1.1" 200 191
INFO 2026-02-09 22:07:46,492 log "GET /api/v1/participants/participants/8/ HTTP/1.1" 200 608
INFO 2026-02-09 22:07:46,498 log "GET /api/v1/participants/participants/8/progress/ HTTP/1.1" 200 656
INFO 2026-02-09 22:07:46,499 log "GET /api/v1/participants/notes/?participant=8 HTTP/1.1" 200 339
INFO 2026-02-09 22:07:52,888 log "GET /media/participants/photos/Screenshot_from_2026-02-09_22-04-05.png HTTP/1.1" 304 0
INFO 2026-02-09 22:37:38,190 log "GET /api/v1/participants/participants/8/face_encoding_status/ HTTP/1.1" 200 177
INFO 2026-02-09 22:37:38,202 log "GET /api/v1/participants/participants/8/enrollments/ HTTP/1.1" 200 191
INFO 2026-02-09 22:37:38,219 log "GET /api/v1/participants/notes/?participant=8 HTTP/1.1" 200 339
INFO 2026-02-09 22:37:38,223 log "GET /api/v1/participants/participants/8/ HTTP/1.1" 200 608
INFO 2026-02-09 22:37:38,249 log "GET /api/v1/participants/participants/8/face_encoding_status/ HTTP/1.1" 200 177
INFO 2026-02-09 22:37:38,251 log "GET /api/v1/participants/participants/8/enrollments/ HTTP/1.1" 200 191
INFO 2026-02-09 22:37:38,263 log "GET /api/v1/participants/participants/8/progress/ HTTP/1.1" 200 656
INFO 2026-02-09 22:37:38,271 log "GET /api/v1/participants/participants/8/ HTTP/1.1" 200 608
INFO 2026-02-09 22:37:38,274 log "GET /api/v1/participants/notes/?participant=8 HTTP/1.1" 200 339
INFO 2026-02-09 22:37:38,288 log "GET /api/v1/participants/participants/8/progress/ HTTP/1.1" 200 656
INFO 2026-02-09 22:37:38,296 log "GET /media/participants/photos/Screenshot_from_2026-02-09_22-04-05.png HTTP/1.1" 304 0
INFO 2026-02-09 22:44:51,876 log "GET /api/v1/participants/participants/?gender=&is_active=true&age_min=&age_max=&search= HTTP/1.1" 200 382
INFO 2026-02-09 22:44:51,889 log "GET /api/v1/participants/participants/stats/ HTTP/1.1" 200 291
INFO 2026-02-09 22:44:51,905 log "GET /api/v1/participants/participants/?gender=&is_active=true&age_min=&age_max=&search= HTTP/1.1" 200 382
INFO 2026-02-09 22:44:51,930 log "GET /api/v1/participants/participants/stats/ HTTP/1.1" 200 291
INFO 2026-02-09 22:48:54,865 log "OPTIONS /api/v1/participants/participants/stats/ HTTP/1.1" 200 0
INFO 2026-02-09 22:48:54,865 log "OPTIONS /api/v1/participants/participants/?gender=&is_active=true&age_min=&age_max=&search= HTTP/1.1" 200 0
INFO 2026-02-09 22:48:54,866 log "OPTIONS /api/v1/participants/participants/stats/ HTTP/1.1" 200 0
INFO 2026-02-09 22:48:54,866 log "OPTIONS /api/v1/participants/participants/?gender=&is_active=true&age_min=&age_max=&search= HTTP/1.1" 200 0
INFO 2026-02-09 22:48:54,888 log "GET /api/v1/participants/participants/?gender=&is_active=true&age_min=&age_max=&search= HTTP/1.1" 200 382
INFO 2026-02-09 22:48:54,896 log "GET /api/v1/participants/participants/stats/ HTTP/1.1" 200 291
INFO 2026-02-09 22:48:54,947 log "GET /api/v1/participants/participants/?gender=&is_active=true&age_min=&age_max=&search= HTTP/1.1" 200 382
INFO 2026-02-09 22:48:54,954 log "GET /api/v1/participants/participants/stats/ HTTP/1.1" 200 291
WARNING 2026-02-09 22:49:12,182 log Unauthorized: /api/v1/programs/programs/active/
WARNING 2026-02-09 22:49:12,183 log "GET /api/v1/programs/programs/active/ HTTP/1.1" 401 172
WARNING 2026-02-09 22:49:12,189 log Unauthorized: /api/v1/programs/programs/active/
WARNING 2026-02-09 22:49:12,189 log "GET /api/v1/programs/programs/active/ HTTP/1.1" 401 172
INFO 2026-02-09 22:49:12,193 log "OPTIONS /api/v1/auth/refresh/ HTTP/1.1" 200 0
INFO 2026-02-09 22:49:12,198 log "OPTIONS /api/v1/auth/refresh/ HTTP/1.1" 200 0
INFO 2026-02-09 22:49:12,260 log "POST /api/v1/auth/refresh/ HTTP/1.1" 200 489
INFO 2026-02-09 22:49:12,265 log "POST /api/v1/auth/refresh/ HTTP/1.1" 200 489
INFO 2026-02-09 22:49:12,316 log "GET /api/v1/programs/programs/active/ HTTP/1.1" 200 588
INFO 2026-02-09 22:49:12,373 log "GET /api/v1/programs/programs/active/ HTTP/1.1" 200 588
INFO 2026-02-09 22:50:24,420 log "OPTIONS /api/v1/attendance/sessions/?program=2&session_date=2026-02-09&is_cancelled=false HTTP/1.1" 200 0
INFO 2026-02-09 22:50:24,441 log "GET /api/v1/attendance/sessions/?program=2&session_date=2026-02-09&is_cancelled=false HTTP/1.1" 200 52
INFO 2026-02-09 22:56:27,774 log "GET /api/v1/programs/programs/active/ HTTP/1.1" 200 588
INFO 2026-02-09 22:56:27,783 log "GET /api/v1/programs/programs/active/ HTTP/1.1" 200 588
INFO 2026-02-09 22:56:45,751 log "GET /api/v1/programs/programs/active/ HTTP/1.1" 200 588
INFO 2026-02-09 22:56:45,762 log "GET /api/v1/programs/programs/active/ HTTP/1.1" 200 588
INFO 2026-02-09 22:57:07,375 log "GET /api/v1/participants/participants/?gender=&is_active=true&age_min=&age_max=&search= HTTP/1.1" 200 382
INFO 2026-02-09 22:57:07,380 log "GET /api/v1/participants/participants/stats/ HTTP/1.1" 200 291
INFO 2026-02-09 22:57:07,389 log "GET /api/v1/participants/participants/?gender=&is_active=true&age_min=&age_max=&search= HTTP/1.1" 200 382
INFO 2026-02-09 22:57:07,401 log "GET /api/v1/participants/participants/stats/ HTTP/1.1" 200 291
INFO 2026-02-09 22:57:14,472 log "GET /api/v1/participants/participants/8/enrollments/ HTTP/1.1" 200 191
INFO 2026-02-09 22:57:14,479 log "GET /api/v1/participants/participants/8/face_encoding_status/ HTTP/1.1" 200 177
INFO 2026-02-09 22:57:14,491 log "GET /api/v1/participants/participants/8/ HTTP/1.1" 200 608
INFO 2026-02-09 22:57:14,492 log "GET /api/v1/participants/notes/?participant=8 HTTP/1.1" 200 339
INFO 2026-02-09 22:57:14,559 log "GET /api/v1/participants/participants/8/enrollments/ HTTP/1.1" 200 191
INFO 2026-02-09 22:57:14,563 log "GET /api/v1/participants/participants/8/face_encoding_status/ HTTP/1.1" 200 177
INFO 2026-02-09 22:57:14,563 log "GET /api/v1/participants/participants/8/progress/ HTTP/1.1" 200 656
INFO 2026-02-09 22:57:14,570 log "GET /api/v1/participants/notes/?participant=8 HTTP/1.1" 200 339
INFO 2026-02-09 22:57:14,587 log "GET /api/v1/participants/participants/8/ HTTP/1.1" 200 608
INFO 2026-02-09 22:57:14,598 log "GET /api/v1/participants/participants/8/progress/ HTTP/1.1" 200 656
INFO 2026-02-09 22:57:14,600 log "GET /media/participants/photos/Screenshot_from_2026-02-09_22-04-05.png HTTP/1.1" 304 0
INFO 2026-02-09 22:57:23,491 log "GET /api/v1/programs/programs/active/ HTTP/1.1" 200 588
INFO 2026-02-09 22:57:23,511 log "GET /api/v1/programs/programs/active/ HTTP/1.1" 200 588
INFO 2026-02-09 22:57:31,382 log "OPTIONS /api/v1/participants/enrollments/?program=2&status__in=enrolled,active HTTP/1.1" 200 0
INFO 2026-02-09 22:57:31,407 log "GET /api/v1/attendance/sessions/?program=2&session_date=2026-02-09&is_cancelled=false HTTP/1.1" 200 52
INFO 2026-02-09 22:57:31,420 log "GET /api/v1/participants/enrollments/?program=2&status__in=enrolled,active HTTP/1.1" 200 431
INFO 2026-02-09 22:57:31,475 log "OPTIONS /api/v1/participants/participants/?id__in=, HTTP/1.1" 200 0
INFO 2026-02-09 22:57:31,549 log "GET /api/v1/participants/participants/?id__in=, HTTP/1.1" 200 1381
INFO 2026-02-09 22:58:17,325 log "OPTIONS /api/v1/attendance/records/bulk-record/ HTTP/1.1" 200 0
WARNING 2026-02-09 22:58:17,334 log Method Not Allowed: /api/v1/attendance/records/bulk-record/
WARNING 2026-02-09 22:58:17,335 log "POST /api/v1/attendance/records/bulk-record/ HTTP/1.1" 405 41
INFO 2026-02-09 22:58:42,021 log "GET /api/v1/programs/programs/active/ HTTP/1.1" 200 588
INFO 2026-02-09 22:58:42,031 log "GET /api/v1/programs/programs/active/ HTTP/1.1" 200 588
INFO 2026-02-09 22:59:27,287 log "OPTIONS /api/v1/attendance/sessions/ HTTP/1.1" 200 0
INFO 2026-02-09 22:59:27,287 log "OPTIONS /api/v1/attendance/sessions/ HTTP/1.1" 200 0
INFO 2026-02-09 22:59:27,298 log "GET /api/v1/attendance/sessions/ HTTP/1.1" 200 52
INFO 2026-02-09 22:59:27,302 log "GET /api/v1/programs/programs/ HTTP/1.1" 200 638
INFO 2026-02-09 22:59:27,316 log "GET /api/v1/programs/programs/ HTTP/1.1" 200 638
INFO 2026-02-09 22:59:27,354 log "GET /api/v1/attendance/sessions/ HTTP/1.1" 200 52
INFO 2026-02-09 22:59:37,219 log "OPTIONS /api/v1/attendance/records/ HTTP/1.1" 200 0
INFO 2026-02-09 22:59:37,227 log "OPTIONS /api/v1/attendance/records/stats/ HTTP/1.1" 200 0
INFO 2026-02-09 22:59:37,233 log "OPTIONS /api/v1/attendance/records/stats/ HTTP/1.1" 200 0
INFO 2026-02-09 22:59:37,235 log "OPTIONS /api/v1/attendance/records/ HTTP/1.1" 200 0
INFO 2026-02-09 22:59:37,236 log "OPTIONS /api/v1/attendance/records/ HTTP/1.1" 200 0
INFO 2026-02-09 22:59:37,236 log "OPTIONS /api/v1/attendance/records/ HTTP/1.1" 200 0
INFO 2026-02-09 22:59:37,272 log "GET /api/v1/attendance/records/ HTTP/1.1" 200 52
INFO 2026-02-09 22:59:37,277 log "GET /api/v1/programs/programs/ HTTP/1.1" 200 638
INFO 2026-02-09 22:59:37,292 log "GET /api/v1/attendance/records/stats/ HTTP/1.1" 200 127
INFO 2026-02-09 22:59:37,320 log "GET /api/v1/programs/programs/ HTTP/1.1" 200 638
INFO 2026-02-09 22:59:37,323 log "GET /api/v1/attendance/records/ HTTP/1.1" 200 52
INFO 2026-02-09 22:59:37,341 log "GET /api/v1/attendance/records/stats/ HTTP/1.1" 200 127
INFO 2026-02-09 22:59:37,377 log "GET /api/v1/attendance/records/ HTTP/1.1" 200 52
INFO 2026-02-09 22:59:37,391 log "GET /api/v1/attendance/records/stats/ HTTP/1.1" 200 127
INFO 2026-02-09 22:59:37,433 log "GET /api/v1/attendance/records/ HTTP/1.1" 200 52
INFO 2026-02-09 22:59:37,446 log "GET /api/v1/attendance/records/stats/ HTTP/1.1" 200 127
INFO 2026-02-09 22:59:45,800 log "GET /api/v1/attendance/records/ HTTP/1.1" 200 52
INFO 2026-02-09 22:59:45,825 log "GET /api/v1/attendance/records/stats/ HTTP/1.1" 200 127
INFO 2026-02-09 22:59:45,829 log "GET /api/v1/attendance/records/ HTTP/1.1" 200 52
INFO 2026-02-09 22:59:45,864 log "GET /api/v1/attendance/records/stats/ HTTP/1.1" 200 127
INFO 2026-02-09 22:59:45,871 log "GET /api/v1/programs/programs/ HTTP/1.1" 200 638
INFO 2026-02-09 22:59:45,881 log "GET /api/v1/attendance/records/ HTTP/1.1" 200 52
INFO 2026-02-09 22:59:45,903 log "GET /api/v1/programs/programs/ HTTP/1.1" 200 638
INFO 2026-02-09 22:59:45,907 log "GET /api/v1/attendance/records/stats/ HTTP/1.1" 200 127
INFO 2026-02-09 22:59:45,935 log "GET /api/v1/attendance/records/ HTTP/1.1" 200 52
INFO 2026-02-09 22:59:45,991 log "GET /api/v1/attendance/records/stats/ HTTP/1.1" 200 127
INFO 2026-02-09 23:00:04,423 log "GET /api/v1/programs/programs/active/ HTTP/1.1" 200 588
INFO 2026-02-09 23:00:04,441 log "GET /api/v1/programs/programs/active/ HTTP/1.1" 200 588
INFO 2026-02-09 23:00:10,740 log "GET /api/v1/attendance/sessions/?program=2&session_date=2026-02-09&is_cancelled=false HTTP/1.1" 200 52
INFO 2026-02-09 23:00:10,747 log "GET /api/v1/participants/enrollments/?program=2&status__in=enrolled,active HTTP/1.1" 200 431
INFO 2026-02-09 23:00:10,790 log "GET /api/v1/participants/participants/?id__in=, HTTP/1.1" 200 1381
INFO 2026-02-09 23:00:38,357 log "GET /api/v1/attendance/sessions/ HTTP/1.1" 200 52
INFO 2026-02-09 23:00:38,374 log "GET /api/v1/programs/programs/ HTTP/1.1" 200 638
INFO 2026-02-09 23:00:38,374 log "GET /api/v1/attendance/sessions/ HTTP/1.1" 200 52
INFO 2026-02-09 23:00:38,391 log "GET /api/v1/programs/programs/ HTTP/1.1" 200 638
INFO 2026-02-09 23:01:57,856 log "GET /api/v1/programs/programs/active/ HTTP/1.1" 200 588
INFO 2026-02-09 23:01:57,876 log "GET /api/v1/programs/programs/active/ HTTP/1.1" 200 588
INFO 2026-02-09 23:02:34,325 log "GET /api/v1/programs/programs/active/ HTTP/1.1" 200 588
INFO 2026-02-09 23:02:34,335 log "GET /api/v1/programs/programs/active/ HTTP/1.1" 200 588
INFO 2026-02-09 23:06:55,015 log "GET /api/v1/attendance/sessions/?program=2&session_date=2026-02-09&is_cancelled=false HTTP/1.1" 200 52
INFO 2026-02-09 23:06:55,018 log "GET /api/v1/participants/enrollments/?program=2&status__in=enrolled,active HTTP/1.1" 200 431
INFO 2026-02-09 23:06:55,079 log "GET /api/v1/participants/participants/?id__in=, HTTP/1.1" 200 1381
WARNING 2026-02-09 23:07:06,944 log Method Not Allowed: /api/v1/attendance/records/bulk-record/
WARNING 2026-02-09 23:07:06,945 log "POST /api/v1/attendance/records/bulk-record/ HTTP/1.1" 405 41
INFO 2026-02-09 23:16:58,330 log "GET /api/v1/programs/programs/active/ HTTP/1.1" 200 588
INFO 2026-02-09 23:17:09,309 log "OPTIONS /api/v1/participants/participants/?enrolled_program=2&is_active=true HTTP/1.1" 200 0
INFO 2026-02-09 23:17:09,333 log "GET /api/v1/attendance/sessions/?program=2&session_date=2026-02-09&is_cancelled=false HTTP/1.1" 200 52
INFO 2026-02-09 23:17:09,334 log "GET /api/v1/participants/participants/?enrolled_program=2&is_active=true HTTP/1.1" 200 382
WARNING 2026-02-09 23:17:31,210 log Bad Request: /api/v1/attendance/records/
WARNING 2026-02-09 23:17:31,211 log "POST /api/v1/attendance/records/ HTTP/1.1" 400 44
WARNING 2026-02-09 23:17:31,227 log Bad Request: /api/v1/attendance/records/
WARNING 2026-02-09 23:17:31,228 log "POST /api/v1/attendance/records/ HTTP/1.1" 400 44
INFO 2026-02-09 23:17:33,328 log "OPTIONS /api/v1/programs/programs/ HTTP/1.1" 200 0
INFO 2026-02-09 23:17:33,331 log "OPTIONS /api/v1/programs/programs/ HTTP/1.1" 200 0
INFO 2026-02-09 23:17:33,346 log "GET /api/v1/attendance/records/ HTTP/1.1" 200 52
INFO 2026-02-09 23:17:33,355 log "GET /api/v1/attendance/records/stats/ HTTP/1.1" 200 127
INFO 2026-02-09 23:17:33,387 log "GET /api/v1/attendance/records/ HTTP/1.1" 200 52
INFO 2026-02-09 23:17:33,395 log "GET /api/v1/programs/programs/ HTTP/1.1" 200 638
INFO 2026-02-09 23:17:33,400 log "GET /api/v1/attendance/records/stats/ HTTP/1.1" 200 127
INFO 2026-02-09 23:17:33,446 log "GET /api/v1/attendance/records/ HTTP/1.1" 200 52
INFO 2026-02-09 23:17:33,463 log "GET /api/v1/attendance/records/stats/ HTTP/1.1" 200 127
INFO 2026-02-09 23:17:33,466 log "GET /api/v1/programs/programs/ HTTP/1.1" 200 638
INFO 2026-02-09 23:17:33,493 log "GET /api/v1/attendance/records/ HTTP/1.1" 200 52
INFO 2026-02-09 23:17:33,543 log "GET /api/v1/attendance/records/stats/ HTTP/1.1" 200 127
INFO 2026-02-09 23:17:41,542 log "OPTIONS /api/v1/programs/programs/active/ HTTP/1.1" 200 0
INFO 2026-02-09 23:17:41,542 log "OPTIONS /api/v1/programs/programs/active/ HTTP/1.1" 200 0
INFO 2026-02-09 23:17:41,563 log "GET /api/v1/programs/programs/active/ HTTP/1.1" 200 588
INFO 2026-02-09 23:17:41,629 log "GET /api/v1/programs/programs/active/ HTTP/1.1" 200 588
INFO 2026-02-09 23:17:43,858 log "GET /api/v1/attendance/sessions/?program=2&session_date=2026-02-09&is_cancelled=false HTTP/1.1" 200 52
INFO 2026-02-09 23:17:43,863 log "GET /api/v1/participants/participants/?enrolled_program=2&is_active=true HTTP/1.1" 200 382
INFO 2026-02-09 23:17:56,916 log "POST /api/v1/attendance/records/ HTTP/1.1" 201 539
INFO 2026-02-09 23:17:56,965 log "POST /api/v1/attendance/records/ HTTP/1.1" 201 539
INFO 2026-02-09 23:17:59,075 log "GET /api/v1/attendance/records/stats/ HTTP/1.1" 200 131
INFO 2026-02-09 23:17:59,079 log "GET /api/v1/attendance/records/ HTTP/1.1" 200 411
INFO 2026-02-09 23:17:59,093 log "GET /api/v1/programs/programs/ HTTP/1.1" 200 638
INFO 2026-02-09 23:17:59,116 log "GET /api/v1/attendance/records/ HTTP/1.1" 200 411
INFO 2026-02-09 23:17:59,131 log "GET /api/v1/attendance/records/stats/ HTTP/1.1" 200 131
INFO 2026-02-09 23:17:59,151 log "GET /api/v1/programs/programs/ HTTP/1.1" 200 638
INFO 2026-02-09 23:17:59,180 log "GET /api/v1/attendance/records/ HTTP/1.1" 200 411
INFO 2026-02-09 23:17:59,184 log "GET /api/v1/attendance/records/stats/ HTTP/1.1" 200 131
INFO 2026-02-09 23:17:59,236 log "GET /api/v1/attendance/records/ HTTP/1.1" 200 411
INFO 2026-02-09 23:17:59,289 log "GET /api/v1/attendance/records/stats/ HTTP/1.1" 200 131
INFO 2026-02-09 23:22:49,741 log "GET /api/v1/programs/programs/active/ HTTP/1.1" 200 588
INFO 2026-02-09 23:22:49,760 log "GET /api/v1/programs/programs/active/ HTTP/1.1" 200 588
INFO 2026-02-09 23:27:50,917 log "GET /api/v1/attendance/sessions/?program=2&session_date=2026-02-09&is_cancelled=false HTTP/1.1" 200 52
INFO 2026-02-09 23:27:52,552 log "OPTIONS /api/v1/attendance/sessions/?program=1&session_date=2026-02-09&is_cancelled=false HTTP/1.1" 200 0
INFO 2026-02-09 23:27:52,568 log "GET /api/v1/attendance/sessions/?program=1&session_date=2026-02-09&is_cancelled=false HTTP/1.1" 200 52
INFO 2026-02-09 23:37:43,320 log "GET /api/v1/programs/programs/active/ HTTP/1.1" 200 588
INFO 2026-02-09 23:37:51,105 log "GET /api/v1/programs/programs/active/ HTTP/1.1" 200 588
INFO 2026-02-09 23:37:51,115 log "GET /api/v1/programs/programs/active/ HTTP/1.1" 200 588
INFO 2026-02-09 23:41:13,341 log "GET /api/v1/programs/programs/active/ HTTP/1.1" 200 588
INFO 2026-02-09 23:41:13,353 log "GET /api/v1/programs/programs/active/ HTTP/1.1" 200 588
INFO 2026-02-09 23:41:38,464 log "GET /api/v1/attendance/sessions/?program=2&session_date=2026-02-09&is_cancelled=false HTTP/1.1" 200 52
INFO 2026-02-09 23:44:36,067 log "GET /api/v1/attendance/records/ HTTP/1.1" 200 411
INFO 2026-02-09 23:44:36,073 log "GET /api/v1/attendance/records/stats/ HTTP/1.1" 200 131
INFO 2026-02-09 23:44:36,082 log "GET /api/v1/programs/programs/ HTTP/1.1" 200 638
INFO 2026-02-09 23:44:36,110 log "GET /api/v1/attendance/records/stats/ HTTP/1.1" 200 131
INFO 2026-02-09 23:44:36,114 log "GET /api/v1/attendance/records/ HTTP/1.1" 200 411
INFO 2026-02-09 23:44:36,126 log "GET /api/v1/programs/programs/ HTTP/1.1" 200 638
INFO 2026-02-09 23:44:36,180 log "GET /api/v1/attendance/records/stats/ HTTP/1.1" 200 131
INFO 2026-02-09 23:44:36,180 log "GET /api/v1/attendance/records/ HTTP/1.1" 200 411
INFO 2026-02-09 23:44:36,236 log "GET /api/v1/attendance/records/ HTTP/1.1" 200 411
INFO 2026-02-09 23:44:36,289 log "GET /api/v1/attendance/records/stats/ HTTP/1.1" 200 131
INFO 2026-02-09 23:46:25,739 log "GET /api/v1/attendance/records/stats/ HTTP/1.1" 200 131
INFO 2026-02-09 23:46:25,745 log "GET /api/v1/attendance/records/ HTTP/1.1" 200 411
INFO 2026-02-09 23:46:25,749 log "GET /api/v1/programs/programs/ HTTP/1.1" 200 638
INFO 2026-02-09 23:46:25,763 log "GET /api/v1/attendance/records/stats/ HTTP/1.1" 200 131
INFO 2026-02-09 23:46:25,773 log "GET /api/v1/attendance/records/ HTTP/1.1" 200 411
INFO 2026-02-09 23:46:25,775 log "GET /api/v1/programs/programs/ HTTP/1.1" 200 638
INFO 2026-02-09 23:46:25,842 log "GET /api/v1/attendance/records/stats/ HTTP/1.1" 200 131
INFO 2026-02-09 23:46:25,846 log "GET /api/v1/attendance/records/ HTTP/1.1" 200 411
INFO 2026-02-09 23:46:25,913 log "GET /api/v1/attendance/records/ HTTP/1.1" 200 411
INFO 2026-02-09 23:46:25,971 log "GET /api/v1/attendance/records/stats/ HTTP/1.1" 200 131
INFO 2026-02-09 23:47:32,633 log "GET /api/v1/programs/programs/active/ HTTP/1.1" 200 588
INFO 2026-02-09 23:47:32,645 log "GET /api/v1/programs/programs/active/ HTTP/1.1" 200 588
INFO 2026-02-09 23:47:47,971 log "GET /api/v1/attendance/records/ HTTP/1.1" 200 411
INFO 2026-02-09 23:47:47,986 log "GET /api/v1/attendance/records/stats/ HTTP/1.1" 200 131
INFO 2026-02-09 23:47:47,995 log "GET /api/v1/programs/programs/ HTTP/1.1" 200 638
INFO 2026-02-09 23:47:48,017 log "GET /api/v1/attendance/records/ HTTP/1.1" 200 411
INFO 2026-02-09 23:47:48,043 log "GET /api/v1/attendance/records/stats/ HTTP/1.1" 200 131
INFO 2026-02-09 23:47:48,044 log "GET /api/v1/programs/programs/ HTTP/1.1" 200 638
INFO 2026-02-09 23:47:48,068 log "GET /api/v1/attendance/records/ HTTP/1.1" 200 411
INFO 2026-02-09 23:47:48,096 log "GET /api/v1/attendance/records/stats/ HTTP/1.1" 200 131
INFO 2026-02-09 23:47:48,120 log "GET /api/v1/attendance/records/ HTTP/1.1" 200 411
INFO 2026-02-09 23:47:48,168 log "GET /api/v1/attendance/records/stats/ HTTP/1.1" 200 131
INFO 2026-02-09 23:48:02,362 log "GET /api/v1/attendance/sessions/ HTTP/1.1" 200 52
INFO 2026-02-09 23:48:02,378 log "GET /api/v1/programs/programs/ HTTP/1.1" 200 638
INFO 2026-02-09 23:48:02,382 log "GET /api/v1/attendance/sessions/ HTTP/1.1" 200 52
INFO 2026-02-09 23:48:02,396 log "GET /api/v1/programs/programs/ HTTP/1.1" 200 638
INFO 2026-02-09 23:48:12,582 log "GET /api/v1/attendance/records/ HTTP/1.1" 200 411
INFO 2026-02-09 23:48:12,583 log "GET /api/v1/attendance/records/stats/ HTTP/1.1" 200 131
INFO 2026-02-09 23:48:12,592 log "GET /api/v1/programs/programs/ HTTP/1.1" 200 638
INFO 2026-02-09 23:48:12,643 log "GET /api/v1/attendance/records/stats/ HTTP/1.1" 200 131
INFO 2026-02-09 23:48:12,650 log "GET /api/v1/attendance/records/ HTTP/1.1" 200 411
INFO 2026-02-09 23:48:12,660 log "GET /api/v1/programs/programs/ HTTP/1.1" 200 638
INFO 2026-02-09 23:48:12,700 log "GET /api/v1/attendance/records/ HTTP/1.1" 200 411
INFO 2026-02-09 23:48:12,701 log "GET /api/v1/attendance/records/stats/ HTTP/1.1" 200 131
INFO 2026-02-09 23:48:12,751 log "GET /api/v1/attendance/records/ HTTP/1.1" 200 411
INFO 2026-02-09 23:48:12,801 log "GET /api/v1/attendance/records/stats/ HTTP/1.1" 200 131
INFO 2026-02-09 23:48:25,610 log "GET /api/v1/programs/programs/active/ HTTP/1.1" 200 588
INFO 2026-02-09 23:48:25,623 log "GET /api/v1/programs/programs/active/ HTTP/1.1" 200 588
INFO 2026-02-09 23:48:29,499 log "GET /api/v1/programs/programs/active/ HTTP/1.1" 200 588
INFO 2026-02-09 23:48:29,516 log "GET /api/v1/programs/programs/active/ HTTP/1.1" 200 588
INFO 2026-02-09 23:48:35,716 log "OPTIONS /api/v1/participants/participants/?enrolled_program=1&is_active=true HTTP/1.1" 200 0
INFO 2026-02-09 23:48:35,735 log "GET /api/v1/attendance/sessions/?program=1&session_date=2026-02-09&is_cancelled=false HTTP/1.1" 200 52
INFO 2026-02-09 23:48:35,751 log "GET /api/v1/participants/participants/?enrolled_program=1&is_active=true HTTP/1.1" 200 382
INFO 2026-02-09 23:48:40,754 log "GET /api/v1/attendance/sessions/?program=2&session_date=2026-02-09&is_cancelled=false HTTP/1.1" 200 52
INFO 2026-02-09 23:48:40,764 log "GET /api/v1/participants/participants/?enrolled_program=2&is_active=true HTTP/1.1" 200 382
INFO 2026-02-09 23:48:46,188 log "OPTIONS /api/v1/attendance/sessions/?program=2&session_date=2026-02-10&is_cancelled=false HTTP/1.1" 200 0
INFO 2026-02-09 23:48:46,230 log "GET /api/v1/participants/participants/?enrolled_program=2&is_active=true HTTP/1.1" 200 382
INFO 2026-02-09 23:48:46,235 log "GET /api/v1/attendance/sessions/?program=2&session_date=2026-02-10&is_cancelled=false HTTP/1.1" 200 52
WARNING 2026-02-09 23:48:56,538 log Bad Request: /api/v1/attendance/records/
WARNING 2026-02-09 23:48:56,539 log "POST /api/v1/attendance/records/ HTTP/1.1" 400 44
WARNING 2026-02-09 23:48:56,565 log Bad Request: /api/v1/attendance/records/
WARNING 2026-02-09 23:48:56,567 log "POST /api/v1/attendance/records/ HTTP/1.1" 400 44
INFO 2026-02-09 23:48:58,689 log "GET /api/v1/attendance/records/stats/ HTTP/1.1" 200 131
INFO 2026-02-09 23:48:58,690 log "GET /api/v1/programs/programs/ HTTP/1.1" 200 638
INFO 2026-02-09 23:48:58,697 log "GET /api/v1/attendance/records/ HTTP/1.1" 200 411
INFO 2026-02-09 23:48:58,737 log "GET /api/v1/attendance/records/stats/ HTTP/1.1" 200 131
INFO 2026-02-09 23:48:58,752 log "GET /api/v1/attendance/records/ HTTP/1.1" 200 411
INFO 2026-02-09 23:48:58,761 log "GET /api/v1/programs/programs/ HTTP/1.1" 200 638
INFO 2026-02-09 23:48:58,806 log "GET /api/v1/attendance/records/ HTTP/1.1" 200 411
INFO 2026-02-09 23:48:58,806 log "GET /api/v1/attendance/records/stats/ HTTP/1.1" 200 131
INFO 2026-02-09 23:48:58,864 log "GET /api/v1/attendance/records/ HTTP/1.1" 200 411
INFO 2026-02-09 23:48:58,918 log "GET /api/v1/attendance/records/stats/ HTTP/1.1" 200 131
INFO 2026-02-09 23:49:08,629 log "GET /api/v1/programs/programs/active/ HTTP/1.1" 200 588
INFO 2026-02-09 23:49:08,647 log "GET /api/v1/programs/programs/active/ HTTP/1.1" 200 588
WARNING 2026-02-09 23:49:17,533 log Unauthorized: /api/v1/participants/participants/
INFO 2026-02-09 23:49:17,535 log "OPTIONS /api/v1/attendance/sessions/?program=1&session_date=2026-02-10&is_cancelled=false HTTP/1.1" 200 0
WARNING 2026-02-09 23:49:17,535 log "GET /api/v1/participants/participants/?enrolled_program=1&is_active=true HTTP/1.1" 401 172
WARNING 2026-02-09 23:49:17,543 log Unauthorized: /api/v1/attendance/sessions/
WARNING 2026-02-09 23:49:17,544 log "GET /api/v1/attendance/sessions/?program=1&session_date=2026-02-10&is_cancelled=false HTTP/1.1" 401 172
INFO 2026-02-09 23:49:17,587 log "POST /api/v1/auth/refresh/ HTTP/1.1" 200 489
INFO 2026-02-09 23:49:17,609 log "POST /api/v1/auth/refresh/ HTTP/1.1" 200 489
INFO 2026-02-09 23:49:17,652 log "GET /api/v1/participants/participants/?enrolled_program=1&is_active=true HTTP/1.1" 200 382
INFO 2026-02-09 23:49:17,662 log "GET /api/v1/attendance/sessions/?program=1&session_date=2026-02-10&is_cancelled=false HTTP/1.1" 200 52
INFO 2026-02-09 23:49:27,356 log "POST /api/v1/attendance/records/ HTTP/1.1" 201 539
INFO 2026-02-09 23:49:29,434 log "GET /api/v1/attendance/records/stats/ HTTP/1.1" 200 131
INFO 2026-02-09 23:49:29,442 log "GET /api/v1/attendance/records/ HTTP/1.1" 200 591
INFO 2026-02-09 23:49:29,446 log "GET /api/v1/programs/programs/ HTTP/1.1" 200 638
INFO 2026-02-09 23:49:29,489 log "GET /api/v1/attendance/records/stats/ HTTP/1.1" 200 131
INFO 2026-02-09 23:49:29,509 log "GET /api/v1/attendance/records/ HTTP/1.1" 200 591
INFO 2026-02-09 23:49:29,510 log "GET /api/v1/programs/programs/ HTTP/1.1" 200 638
INFO 2026-02-09 23:49:29,571 log "GET /api/v1/attendance/records/ HTTP/1.1" 200 591
INFO 2026-02-09 23:49:29,576 log "GET /api/v1/attendance/records/stats/ HTTP/1.1" 200 131
INFO 2026-02-09 23:49:29,629 log "GET /api/v1/attendance/records/ HTTP/1.1" 200 591
INFO 2026-02-09 23:49:29,687 log "GET /api/v1/attendance/records/stats/ HTTP/1.1" 200 131
INFO 2026-02-09 23:49:52,149 log "OPTIONS /api/v1/attendance/records/?date_from=2026-02-09 HTTP/1.1" 200 0
INFO 2026-02-09 23:49:52,178 log "GET /api/v1/attendance/records/?date_from=2026-02-09 HTTP/1.1" 200 591
INFO 2026-02-09 23:49:52,222 log "OPTIONS /api/v1/attendance/records/stats/?date_from=2026-02-09 HTTP/1.1" 200 0
INFO 2026-02-09 23:49:52,283 log "GET /api/v1/attendance/records/stats/?date_from=2026-02-09 HTTP/1.1" 200 131
INFO 2026-02-09 23:49:57,715 log "OPTIONS /api/v1/attendance/records/?date_from=2026-02-09&date_to=2026-02-10 HTTP/1.1" 200 0
INFO 2026-02-09 23:49:57,737 log "GET /api/v1/attendance/records/?date_from=2026-02-09&date_to=2026-02-10 HTTP/1.1" 200 591
INFO 2026-02-09 23:49:57,781 log "OPTIONS /api/v1/attendance/records/stats/?date_from=2026-02-09&date_to=2026-02-10 HTTP/1.1" 200 0
INFO 2026-02-09 23:49:57,837 log "GET /api/v1/attendance/records/stats/?date_from=2026-02-09&date_to=2026-02-10 HTTP/1.1" 200 131
INFO 2026-02-09 23:50:10,799 log "GET /api/v1/attendance/records/ HTTP/1.1" 200 591
INFO 2026-02-09 23:50:10,814 log "GET /api/v1/attendance/records/stats/ HTTP/1.1" 200 131
INFO 2026-02-09 23:51:05,777 log "GET /api/v1/attendance/records/ HTTP/1.1" 200 591
INFO 2026-02-09 23:51:05,779 log "GET /api/v1/attendance/records/stats/ HTTP/1.1" 200 131
INFO 2026-02-09 23:51:05,785 log "GET /api/v1/programs/programs/ HTTP/1.1" 200 638
INFO 2026-02-09 23:51:05,809 log "GET /api/v1/attendance/records/ HTTP/1.1" 200 591
INFO 2026-02-09 23:51:05,813 log "GET /api/v1/attendance/records/stats/ HTTP/1.1" 200 131
INFO 2026-02-09 23:51:05,814 log "GET /api/v1/programs/programs/ HTTP/1.1" 200 638
INFO 2026-02-09 23:51:05,884 log "GET /api/v1/attendance/records/ HTTP/1.1" 200 591
INFO 2026-02-09 23:51:05,888 log "GET /api/v1/attendance/records/stats/ HTTP/1.1" 200 131
INFO 2026-02-09 23:51:05,938 log "GET /api/v1/attendance/records/ HTTP/1.1" 200 591
INFO 2026-02-09 23:51:05,987 log "GET /api/v1/attendance/records/stats/ HTTP/1.1" 200 131
INFO 2026-02-09 23:56:20,271 log "GET /api/v1/programs/programs/active/ HTTP/1.1" 200 588
INFO 2026-02-09 23:56:20,283 log "GET /api/v1/programs/programs/active/ HTTP/1.1" 200 588
INFO 2026-02-09 23:56:46,413 log "GET /api/v1/attendance/sessions/?program=2&session_date=2026-02-09&is_cancelled=false HTTP/1.1" 200 52
INFO 2026-02-09 23:58:08,722 log "OPTIONS /api/v1/attendance/records/identify-and-record/ HTTP/1.1" 200 0
WARNING 2026-02-09 23:58:08,740 log Method Not Allowed: /api/v1/attendance/records/identify-and-record/
WARNING 2026-02-09 23:58:08,740 log "POST /api/v1/attendance/records/identify-and-record/ HTTP/1.1" 405 41
INFO 2026-02-09 23:58:29,626 log "GET /api/v1/attendance/records/ HTTP/1.1" 200 591
INFO 2026-02-09 23:58:29,631 log "GET /api/v1/attendance/records/stats/ HTTP/1.1" 200 131
INFO 2026-02-09 23:58:29,672 log "GET /api/v1/programs/programs/ HTTP/1.1" 200 638
INFO 2026-02-09 23:58:29,679 log "GET /api/v1/attendance/records/stats/ HTTP/1.1" 200 131
INFO 2026-02-09 23:58:29,688 log "GET /api/v1/attendance/records/ HTTP/1.1" 200 591
INFO 2026-02-09 23:58:29,708 log "GET /api/v1/programs/programs/ HTTP/1.1" 200 638
INFO 2026-02-09 23:58:29,753 log "GET /api/v1/attendance/records/stats/ HTTP/1.1" 200 131
INFO 2026-02-09 23:58:29,761 log "GET /api/v1/attendance/records/ HTTP/1.1" 200 591
INFO 2026-02-09 23:58:29,812 log "GET /api/v1/attendance/records/ HTTP/1.1" 200 591
INFO 2026-02-09 23:58:29,863 log "GET /api/v1/attendance/records/stats/ HTTP/1.1" 200 131
INFO 2026-02-10 00:02:53,929 log "GET /api/v1/programs/programs/active/ HTTP/1.1" 200 588
INFO 2026-02-10 00:02:53,953 log "GET /api/v1/programs/programs/active/ HTTP/1.1" 200 588
INFO 2026-02-10 00:03:04,155 log "GET /api/v1/participants/participants/?gender=&is_active=true&age_min=&age_max=&search= HTTP/1.1" 200 382
INFO 2026-02-10 00:03:04,169 log "GET /api/v1/participants/participants/stats/ HTTP/1.1" 200 291
INFO 2026-02-10 00:03:04,185 log "GET /api/v1/participants/participants/?gender=&is_active=true&age_min=&age_max=&search= HTTP/1.1" 200 382
INFO 2026-02-10 00:03:04,192 log "GET /api/v1/participants/participants/stats/ HTTP/1.1" 200 291
INFO 2026-02-10 00:04:45,381 log "POST /api/v1/participants/participants/ HTTP/1.1" 201 247
INFO 2026-02-10 00:04:45,389 log "OPTIONS /api/v1/participants/participants/9/upload_photo/ HTTP/1.1" 200 0
ERROR 2026-02-10 00:04:45,718 face_recognition_service Error extracting face encoding: cannot identify image file <_io.BytesIO object at 0x780d189fe1b0>
WARNING 2026-02-10 00:04:45,719 log Bad Request: /api/v1/participants/participants/9/upload_photo/
WARNING 2026-02-10 00:04:45,719 log "POST /api/v1/participants/participants/9/upload_photo/ HTTP/1.1" 400 126
INFO 2026-02-10 00:04:47,307 log "OPTIONS /api/v1/participants/participants/9/ HTTP/1.1" 200 0
INFO 2026-02-10 00:04:47,321 log "OPTIONS /api/v1/participants/participants/9/progress/ HTTP/1.1" 200 0
INFO 2026-02-10 00:04:47,322 log "OPTIONS /api/v1/participants/participants/9/face_encoding_status/ HTTP/1.1" 200 0
INFO 2026-02-10 00:04:47,322 log "OPTIONS /api/v1/participants/notes/?participant=9 HTTP/1.1" 200 0
INFO 2026-02-10 00:04:47,322 log "OPTIONS /api/v1/participants/participants/9/enrollments/ HTTP/1.1" 200 0
INFO 2026-02-10 00:04:47,323 log "OPTIONS /api/v1/participants/participants/9/enrollments/ HTTP/1.1" 200 0
INFO 2026-02-10 00:04:47,335 log "OPTIONS /api/v1/participants/participants/9/progress/ HTTP/1.1" 200 0
INFO 2026-02-10 00:04:47,340 log "OPTIONS /api/v1/participants/participants/9/face_encoding_status/ HTTP/1.1" 200 0
INFO 2026-02-10 00:04:47,342 log "OPTIONS /api/v1/participants/notes/?participant=9 HTTP/1.1" 200 0
INFO 2026-02-10 00:04:47,350 log "GET /api/v1/participants/participants/9/face_encoding_status/ HTTP/1.1" 200 154
INFO 2026-02-10 00:04:47,353 log "GET /api/v1/participants/participants/9/ HTTP/1.1" 200 594
INFO 2026-02-10 00:04:47,360 log "GET /api/v1/participants/participants/9/progress/ HTTP/1.1" 200 182
INFO 2026-02-10 00:04:47,388 log "GET /api/v1/participants/participants/9/enrollments/ HTTP/1.1" 200 2
INFO 2026-02-10 00:04:47,397 log "GET /api/v1/participants/notes/?participant=9 HTTP/1.1" 200 52
INFO 2026-02-10 00:04:47,411 log "GET /api/v1/participants/participants/9/face_encoding_status/ HTTP/1.1" 200 154
INFO 2026-02-10 00:04:47,422 log "GET /api/v1/participants/participants/9/ HTTP/1.1" 200 594
INFO 2026-02-10 00:04:47,423 log "GET /api/v1/participants/participants/9/progress/ HTTP/1.1" 200 182
INFO 2026-02-10 00:04:47,449 log "GET /api/v1/participants/participants/9/enrollments/ HTTP/1.1" 200 2
INFO 2026-02-10 00:04:47,449 log "GET /api/v1/participants/notes/?participant=9 HTTP/1.1" 200 52
INFO 2026-02-10 00:04:47,468 log "GET /media/participants/photos/participant-photo-1770674655627.jpg HTTP/1.1" 200 44803
INFO 2026-02-10 00:05:44,271 log "GET /api/v1/programs/programs/active/ HTTP/1.1" 200 588
INFO 2026-02-10 00:05:44,282 log "GET /api/v1/programs/programs/active/ HTTP/1.1" 200 588
INFO 2026-02-10 00:05:52,253 log "GET /api/v1/attendance/sessions/?program=2&session_date=2026-02-09&is_cancelled=false HTTP/1.1" 200 52
WARNING 2026-02-10 00:06:09,349 log Method Not Allowed: /api/v1/attendance/records/identify-and-record/
WARNING 2026-02-10 00:06:09,349 log "POST /api/v1/attendance/records/identify-and-record/ HTTP/1.1" 405 41
INFO 2026-02-10 00:06:20,195 log "GET /api/v1/attendance/sessions/?program=1&session_date=2026-02-09&is_cancelled=false HTTP/1.1" 200 52
WARNING 2026-02-10 00:06:24,097 log Method Not Allowed: /api/v1/attendance/records/identify-and-record/
WARNING 2026-02-10 00:06:24,098 log "POST /api/v1/attendance/records/identify-and-record/ HTTP/1.1" 405 41
WARNING 2026-02-10 00:06:26,037 log Method Not Allowed: /api/v1/attendance/records/identify-and-record/
WARNING 2026-02-10 00:06:26,037 log "POST /api/v1/attendance/records/identify-and-record/ HTTP/1.1" 405 41
WARNING 2026-02-10 00:06:39,374 log Method Not Allowed: /api/v1/attendance/records/identify-and-record/
WARNING 2026-02-10 00:06:39,374 log "POST /api/v1/attendance/records/identify-and-record/ HTTP/1.1" 405 41
WARNING 2026-02-10 00:07:00,178 log Method Not Allowed: /api/v1/attendance/records/identify-and-record/
WARNING 2026-02-10 00:07:00,179 log "POST /api/v1/attendance/records/identify-and-record/ HTTP/1.1" 405 41
INFO 2026-02-10 00:28:13,421 log "OPTIONS /api/v1/attendance/face-identify/ HTTP/1.1" 200 0
WARNING 2026-02-10 00:28:13,437 log Not Found: /api/v1/attendance/face-identify/
WARNING 2026-02-10 00:28:13,438 log "POST /api/v1/attendance/face-identify/ HTTP/1.1" 404 16450
INFO 2026-02-10 00:28:13,484 log "OPTIONS /api/v1/attendance/identify-and-record/ HTTP/1.1" 200 0
WARNING 2026-02-10 00:28:13,533 log Not Found: /api/v1/attendance/identify-and-record/
WARNING 2026-02-10 00:28:13,534 log "POST /api/v1/attendance/identify-and-record/ HTTP/1.1" 404 16468
INFO 2026-02-10 00:28:13,579 log "OPTIONS /api/v1/face-recognition/identify/ HTTP/1.1" 200 0
WARNING 2026-02-10 00:28:13,625 log Not Found: /api/v1/face-recognition/identify/
WARNING 2026-02-10 00:28:13,625 log "POST /api/v1/face-recognition/identify/ HTTP/1.1" 404 4608
INFO 2026-02-10 00:28:13,672 log "OPTIONS /api/v1/face/identify/ HTTP/1.1" 200 0
WARNING 2026-02-10 00:28:13,726 log Not Found: /api/v1/face/identify/
WARNING 2026-02-10 00:28:13,727 log "POST /api/v1/face/identify/ HTTP/1.1" 404 4572
INFO 2026-02-10 00:28:13,775 log "OPTIONS /api/v1/attendance/records/face-identify/ HTTP/1.1" 200 0
WARNING 2026-02-10 00:28:13,825 log Method Not Allowed: /api/v1/attendance/records/face-identify/
WARNING 2026-02-10 00:28:13,826 log "POST /api/v1/attendance/records/face-identify/ HTTP/1.1" 405 41
INFO 2026-02-10 00:28:13,876 log "OPTIONS /api/v1/attendance/identify/ HTTP/1.1" 200 0
WARNING 2026-02-10 00:28:13,930 log Not Found: /api/v1/attendance/identify/
WARNING 2026-02-10 00:28:13,930 log "POST /api/v1/attendance/identify/ HTTP/1.1" 404 16435
INFO 2026-02-10 00:28:46,821 log "GET /api/v1/programs/programs/active/ HTTP/1.1" 200 588
INFO 2026-02-10 00:28:46,829 log "GET /api/v1/programs/programs/active/ HTTP/1.1" 200 588
INFO 2026-02-10 00:29:04,390 log "GET /api/v1/attendance/sessions/?program=2&session_date=2026-02-09&is_cancelled=false HTTP/1.1" 200 52
WARNING 2026-02-10 00:29:06,775 log Not Found: /api/v1/attendance/face-identify/
WARNING 2026-02-10 00:29:06,775 log "POST /api/v1/attendance/face-identify/ HTTP/1.1" 404 16450
WARNING 2026-02-10 00:29:06,783 log Not Found: /api/v1/attendance/identify-and-record/
WARNING 2026-02-10 00:29:06,784 log "POST /api/v1/attendance/identify-and-record/ HTTP/1.1" 404 16468
WARNING 2026-02-10 00:29:06,840 log Not Found: /api/v1/face-recognition/identify/
WARNING 2026-02-10 00:29:06,840 log "POST /api/v1/face-recognition/identify/ HTTP/1.1" 404 4608
WARNING 2026-02-10 00:29:06,890 log Not Found: /api/v1/face/identify/
WARNING 2026-02-10 00:29:06,891 log "POST /api/v1/face/identify/ HTTP/1.1" 404 4572
WARNING 2026-02-10 00:29:06,945 log Method Not Allowed: /api/v1/attendance/records/face-identify/
WARNING 2026-02-10 00:29:06,945 log "POST /api/v1/attendance/records/face-identify/ HTTP/1.1" 405 41
WARNING 2026-02-10 00:29:06,998 log Not Found: /api/v1/attendance/identify/
WARNING 2026-02-10 00:29:06,998 log "POST /api/v1/attendance/identify/ HTTP/1.1" 404 16435
WARNING 2026-02-10 00:42:08,851 log Method Not Allowed: /api/v1/attendance/records/identify-and-record/
WARNING 2026-02-10 00:42:08,852 log "POST /api/v1/attendance/records/identify-and-record/ HTTP/1.1" 405 41
WARNING 2026-02-10 00:42:08,890 log Not Found: /api/v1/attendance/identify-and-record/
WARNING 2026-02-10 00:42:08,891 log "POST /api/v1/attendance/identify-and-record/ HTTP/1.1" 404 16468
WARNING 2026-02-10 00:42:08,952 log Not Found: /api/v1/attendance/face-identify/
WARNING 2026-02-10 00:42:08,953 log "POST /api/v1/attendance/face-identify/ HTTP/1.1" 404 16450
WARNING 2026-02-10 00:42:09,001 log Not Found: /api/v1/face-recognition/identify/
WARNING 2026-02-10 00:42:09,001 log "POST /api/v1/face-recognition/identify/ HTTP/1.1" 404 4608
INFO 2026-02-10 00:42:15,185 log "GET /api/v1/attendance/records/ HTTP/1.1" 200 591
INFO 2026-02-10 00:42:15,185 log "GET /api/v1/attendance/records/stats/ HTTP/1.1" 200 131
INFO 2026-02-10 00:42:15,189 log "GET /api/v1/programs/programs/ HTTP/1.1" 200 638
INFO 2026-02-10 00:42:15,197 log "GET /api/v1/attendance/records/ HTTP/1.1" 200 591
INFO 2026-02-10 00:42:15,202 log "GET /api/v1/attendance/records/stats/ HTTP/1.1" 200 131
INFO 2026-02-10 00:42:15,208 log "GET /api/v1/programs/programs/ HTTP/1.1" 200 638
INFO 2026-02-10 00:42:15,254 log "GET /api/v1/attendance/records/ HTTP/1.1" 200 591
INFO 2026-02-10 00:42:15,265 log "GET /api/v1/attendance/records/stats/ HTTP/1.1" 200 131
INFO 2026-02-10 00:42:15,307 log "GET /api/v1/attendance/records/ HTTP/1.1" 200 591
INFO 2026-02-10 00:42:15,376 log "GET /api/v1/attendance/records/stats/ HTTP/1.1" 200 131
INFO 2026-02-10 00:42:24,429 log "GET /api/v1/programs/programs/active/ HTTP/1.1" 200 588
INFO 2026-02-10 00:42:24,438 log "GET /api/v1/programs/programs/active/ HTTP/1.1" 200 588
INFO 2026-02-10 00:42:37,526 log "GET /api/v1/attendance/sessions/?program=2&session_date=2026-02-09&is_cancelled=false HTTP/1.1" 200 52
WARNING 2026-02-10 00:42:50,363 log Method Not Allowed: /api/v1/attendance/records/identify-and-record/
WARNING 2026-02-10 00:42:50,364 log "POST /api/v1/attendance/records/identify-and-record/ HTTP/1.1" 405 41
WARNING 2026-02-10 00:42:50,371 log Not Found: /api/v1/attendance/identify-and-record/
WARNING 2026-02-10 00:42:50,371 log "POST /api/v1/attendance/identify-and-record/ HTTP/1.1" 404 16468
WARNING 2026-02-10 00:42:50,428 log Not Found: /api/v1/attendance/face-identify/
WARNING 2026-02-10 00:42:50,429 log "POST /api/v1/attendance/face-identify/ HTTP/1.1" 404 16450
WARNING 2026-02-10 00:42:50,476 log Not Found: /api/v1/face-recognition/identify/
WARNING 2026-02-10 00:42:50,476 log "POST /api/v1/face-recognition/identify/ HTTP/1.1" 404 4608
WARNING 2026-02-10 00:43:10,023 log Method Not Allowed: /api/v1/attendance/records/identify-and-record/
WARNING 2026-02-10 00:43:10,023 log "POST /api/v1/attendance/records/identify-and-record/ HTTP/1.1" 405 41
WARNING 2026-02-10 00:43:10,031 log Not Found: /api/v1/attendance/identify-and-record/
WARNING 2026-02-10 00:43:10,031 log "POST /api/v1/attendance/identify-and-record/ HTTP/1.1" 404 16468
WARNING 2026-02-10 00:43:10,084 log Not Found: /api/v1/attendance/face-identify/
WARNING 2026-02-10 00:43:10,084 log "POST /api/v1/attendance/face-identify/ HTTP/1.1" 404 16450
WARNING 2026-02-10 00:43:10,134 log Not Found: /api/v1/face-recognition/identify/
WARNING 2026-02-10 00:43:10,134 log "POST /api/v1/face-recognition/identify/ HTTP/1.1" 404 4608
WARNING 2026-02-10 00:43:11,768 log Method Not Allowed: /api/v1/attendance/records/identify-and-record/
WARNING 2026-02-10 00:43:11,768 log "POST /api/v1/attendance/records/identify-and-record/ HTTP/1.1" 405 41
WARNING 2026-02-10 00:43:11,776 log Not Found: /api/v1/attendance/identify-and-record/
WARNING 2026-02-10 00:43:11,776 log "POST /api/v1/attendance/identify-and-record/ HTTP/1.1" 404 16468
WARNING 2026-02-10 00:43:11,833 log Not Found: /api/v1/attendance/face-identify/
WARNING 2026-02-10 00:43:11,833 log "POST /api/v1/attendance/face-identify/ HTTP/1.1" 404 16450
WARNING 2026-02-10 00:43:11,881 log Not Found: /api/v1/face-recognition/identify/
WARNING 2026-02-10 00:43:11,881 log "POST /api/v1/face-recognition/identify/ HTTP/1.1" 404 4608
WARNING 2026-02-10 00:43:12,513 log Method Not Allowed: /api/v1/attendance/records/identify-and-record/
WARNING 2026-02-10 00:43:12,514 log "POST /api/v1/attendance/records/identify-and-record/ HTTP/1.1" 405 41
WARNING 2026-02-10 00:43:12,524 log Not Found: /api/v1/attendance/identify-and-record/
WARNING 2026-02-10 00:43:12,524 log "POST /api/v1/attendance/identify-and-record/ HTTP/1.1" 404 16468
WARNING 2026-02-10 00:43:12,575 log Not Found: /api/v1/attendance/face-identify/
WARNING 2026-02-10 00:43:12,575 log "POST /api/v1/attendance/face-identify/ HTTP/1.1" 404 16450
WARNING 2026-02-10 00:43:12,624 log Not Found: /api/v1/face-recognition/identify/
WARNING 2026-02-10 00:43:12,624 log "POST /api/v1/face-recognition/identify/ HTTP/1.1" 404 4608
INFO 2026-02-10 01:04:39,101 log "OPTIONS /api/v1/participants/participants/?gender=&is_active=true&age_min=&age_max=&search= HTTP/1.1" 200 0
INFO 2026-02-10 01:04:39,101 log "OPTIONS /api/v1/participants/participants/stats/ HTTP/1.1" 200 0
INFO 2026-02-10 01:04:39,101 log "OPTIONS /api/v1/participants/participants/?gender=&is_active=true&age_min=&age_max=&search= HTTP/1.1" 200 0
INFO 2026-02-10 01:04:39,102 log "OPTIONS /api/v1/participants/participants/stats/ HTTP/1.1" 200 0
WARNING 2026-02-10 01:04:39,105 log Unauthorized: /api/v1/participants/participants/
WARNING 2026-02-10 01:04:39,106 log Unauthorized: /api/v1/participants/participants/stats/
WARNING 2026-02-10 01:04:39,107 log "GET /api/v1/participants/participants/stats/ HTTP/1.1" 401 172
WARNING 2026-02-10 01:04:39,107 log "GET /api/v1/participants/participants/?gender=&is_active=true&age_min=&age_max=&search= HTTP/1.1" 401 172
WARNING 2026-02-10 01:04:39,150 log Unauthorized: /api/v1/participants/participants/
WARNING 2026-02-10 01:04:39,151 log Unauthorized: /api/v1/participants/participants/stats/
INFO 2026-02-10 01:04:39,152 log "OPTIONS /api/v1/auth/refresh/ HTTP/1.1" 200 0
INFO 2026-02-10 01:04:39,153 log "OPTIONS /api/v1/auth/refresh/ HTTP/1.1" 200 0
WARNING 2026-02-10 01:04:39,153 log "GET /api/v1/participants/participants/?gender=&is_active=true&age_min=&age_max=&search= HTTP/1.1" 401 172
WARNING 2026-02-10 01:04:39,153 log "GET /api/v1/participants/participants/stats/ HTTP/1.1" 401 172
INFO 2026-02-10 01:04:39,156 log "OPTIONS /api/v1/auth/refresh/ HTTP/1.1" 200 0
INFO 2026-02-10 01:04:39,157 log "OPTIONS /api/v1/auth/refresh/ HTTP/1.1" 200 0
INFO 2026-02-10 01:04:39,202 log "POST /api/v1/auth/refresh/ HTTP/1.1" 200 489
INFO 2026-02-10 01:04:39,203 log "POST /api/v1/auth/refresh/ HTTP/1.1" 200 489
INFO 2026-02-10 01:04:39,204 log "POST /api/v1/auth/refresh/ HTTP/1.1" 200 489
INFO 2026-02-10 01:04:39,205 log "POST /api/v1/auth/refresh/ HTTP/1.1" 200 489
INFO 2026-02-10 01:04:39,260 log "GET /api/v1/participants/participants/?gender=&is_active=true&age_min=&age_max=&search= HTTP/1.1" 200 550
INFO 2026-02-10 01:04:39,262 log "GET /api/v1/participants/participants/stats/ HTTP/1.1" 200 305
INFO 2026-02-10 01:04:39,320 log "GET /api/v1/participants/participants/?gender=&is_active=true&age_min=&age_max=&search= HTTP/1.1" 200 550
INFO 2026-02-10 01:04:39,323 log "GET /api/v1/participants/participants/stats/ HTTP/1.1" 200 305
INFO 2026-02-10 01:04:47,953 log "GET /api/v1/participants/participants/9/ HTTP/1.1" 200 594
INFO 2026-02-10 01:04:47,961 log "GET /api/v1/participants/participants/9/ HTTP/1.1" 200 594
INFO 2026-02-10 01:04:48,007 log "GET /media/participants/photos/participant-photo-1770674655627.jpg HTTP/1.1" 304 0
INFO 2026-02-10 01:05:15,833 log "GET /api/v1/participants/participants/9/enrollments/ HTTP/1.1" 200 2
INFO 2026-02-10 01:05:15,833 log "GET /api/v1/participants/participants/9/face_encoding_status/ HTTP/1.1" 200 154
INFO 2026-02-10 01:05:15,835 log "GET /api/v1/participants/notes/?participant=9 HTTP/1.1" 200 52
INFO 2026-02-10 01:05:15,837 log "GET /api/v1/participants/participants/9/ HTTP/1.1" 200 594
INFO 2026-02-10 01:05:15,838 log "GET /api/v1/participants/participants/9/progress/ HTTP/1.1" 200 182
INFO 2026-02-10 01:05:15,869 log "GET /api/v1/participants/participants/9/enrollments/ HTTP/1.1" 200 2
INFO 2026-02-10 01:05:15,872 log "GET /api/v1/participants/participants/9/face_encoding_status/ HTTP/1.1" 200 154
INFO 2026-02-10 01:05:15,875 log "GET /api/v1/participants/participants/9/progress/ HTTP/1.1" 200 182
INFO 2026-02-10 01:05:15,882 log "GET /api/v1/participants/notes/?participant=9 HTTP/1.1" 200 52
INFO 2026-02-10 01:05:15,884 log "GET /api/v1/participants/participants/9/ HTTP/1.1" 200 594
INFO 2026-02-10 01:05:22,537 log "GET /api/v1/programs/programs/active/ HTTP/1.1" 200 588
INFO 2026-02-10 01:05:25,961 log "OPTIONS /api/v1/participants/enrollments/ HTTP/1.1" 200 0
INFO 2026-02-10 01:05:25,970 log "POST /api/v1/participants/enrollments/ HTTP/1.1" 201 180
INFO 2026-02-10 01:05:26,163 log "GET /api/v1/participants/notes/?participant=9 HTTP/1.1" 200 52
INFO 2026-02-10 01:05:26,165 log "GET /api/v1/participants/participants/9/face_encoding_status/ HTTP/1.1" 200 154
INFO 2026-02-10 01:05:26,172 log "GET /api/v1/participants/participants/9/enrollments/ HTTP/1.1" 200 191
INFO 2026-02-10 01:05:26,173 log "GET /api/v1/participants/participants/9/ HTTP/1.1" 200 594
INFO 2026-02-10 01:05:26,175 log "GET /api/v1/participants/participants/9/progress/ HTTP/1.1" 200 371
INFO 2026-02-10 01:05:36,526 log "GET /api/v1/participants/participants/?gender=&is_active=true&age_min=&age_max=&search= HTTP/1.1" 200 550
INFO 2026-02-10 01:05:36,531 log "GET /api/v1/participants/participants/stats/ HTTP/1.1" 200 305
INFO 2026-02-10 01:05:36,536 log "GET /api/v1/participants/participants/?gender=&is_active=true&age_min=&age_max=&search= HTTP/1.1" 200 550
INFO 2026-02-10 01:05:36,544 log "GET /api/v1/participants/participants/stats/ HTTP/1.1" 200 305
INFO 2026-02-10 01:05:41,786 log "OPTIONS /api/v1/participants/participants/4/ HTTP/1.1" 200 0
INFO 2026-02-10 01:05:41,787 log "OPTIONS /api/v1/participants/participants/4/face_encoding_status/ HTTP/1.1" 200 0
INFO 2026-02-10 01:05:41,787 log "OPTIONS /api/v1/participants/participants/4/progress/ HTTP/1.1" 200 0
INFO 2026-02-10 01:05:41,787 log "OPTIONS /api/v1/participants/participants/4/enrollments/ HTTP/1.1" 200 0
INFO 2026-02-10 01:05:41,787 log "OPTIONS /api/v1/participants/notes/?participant=4 HTTP/1.1" 200 0
INFO 2026-02-10 01:05:41,787 log "OPTIONS /api/v1/participants/participants/4/ HTTP/1.1" 200 0
INFO 2026-02-10 01:05:41,791 log "OPTIONS /api/v1/participants/participants/4/enrollments/ HTTP/1.1" 200 0
INFO 2026-02-10 01:05:41,792 log "OPTIONS /api/v1/participants/participants/4/progress/ HTTP/1.1" 200 0
INFO 2026-02-10 01:05:41,795 log "OPTIONS /api/v1/participants/notes/?participant=4 HTTP/1.1" 200 0
INFO 2026-02-10 01:05:41,796 log "OPTIONS /api/v1/participants/participants/4/face_encoding_status/ HTTP/1.1" 200 0
INFO 2026-02-10 01:05:41,806 log "GET /api/v1/participants/participants/4/ HTTP/1.1" 200 515
INFO 2026-02-10 01:05:41,809 log "GET /api/v1/participants/participants/4/progress/ HTTP/1.1" 200 660
INFO 2026-02-10 01:05:41,836 log "GET /api/v1/participants/participants/4/face_encoding_status/ HTTP/1.1" 200 155
INFO 2026-02-10 01:05:41,843 log "GET /api/v1/participants/participants/4/enrollments/ HTTP/1.1" 200 193
INFO 2026-02-10 01:05:41,846 log "GET /api/v1/participants/notes/?participant=4 HTTP/1.1" 200 338
INFO 2026-02-10 01:05:41,858 log "GET /api/v1/participants/participants/4/ HTTP/1.1" 200 515
INFO 2026-02-10 01:05:41,863 log "GET /api/v1/participants/participants/4/progress/ HTTP/1.1" 200 660
INFO 2026-02-10 01:05:41,890 log "GET /api/v1/participants/participants/4/face_encoding_status/ HTTP/1.1" 200 155
INFO 2026-02-10 01:05:41,903 log "GET /api/v1/participants/participants/4/enrollments/ HTTP/1.1" 200 193
INFO 2026-02-10 01:05:41,908 log "GET /api/v1/participants/notes/?participant=4 HTTP/1.1" 200 338
INFO 2026-02-10 01:05:45,291 log "GET /api/v1/participants/participants/?gender=&is_active=true&age_min=&age_max=&search= HTTP/1.1" 200 550
INFO 2026-02-10 01:05:45,298 log "GET /api/v1/participants/participants/stats/ HTTP/1.1" 200 305
INFO 2026-02-10 01:05:45,305 log "GET /api/v1/participants/participants/?gender=&is_active=true&age_min=&age_max=&search= HTTP/1.1" 200 550
INFO 2026-02-10 01:05:45,313 log "GET /api/v1/participants/participants/stats/ HTTP/1.1" 200 305
INFO 2026-02-10 01:05:48,067 log "OPTIONS /api/v1/participants/participants/8/ HTTP/1.1" 200 0
INFO 2026-02-10 01:05:48,069 log "OPTIONS /api/v1/participants/participants/8/enrollments/ HTTP/1.1" 200 0
INFO 2026-02-10 01:05:48,069 log "OPTIONS /api/v1/participants/participants/8/progress/ HTTP/1.1" 200 0
INFO 2026-02-10 01:05:48,069 log "OPTIONS /api/v1/participants/participants/8/ HTTP/1.1" 200 0
INFO 2026-02-10 01:05:48,070 log "OPTIONS /api/v1/participants/participants/8/face_encoding_status/ HTTP/1.1" 200 0
INFO 2026-02-10 01:05:48,070 log "OPTIONS /api/v1/participants/notes/?participant=8 HTTP/1.1" 200 0
INFO 2026-02-10 01:05:48,073 log "OPTIONS /api/v1/participants/participants/8/enrollments/ HTTP/1.1" 200 0
INFO 2026-02-10 01:05:48,075 log "OPTIONS /api/v1/participants/participants/8/face_encoding_status/ HTTP/1.1" 200 0
INFO 2026-02-10 01:05:48,076 log "OPTIONS /api/v1/participants/participants/8/progress/ HTTP/1.1" 200 0
INFO 2026-02-10 01:05:48,077 log "OPTIONS /api/v1/participants/notes/?participant=8 HTTP/1.1" 200 0
INFO 2026-02-10 01:05:48,090 log "GET /api/v1/participants/participants/8/enrollments/ HTTP/1.1" 200 193
INFO 2026-02-10 01:05:48,091 log "GET /api/v1/participants/participants/8/ HTTP/1.1" 200 608
INFO 2026-02-10 01:05:48,126 log "GET /api/v1/participants/participants/8/face_encoding_status/ HTTP/1.1" 200 177
INFO 2026-02-10 01:05:48,131 log "GET /api/v1/participants/notes/?participant=8 HTTP/1.1" 200 339
INFO 2026-02-10 01:05:48,140 log "GET /api/v1/participants/participants/8/progress/ HTTP/1.1" 200 662
INFO 2026-02-10 01:05:48,147 log "GET /api/v1/participants/participants/8/enrollments/ HTTP/1.1" 200 193
INFO 2026-02-10 01:05:48,148 log "GET /api/v1/participants/participants/8/ HTTP/1.1" 200 608
INFO 2026-02-10 01:05:48,170 log "GET /api/v1/participants/participants/8/face_encoding_status/ HTTP/1.1" 200 177
INFO 2026-02-10 01:05:48,179 log "GET /api/v1/participants/notes/?participant=8 HTTP/1.1" 200 339
INFO 2026-02-10 01:05:48,191 log "GET /api/v1/participants/participants/8/progress/ HTTP/1.1" 200 662
INFO 2026-02-10 01:05:48,210 log "GET /media/participants/photos/Screenshot_from_2026-02-09_22-04-05.png HTTP/1.1" 304 0
INFO 2026-02-10 01:06:06,958 log "GET /api/v1/participants/participants/?gender=&is_active=true&age_min=&age_max=&search= HTTP/1.1" 200 550
INFO 2026-02-10 01:06:06,965 log "GET /api/v1/participants/participants/stats/ HTTP/1.1" 200 305
INFO 2026-02-10 01:06:06,975 log "GET /api/v1/participants/participants/?gender=&is_active=true&age_min=&age_max=&search= HTTP/1.1" 200 550
INFO 2026-02-10 01:06:06,980 log "GET /api/v1/participants/participants/stats/ HTTP/1.1" 200 305
INFO 2026-02-10 01:06:15,298 log "GET /api/v1/programs/programs/active/ HTTP/1.1" 200 588
INFO 2026-02-10 01:06:15,308 log "GET /api/v1/programs/programs/active/ HTTP/1.1" 200 588
INFO 2026-02-10 01:06:27,265 log "OPTIONS /api/v1/attendance/sessions/?program=2&session_date=2026-02-09&is_cancelled=false HTTP/1.1" 200 0
INFO 2026-02-10 01:06:27,271 log "GET /api/v1/attendance/sessions/?program=2&session_date=2026-02-09&is_cancelled=false HTTP/1.1" 200 52
WARNING 2026-02-10 01:06:36,133 log Method Not Allowed: /api/v1/attendance/records/identify-and-record/
WARNING 2026-02-10 01:06:36,133 log "POST /api/v1/attendance/records/identify-and-record/ HTTP/1.1" 405 41
WARNING 2026-02-10 01:08:50,440 log Method Not Allowed: /api/v1/attendance/records/identify-and-record/
WARNING 2026-02-10 01:08:50,440 log "POST /api/v1/attendance/records/identify-and-record/ HTTP/1.1" 405 41
WARNING 2026-02-10 01:08:54,565 log Method Not Allowed: /api/v1/attendance/records/identify-and-record/
WARNING 2026-02-10 01:08:54,566 log "POST /api/v1/attendance/records/identify-and-record/ HTTP/1.1" 405 41
INFO 2026-02-10 01:10:14,167 autoreload /home/roger/Project/YouthProgramImpactVirsualizer/apps/attendance/urls.py changed, reloading.
INFO 2026-02-10 01:10:14,722 autoreload Watching for file changes with StatReloader
INFO 2026-02-10 01:10:26,165 autoreload /home/roger/Project/YouthProgramImpactVirsualizer/apps/attendance/urls.py changed, reloading.
INFO 2026-02-10 01:10:26,491 autoreload Watching for file changes with StatReloader
WARNING 2026-02-10 01:10:48,628 log Method Not Allowed: /api/v1/attendance/records/identify-and-record/
WARNING 2026-02-10 01:10:48,629 log "POST /api/v1/attendance/records/identify-and-record/ HTTP/1.1" 405 41
WARNING 2026-02-10 01:14:10,324 log Method Not Allowed: /api/v1/attendance/records/identify-and-record/
WARNING 2026-02-10 01:14:10,325 log "POST /api/v1/attendance/records/identify-and-record/ HTTP/1.1" 405 41
WARNING 2026-02-10 01:24:33,815 log Method Not Allowed: /api/v1/attendance/records/identify-and-record/
WARNING 2026-02-10 01:24:33,815 log "POST /api/v1/attendance/records/identify-and-record/ HTTP/1.1" 405 41
WARNING 2026-02-10 01:24:35,105 log Method Not Allowed: /api/v1/attendance/records/identify-and-record/
WARNING 2026-02-10 01:24:35,106 log "POST /api/v1/attendance/records/identify-and-record/ HTTP/1.1" 405 41
WARNING 2026-02-10 01:24:38,364 log Method Not Allowed: /api/v1/attendance/records/identify-and-record/
WARNING 2026-02-10 01:24:38,364 log "POST /api/v1/attendance/records/identify-and-record/ HTTP/1.1" 405 41
WARNING 2026-02-10 01:24:40,075 log Method Not Allowed: /api/v1/attendance/records/identify-and-record/
WARNING 2026-02-10 01:24:40,076 log "POST /api/v1/attendance/records/identify-and-record/ HTTP/1.1" 405 41
WARNING 2026-02-10 01:25:18,380 log Method Not Allowed: /api/v1/attendance/records/identify-and-record/
WARNING 2026-02-10 01:25:18,380 log "POST /api/v1/attendance/records/identify-and-record/ HTTP/1.1" 405 41
WARNING 2026-02-10 01:31:51,267 log Method Not Allowed: /api/v1/attendance/records/identify-and-record/
WARNING 2026-02-10 01:31:51,268 log "POST /api/v1/attendance/records/identify-and-record/ HTTP/1.1" 405 41
INFO 2026-02-10 01:34:35,734 log "OPTIONS /api/v1/programs/programs/active/ HTTP/1.1" 200 0
INFO 2026-02-10 01:34:35,735 log "OPTIONS /api/v1/programs/programs/active/ HTTP/1.1" 200 0
INFO 2026-02-10 01:34:35,759 log "GET /api/v1/programs/programs/active/ HTTP/1.1" 200 588
INFO 2026-02-10 01:34:35,817 log "GET /api/v1/programs/programs/active/ HTTP/1.1" 200 588
INFO 2026-02-10 07:45:24,643 log "GET /api/v1/programs/programs/active/ HTTP/1.1" 200 587
WARNING 2026-02-10 07:45:24,661 log Unauthorized: /api/v1/programs/programs/active/
WARNING 2026-02-10 07:45:24,666 log "GET /api/v1/programs/programs/active/ HTTP/1.1" 401 172
INFO 2026-02-10 07:45:24,813 log "POST /api/v1/auth/refresh/ HTTP/1.1" 200 489
INFO 2026-02-10 07:45:24,858 log "GET /api/v1/programs/programs/active/ HTTP/1.1" 200 587
INFO 2026-02-10 07:58:35,186 log "GET /api/v1/attendance/sessions/?program=2&session_date=2026-02-09&is_cancelled=false HTTP/1.1" 200 52
INFO 2026-02-10 07:58:37,572 log "OPTIONS /api/v1/attendance/records/identify-and-record/ HTTP/1.1" 200 0
WARNING 2026-02-10 07:58:37,578 log Method Not Allowed: /api/v1/attendance/records/identify-and-record/
WARNING 2026-02-10 07:58:37,579 log "POST /api/v1/attendance/records/identify-and-record/ HTTP/1.1" 405 41
INFO 2026-02-10 09:41:01,490 log "OPTIONS /api/v1/programs/programs/active/ HTTP/1.1" 200 0
INFO 2026-02-10 09:41:01,490 log "OPTIONS /api/v1/programs/programs/active/ HTTP/1.1" 200 0
WARNING 2026-02-10 09:41:01,493 log Unauthorized: /api/v1/programs/programs/active/
WARNING 2026-02-10 09:41:01,494 log "GET /api/v1/programs/programs/active/ HTTP/1.1" 401 172
WARNING 2026-02-10 09:41:01,538 log Unauthorized: /api/v1/programs/programs/active/
WARNING 2026-02-10 09:41:01,538 log "GET /api/v1/programs/programs/active/ HTTP/1.1" 401 172
INFO 2026-02-10 09:41:01,542 log "OPTIONS /api/v1/auth/refresh/ HTTP/1.1" 200 0
INFO 2026-02-10 09:41:01,545 log "OPTIONS /api/v1/auth/refresh/ HTTP/1.1" 200 0
INFO 2026-02-10 09:41:01,598 log "POST /api/v1/auth/refresh/ HTTP/1.1" 200 489
INFO 2026-02-10 09:41:01,600 log "POST /api/v1/auth/refresh/ HTTP/1.1" 200 489
INFO 2026-02-10 09:41:01,693 log "GET /api/v1/programs/programs/active/ HTTP/1.1" 200 587
INFO 2026-02-10 09:41:01,702 log "GET /api/v1/programs/programs/active/ HTTP/1.1" 200 587
WARNING 2026-02-10 13:40:53,035 log Unauthorized: /api/v1/programs/programs/active/
WARNING 2026-02-10 13:40:53,035 log "GET /api/v1/programs/programs/active/ HTTP/1.1" 401 172
WARNING 2026-02-10 13:40:53,039 log Unauthorized: /api/v1/programs/programs/active/
WARNING 2026-02-10 13:40:53,039 log "GET /api/v1/programs/programs/active/ HTTP/1.1" 401 172
INFO 2026-02-10 13:40:53,046 log "POST /api/v1/auth/refresh/ HTTP/1.1" 200 489
INFO 2026-02-10 13:40:53,089 log "POST /api/v1/auth/refresh/ HTTP/1.1" 200 489
INFO 2026-02-10 13:40:53,092 log "GET /api/v1/programs/programs/active/ HTTP/1.1" 200 587
INFO 2026-02-10 13:40:53,142 log "GET /api/v1/programs/programs/active/ HTTP/1.1" 200 587
INFO 2026-02-10 19:01:12,865 log "OPTIONS /api/v1/programs/programs/active/ HTTP/1.1" 200 0
INFO 2026-02-10 19:01:12,868 log "OPTIONS /api/v1/programs/programs/active/ HTTP/1.1" 200 0
WARNING 2026-02-10 19:01:12,932 log Unauthorized: /api/v1/programs/programs/active/
WARNING 2026-02-10 19:01:12,933 log "GET /api/v1/programs/programs/active/ HTTP/1.1" 401 172
WARNING 2026-02-10 19:01:12,977 log Unauthorized: /api/v1/programs/programs/active/
WARNING 2026-02-10 19:01:12,978 log "GET /api/v1/programs/programs/active/ HTTP/1.1" 401 172
INFO 2026-02-10 19:01:12,979 log "OPTIONS /api/v1/auth/refresh/ HTTP/1.1" 200 0
INFO 2026-02-10 19:01:12,982 log "OPTIONS /api/v1/auth/refresh/ HTTP/1.1" 200 0
INFO 2026-02-10 19:01:13,093 log "POST /api/v1/auth/refresh/ HTTP/1.1" 200 489
INFO 2026-02-10 19:01:13,094 log "POST /api/v1/auth/refresh/ HTTP/1.1" 200 489
INFO 2026-02-10 19:01:13,221 log "GET /api/v1/programs/programs/active/ HTTP/1.1" 200 587
INFO 2026-02-10 19:01:13,274 log "GET /api/v1/programs/programs/active/ HTTP/1.1" 200 587
INFO 2026-02-11 01:16:17,193 log "OPTIONS /api/v1/programs/programs/active/ HTTP/1.1" 200 0
INFO 2026-02-11 01:16:17,211 log "OPTIONS /api/v1/programs/programs/active/ HTTP/1.1" 200 0
WARNING 2026-02-11 01:16:17,218 log Unauthorized: /api/v1/programs/programs/active/
WARNING 2026-02-11 01:16:17,219 log "GET /api/v1/programs/programs/active/ HTTP/1.1" 401 172
WARNING 2026-02-11 01:16:17,271 log Unauthorized: /api/v1/programs/programs/active/
WARNING 2026-02-11 01:16:17,277 log "GET /api/v1/programs/programs/active/ HTTP/1.1" 401 172
INFO 2026-02-11 01:16:17,451 log "OPTIONS /api/v1/auth/refresh/ HTTP/1.1" 200 0
INFO 2026-02-11 01:16:17,453 log "OPTIONS /api/v1/auth/refresh/ HTTP/1.1" 200 0
WARNING 2026-02-11 01:16:17,475 log Unauthorized: /api/v1/auth/refresh/
WARNING 2026-02-11 01:16:17,482 log "POST /api/v1/auth/refresh/ HTTP/1.1" 401 54
WARNING 2026-02-11 01:16:17,481 log Unauthorized: /api/v1/auth/refresh/
WARNING 2026-02-11 01:16:17,483 log "POST /api/v1/auth/refresh/ HTTP/1.1" 401 54
INFO 2026-02-11 01:58:34,887 log "OPTIONS /api/v1/auth/login/ HTTP/1.1" 200 0
INFO 2026-02-11 01:58:35,215 log "POST /api/v1/auth/login/ HTTP/1.1" 200 912
INFO 2026-02-11 01:58:43,210 log "OPTIONS /api/v1/attendance/records/ HTTP/1.1" 200 0
INFO 2026-02-11 01:58:43,213 log "OPTIONS /api/v1/attendance/records/ HTTP/1.1" 200 0
INFO 2026-02-11 01:58:43,213 log "OPTIONS /api/v1/programs/programs/ HTTP/1.1" 200 0
INFO 2026-02-11 01:58:43,214 log "OPTIONS /api/v1/attendance/records/stats/ HTTP/1.1" 200 0
INFO 2026-02-11 01:58:43,214 log "OPTIONS /api/v1/attendance/records/stats/ HTTP/1.1" 200 0
INFO 2026-02-11 01:58:43,214 log "OPTIONS /api/v1/programs/programs/ HTTP/1.1" 200 0
INFO 2026-02-11 01:58:43,214 log "OPTIONS /api/v1/attendance/records/ HTTP/1.1" 200 0
INFO 2026-02-11 01:58:43,227 log "OPTIONS /api/v1/attendance/records/ HTTP/1.1" 200 0
INFO 2026-02-11 01:58:43,267 log "GET /api/v1/attendance/records/stats/ HTTP/1.1" 200 131
INFO 2026-02-11 01:58:43,271 log "GET /api/v1/attendance/records/ HTTP/1.1" 200 591
INFO 2026-02-11 01:58:43,274 log "GET /api/v1/programs/programs/ HTTP/1.1" 200 637
INFO 2026-02-11 01:58:43,312 log "GET /api/v1/attendance/records/stats/ HTTP/1.1" 200 131
INFO 2026-02-11 01:58:43,321 log "GET /api/v1/attendance/records/ HTTP/1.1" 200 591
INFO 2026-02-11 01:58:43,327 log "GET /api/v1/programs/programs/ HTTP/1.1" 200 637
INFO 2026-02-11 01:58:43,382 log "GET /api/v1/attendance/records/ HTTP/1.1" 200 591
INFO 2026-02-11 01:58:43,382 log "GET /api/v1/attendance/records/stats/ HTTP/1.1" 200 131
INFO 2026-02-11 01:58:43,432 log "GET /api/v1/attendance/records/ HTTP/1.1" 200 591
INFO 2026-02-11 01:58:43,481 log "GET /api/v1/attendance/records/stats/ HTTP/1.1" 200 131
INFO 2026-02-11 01:58:49,474 log "GET /api/v1/programs/programs/active/ HTTP/1.1" 200 587
INFO 2026-02-11 01:58:49,481 log "GET /api/v1/programs/programs/active/ HTTP/1.1" 200 587
INFO 2026-02-11 01:59:03,335 log "OPTIONS /api/v1/attendance/sessions/?program=2&session_date=2026-02-10&is_cancelled=false HTTP/1.1" 200 0
INFO 2026-02-11 01:59:03,342 log "GET /api/v1/attendance/sessions/?program=2&session_date=2026-02-10&is_cancelled=false HTTP/1.1" 200 52
INFO 2026-02-11 01:59:25,749 log "OPTIONS /api/v1/attendance/records/identify-and-record/ HTTP/1.1" 200 0
WARNING 2026-02-11 01:59:25,786 log Method Not Allowed: /api/v1/attendance/records/identify-and-record/
WARNING 2026-02-11 01:59:25,786 log "POST /api/v1/attendance/records/identify-and-record/ HTTP/1.1" 405 41
INFO 2026-02-11 02:01:37,329 log "GET /api/v1/programs/programs/active/ HTTP/1.1" 200 587
INFO 2026-02-11 02:02:01,040 log "OPTIONS /api/v1/attendance/sessions/?program=2&session_date=2026-02-11&is_cancelled=false HTTP/1.1" 200 0
INFO 2026-02-11 02:02:01,046 log "GET /api/v1/attendance/sessions/?program=2&session_date=2026-02-11&is_cancelled=false HTTP/1.1" 200 52
WARNING 2026-02-11 02:02:04,846 log Method Not Allowed: /api/v1/attendance/records/identify-and-record/
WARNING 2026-02-11 02:02:04,847 log "POST /api/v1/attendance/records/identify-and-record/ HTTP/1.1" 405 41
INFO 2026-02-11 02:10:33,255 autoreload Watching for file changes with StatReloader
WARNING 2026-02-11 02:11:35,382 log Method Not Allowed: /api/v1/attendance/records/identify-and-record/
WARNING 2026-02-11 02:11:35,382 log "POST /api/v1/attendance/records/identify-and-record/ HTTP/1.1" 405 41
WARNING 2026-02-11 02:12:49,727 log Method Not Allowed: /api/v1/attendance/records/identify-and-record/
WARNING 2026-02-11 02:12:49,728 log "POST /api/v1/attendance/records/identify-and-record/ HTTP/1.1" 405 41
INFO 2026-02-11 02:19:00,548 autoreload /home/roger/Project/YouthProgramImpactVirsualizer/apps/attendance/urls.py changed, reloading.
INFO 2026-02-11 02:19:01,092 autoreload Watching for file changes with StatReloader
INFO 2026-02-11 02:20:20,544 log "GET /api/v1/programs/programs/active/ HTTP/1.1" 200 587
INFO 2026-02-11 02:20:20,551 log "GET /api/v1/programs/programs/active/ HTTP/1.1" 200 587
INFO 2026-02-11 02:20:25,176 log "OPTIONS /api/v1/participants/participants/?enrolled_program=2&is_active=true HTTP/1.1" 200 0
INFO 2026-02-11 02:20:25,183 log "GET /api/v1/attendance/sessions/?program=2&session_date=2026-02-11&is_cancelled=false HTTP/1.1" 200 52
INFO 2026-02-11 02:20:25,189 log "GET /api/v1/participants/participants/?enrolled_program=2&is_active=true HTTP/1.1" 200 550
WARNING 2026-02-11 02:20:40,034 log Bad Request: /api/v1/attendance/records/
WARNING 2026-02-11 02:20:40,034 log "POST /api/v1/attendance/records/ HTTP/1.1" 400 44
WARNING 2026-02-11 02:20:40,043 log Bad Request: /api/v1/attendance/records/
WARNING 2026-02-11 02:20:40,043 log "POST /api/v1/attendance/records/ HTTP/1.1" 400 44
WARNING 2026-02-11 02:20:40,103 log Bad Request: /api/v1/attendance/records/
WARNING 2026-02-11 02:20:40,103 log "POST /api/v1/attendance/records/ HTTP/1.1" 400 44
INFO 2026-02-11 02:20:42,227 log "GET /api/v1/attendance/records/ HTTP/1.1" 200 591
INFO 2026-02-11 02:20:42,228 log "GET /api/v1/attendance/records/stats/ HTTP/1.1" 200 131
INFO 2026-02-11 02:20:42,233 log "GET /api/v1/programs/programs/ HTTP/1.1" 200 637
INFO 2026-02-11 02:20:42,258 log "GET /api/v1/attendance/records/ HTTP/1.1" 200 591
INFO 2026-02-11 02:20:42,258 log "GET /api/v1/attendance/records/stats/ HTTP/1.1" 200 131
INFO 2026-02-11 02:20:42,266 log "GET /api/v1/programs/programs/ HTTP/1.1" 200 637
INFO 2026-02-11 02:20:42,319 log "GET /api/v1/attendance/records/ HTTP/1.1" 200 591
INFO 2026-02-11 02:20:42,320 log "GET /api/v1/attendance/records/stats/ HTTP/1.1" 200 131
INFO 2026-02-11 02:20:42,372 log "GET /api/v1/attendance/records/ HTTP/1.1" 200 591
INFO 2026-02-11 02:20:42,430 log "GET /api/v1/attendance/records/stats/ HTTP/1.1" 200 131
INFO 2026-02-11 02:20:55,943 log "GET /api/v1/programs/programs/active/ HTTP/1.1" 200 587
INFO 2026-02-11 02:20:55,949 log "GET /api/v1/programs/programs/active/ HTTP/1.1" 200 587
INFO 2026-02-11 02:21:00,571 log "GET /api/v1/attendance/sessions/?program=2&session_date=2026-02-11&is_cancelled=false HTTP/1.1" 200 52
INFO 2026-02-11 02:21:00,573 log "GET /api/v1/participants/participants/?enrolled_program=2&is_active=true HTTP/1.1" 200 550
INFO 2026-02-11 02:21:08,637 log "POST /api/v1/attendance/records/ HTTP/1.1" 201 539
INFO 2026-02-11 02:21:08,653 log "POST /api/v1/attendance/records/ HTTP/1.1" 201 539
INFO 2026-02-11 02:21:08,707 log "POST /api/v1/attendance/records/ HTTP/1.1" 201 539
INFO 2026-02-11 02:21:10,806 log "GET /api/v1/attendance/records/stats/ HTTP/1.1" 200 131
INFO 2026-02-11 02:21:10,811 log "GET /api/v1/programs/programs/ HTTP/1.1" 200 637
INFO 2026-02-11 02:21:10,812 log "GET /api/v1/attendance/records/ HTTP/1.1" 200 1131
INFO 2026-02-11 02:21:10,818 log "GET /api/v1/attendance/records/stats/ HTTP/1.1" 200 131
INFO 2026-02-11 02:21:10,831 log "GET /api/v1/programs/programs/ HTTP/1.1" 200 637
INFO 2026-02-11 02:21:10,831 log "GET /api/v1/attendance/records/ HTTP/1.1" 200 1131
INFO 2026-02-11 02:21:10,886 log "GET /api/v1/attendance/records/ HTTP/1.1" 200 1131
INFO 2026-02-11 02:21:10,906 log "GET /api/v1/attendance/records/stats/ HTTP/1.1" 200 131
INFO 2026-02-11 02:21:10,939 log "GET /api/v1/attendance/records/ HTTP/1.1" 200 1131
INFO 2026-02-11 02:21:11,021 log "GET /api/v1/attendance/records/stats/ HTTP/1.1" 200 131
INFO 2026-02-11 02:22:10,160 autoreload Watching for file changes with StatReloader
INFO 2026-02-11 02:27:51,873 log "GET /api/v1/programs/programs/active/ HTTP/1.1" 200 587
INFO 2026-02-11 02:27:51,886 log "GET /api/v1/programs/programs/active/ HTTP/1.1" 200 587
INFO 2026-02-11 02:27:54,697 log "GET /api/v1/attendance/sessions/?program=2&session_date=2026-02-11&is_cancelled=false HTTP/1.1" 200 52
WARNING 2026-02-11 02:28:23,245 log Method Not Allowed: /api/v1/attendance/records/identify-and-record/
WARNING 2026-02-11 02:28:23,246 log "POST /api/v1/attendance/records/identify-and-record/ HTTP/1.1" 405 41
INFO 2026-02-11 02:34:49,171 autoreload Watching for file changes with StatReloader
WARNING 2026-02-11 02:34:58,436 log Method Not Allowed: /api/v1/attendance/records/identify-and-record/
WARNING 2026-02-11 02:34:58,438 log "POST /api/v1/attendance/records/identify-and-record/ HTTP/1.1" 405 41
INFO 2026-02-11 02:53:41,348 log "GET /api/v1/programs/programs/active/ HTTP/1.1" 200 587
INFO 2026-02-11 02:53:47,586 log "GET /api/v1/attendance/sessions/?program=2&session_date=2026-02-11&is_cancelled=false HTTP/1.1" 200 52
WARNING 2026-02-11 02:54:02,281 log Method Not Allowed: /api/v1/attendance/records/identify-and-record/
WARNING 2026-02-11 02:54:02,281 log "POST /api/v1/attendance/records/identify-and-record/ HTTP/1.1" 405 41
INFO 2026-02-11 02:57:20,889 autoreload /home/roger/Project/YouthProgramImpactVirsualizer/apps/attendance/views.py changed, reloading.
INFO 2026-02-11 02:57:21,505 autoreload Watching for file changes with StatReloader
INFO 2026-02-11 02:57:48,654 autoreload /home/roger/Project/YouthProgramImpactVirsualizer/apps/attendance/views.py changed, reloading.
INFO 2026-02-11 02:57:49,147 autoreload Watching for file changes with StatReloader
INFO 2026-02-11 02:58:20,192 autoreload /home/roger/Project/YouthProgramImpactVirsualizer/apps/attendance/views.py changed, reloading.
INFO 2026-02-11 02:58:20,735 autoreload Watching for file changes with StatReloader
INFO 2026-02-11 02:58:37,124 autoreload /home/roger/Project/YouthProgramImpactVirsualizer/apps/attendance/views.py changed, reloading.
INFO 2026-02-11 02:58:37,732 autoreload Watching for file changes with StatReloader
WARNING 2026-02-11 02:58:57,509 log Unauthorized: /api/v1/attendance/records/identify-and-record/
WARNING 2026-02-11 02:58:57,510 log "POST /api/v1/attendance/records/identify-and-record/ HTTP/1.1" 401 172
INFO 2026-02-11 02:58:57,526 log "POST /api/v1/auth/refresh/ HTTP/1.1" 200 489
WARNING 2026-02-11 02:58:57,579 log Method Not Allowed: /api/v1/attendance/records/identify-and-record/
WARNING 2026-02-11 02:58:57,580 log "POST /api/v1/attendance/records/identify-and-record/ HTTP/1.1" 405 41
INFO 2026-02-11 03:02:41,277 autoreload Watching for file changes with StatReloader
WARNING 2026-02-11 03:03:17,561 log Method Not Allowed: /api/v1/attendance/records/identify-and-record/
WARNING 2026-02-11 03:03:17,562 log "POST /api/v1/attendance/records/identify-and-record/ HTTP/1.1" 405 41
INFO 2026-02-11 03:15:15,243 autoreload Watching for file changes with StatReloader
INFO 2026-02-11 03:16:17,411 log "OPTIONS /api/v1/programs/programs/active/ HTTP/1.1" 200 0
INFO 2026-02-11 03:16:17,413 log "OPTIONS /api/v1/programs/programs/active/ HTTP/1.1" 200 0
INFO 2026-02-11 03:16:17,461 log "GET /api/v1/programs/programs/active/ HTTP/1.1" 200 587
INFO 2026-02-11 03:16:17,520 log "GET /api/v1/programs/programs/active/ HTTP/1.1" 200 587
INFO 2026-02-11 03:16:35,154 log "OPTIONS /api/v1/attendance/sessions/?program=2&session_date=2026-02-11&is_cancelled=false HTTP/1.1" 200 0
INFO 2026-02-11 03:16:35,180 log "GET /api/v1/attendance/sessions/?program=2&session_date=2026-02-11&is_cancelled=false HTTP/1.1" 200 52
INFO 2026-02-11 03:16:37,751 log "OPTIONS /api/v1/attendance/records/identify-and-record/ HTTP/1.1" 200 0
WARNING 2026-02-11 03:16:37,760 log Method Not Allowed: /api/v1/attendance/records/identify-and-record/
WARNING 2026-02-11 03:16:37,761 log "POST /api/v1/attendance/records/identify-and-record/ HTTP/1.1" 405 41
INFO 2026-02-11 03:17:04,646 log "OPTIONS /api/v1/attendance/records/ HTTP/1.1" 200 0
INFO 2026-02-11 03:17:04,648 log "OPTIONS /api/v1/programs/programs/ HTTP/1.1" 200 0
INFO 2026-02-11 03:17:04,649 log "OPTIONS /api/v1/attendance/records/stats/ HTTP/1.1" 200 0
INFO 2026-02-11 03:17:04,649 log "OPTIONS /api/v1/attendance/records/ HTTP/1.1" 200 0
INFO 2026-02-11 03:17:04,654 log "OPTIONS /api/v1/attendance/records/ HTTP/1.1" 200 0
INFO 2026-02-11 03:17:04,655 log "OPTIONS /api/v1/programs/programs/ HTTP/1.1" 200 0
INFO 2026-02-11 03:17:04,665 log "OPTIONS /api/v1/attendance/records/stats/ HTTP/1.1" 200 0
INFO 2026-02-11 03:17:04,680 log "OPTIONS /api/v1/attendance/records/ HTTP/1.1" 200 0
INFO 2026-02-11 03:17:04,701 log "GET /api/v1/attendance/records/ HTTP/1.1" 200 1131
INFO 2026-02-11 03:17:04,705 log "GET /api/v1/attendance/records/stats/ HTTP/1.1" 200 131
INFO 2026-02-11 03:17:04,712 log "GET /api/v1/programs/programs/ HTTP/1.1" 200 637
INFO 2026-02-11 03:17:04,771 log "GET /api/v1/attendance/records/stats/ HTTP/1.1" 200 131
INFO 2026-02-11 03:17:04,771 log "GET /api/v1/attendance/records/ HTTP/1.1" 200 1131
INFO 2026-02-11 03:17:04,788 log "GET /api/v1/programs/programs/ HTTP/1.1" 200 637
INFO 2026-02-11 03:17:04,841 log "GET /api/v1/attendance/records/stats/ HTTP/1.1" 200 131
INFO 2026-02-11 03:17:04,841 log "GET /api/v1/attendance/records/ HTTP/1.1" 200 1131
INFO 2026-02-11 03:17:04,902 log "GET /api/v1/attendance/records/ HTTP/1.1" 200 1131
INFO 2026-02-11 03:17:04,953 log "GET /api/v1/attendance/records/stats/ HTTP/1.1" 200 131
INFO 2026-02-11 03:17:13,501 log "OPTIONS /api/v1/attendance/sessions/ HTTP/1.1" 200 0
INFO 2026-02-11 03:17:13,501 log "OPTIONS /api/v1/attendance/sessions/ HTTP/1.1" 200 0
INFO 2026-02-11 03:17:13,538 log "GET /api/v1/attendance/sessions/ HTTP/1.1" 200 52
INFO 2026-02-11 03:17:13,539 log "GET /api/v1/programs/programs/ HTTP/1.1" 200 637
INFO 2026-02-11 03:17:13,575 log "GET /api/v1/programs/programs/ HTTP/1.1" 200 637
INFO 2026-02-11 03:17:13,592 log "GET /api/v1/attendance/sessions/ HTTP/1.1" 200 52
INFO 2026-02-11 03:23:24,459 log "GET /api/v1/programs/programs/active/ HTTP/1.1" 200 587
INFO 2026-02-11 03:23:24,476 log "GET /api/v1/programs/programs/active/ HTTP/1.1" 200 587
INFO 2026-02-11 03:23:27,888 log "GET /api/v1/programs/programs/active/ HTTP/1.1" 200 587
INFO 2026-02-11 03:23:27,906 log "GET /api/v1/programs/programs/active/ HTTP/1.1" 200 587
INFO 2026-02-11 08:43:31,762 autoreload Watching for file changes with StatReloader
INFO 2026-02-11 08:45:41,124 log "OPTIONS /api/v1/programs/programs/active/ HTTP/1.1" 200 0
INFO 2026-02-11 08:45:41,128 log "OPTIONS /api/v1/programs/programs/active/ HTTP/1.1" 200 0
WARNING 2026-02-11 08:45:41,144 log Unauthorized: /api/v1/programs/programs/active/
WARNING 2026-02-11 08:45:41,144 log "GET /api/v1/programs/programs/active/ HTTP/1.1" 401 172
INFO 2026-02-11 08:45:41,157 log "OPTIONS /api/v1/auth/refresh/ HTTP/1.1" 200 0
WARNING 2026-02-11 08:45:41,175 log Unauthorized: /api/v1/programs/programs/active/
WARNING 2026-02-11 08:45:41,175 log "GET /api/v1/programs/programs/active/ HTTP/1.1" 401 172
INFO 2026-02-11 08:45:41,209 log "POST /api/v1/auth/refresh/ HTTP/1.1" 200 489
INFO 2026-02-11 08:45:41,227 log "POST /api/v1/auth/refresh/ HTTP/1.1" 200 489
INFO 2026-02-11 08:45:41,268 log "GET /api/v1/programs/programs/active/ HTTP/1.1" 200 587
INFO 2026-02-11 08:45:41,324 log "GET /api/v1/programs/programs/active/ HTTP/1.1" 200 587
INFO 2026-02-11 08:46:25,520 log "OPTIONS /api/v1/auth/logout/ HTTP/1.1" 200 0
WARNING 2026-02-11 08:46:25,529 log Bad Request: /api/v1/auth/logout/
WARNING 2026-02-11 08:46:25,530 log "POST /api/v1/auth/logout/ HTTP/1.1" 400 42
INFO 2026-02-11 08:46:35,411 log "OPTIONS /api/v1/auth/login/ HTTP/1.1" 200 0
INFO 2026-02-11 08:46:35,837 log "POST /api/v1/auth/login/ HTTP/1.1" 200 912
INFO 2026-02-11 08:46:41,696 log "GET /api/v1/programs/programs/active/ HTTP/1.1" 200 587
INFO 2026-02-11 08:46:41,706 log "GET /api/v1/programs/programs/active/ HTTP/1.1" 200 587
INFO 2026-02-11 08:46:44,980 log "OPTIONS /api/v1/attendance/sessions/?program=2&session_date=2026-02-11&is_cancelled=false HTTP/1.1" 200 0
INFO 2026-02-11 08:46:44,991 log "GET /api/v1/attendance/sessions/?program=2&session_date=2026-02-11&is_cancelled=false HTTP/1.1" 200 52
INFO 2026-02-11 08:46:58,805 log "OPTIONS /api/v1/attendance/records/identify-and-record/ HTTP/1.1" 200 0
WARNING 2026-02-11 08:46:58,811 log Method Not Allowed: /api/v1/attendance/records/identify-and-record/
WARNING 2026-02-11 08:46:58,811 log "POST /api/v1/attendance/records/identify-and-record/ HTTP/1.1" 405 41
INFO 2026-02-11 08:47:41,453 log "OPTIONS /api/v1/participants/participants/?gender=&is_active=true&age_min=&age_max=&search= HTTP/1.1" 200 0
INFO 2026-02-11 08:47:41,455 log "OPTIONS /api/v1/participants/participants/stats/ HTTP/1.1" 200 0
INFO 2026-02-11 08:47:41,461 log "OPTIONS /api/v1/participants/participants/stats/ HTTP/1.1" 200 0
INFO 2026-02-11 08:47:41,462 log "OPTIONS /api/v1/participants/participants/?gender=&is_active=true&age_min=&age_max=&search= HTTP/1.1" 200 0
INFO 2026-02-11 08:47:41,480 log "GET /api/v1/participants/participants/?gender=&is_active=true&age_min=&age_max=&search= HTTP/1.1" 200 550
INFO 2026-02-11 08:47:41,489 log "GET /api/v1/participants/participants/stats/ HTTP/1.1" 200 305
INFO 2026-02-11 08:47:41,499 log "GET /api/v1/participants/participants/?gender=&is_active=true&age_min=&age_max=&search= HTTP/1.1" 200 550
INFO 2026-02-11 08:47:41,546 log "GET /api/v1/participants/participants/stats/ HTTP/1.1" 200 305
INFO 2026-02-11 08:48:59,925 log "OPTIONS /api/v1/participants/participants/ HTTP/1.1" 200 0
INFO 2026-02-11 08:48:59,942 log "POST /api/v1/participants/participants/ HTTP/1.1" 201 242
INFO 2026-02-11 08:48:59,987 log "OPTIONS /api/v1/participants/participants/10/upload_photo/ HTTP/1.1" 200 0
WARNING 2026-02-11 08:49:00,232 log Bad Request: /api/v1/participants/participants/10/upload_photo/
WARNING 2026-02-11 08:49:00,233 log "POST /api/v1/participants/participants/10/upload_photo/ HTTP/1.1" 400 170
INFO 2026-02-11 08:49:01,803 log "OPTIONS /api/v1/participants/participants/10/ HTTP/1.1" 200 0
INFO 2026-02-11 08:49:01,803 log "OPTIONS /api/v1/participants/participants/10/enrollments/ HTTP/1.1" 200 0
INFO 2026-02-11 08:49:01,804 log "OPTIONS /api/v1/participants/participants/10/progress/ HTTP/1.1" 200 0
INFO 2026-02-11 08:49:01,806 log "OPTIONS /api/v1/participants/participants/10/face_encoding_status/ HTTP/1.1" 200 0
INFO 2026-02-11 08:49:01,811 log "OPTIONS /api/v1/participants/notes/?participant=10 HTTP/1.1" 200 0
INFO 2026-02-11 08:49:01,814 log "OPTIONS /api/v1/participants/participants/10/face_encoding_status/ HTTP/1.1" 200 0
INFO 2026-02-11 08:49:01,815 log "OPTIONS /api/v1/participants/participants/10/progress/ HTTP/1.1" 200 0
INFO 2026-02-11 08:49:01,815 log "OPTIONS /api/v1/participants/notes/?participant=10 HTTP/1.1" 200 0
INFO 2026-02-11 08:49:01,815 log "OPTIONS /api/v1/participants/participants/10/enrollments/ HTTP/1.1" 200 0
INFO 2026-02-11 08:49:01,816 log "OPTIONS /api/v1/participants/participants/10/ HTTP/1.1" 200 0
INFO 2026-02-11 08:49:01,836 log "GET /api/v1/participants/participants/10/enrollments/ HTTP/1.1" 200 2
INFO 2026-02-11 08:49:01,837 log "GET /api/v1/participants/participants/10/ HTTP/1.1" 200 501
INFO 2026-02-11 08:49:01,889 log "GET /api/v1/participants/participants/10/face_encoding_status/ HTTP/1.1" 200 155
INFO 2026-02-11 08:49:01,896 log "GET /api/v1/participants/notes/?participant=10 HTTP/1.1" 200 52
INFO 2026-02-11 08:49:01,897 log "GET /api/v1/participants/participants/10/progress/ HTTP/1.1" 200 180
INFO 2026-02-11 08:49:01,916 log "GET /api/v1/participants/participants/10/enrollments/ HTTP/1.1" 200 2
INFO 2026-02-11 08:49:01,918 log "GET /api/v1/participants/participants/10/ HTTP/1.1" 200 501
INFO 2026-02-11 08:49:01,930 log "GET /api/v1/participants/participants/10/face_encoding_status/ HTTP/1.1" 200 155
INFO 2026-02-11 08:49:01,952 log "GET /api/v1/participants/notes/?participant=10 HTTP/1.1" 200 52
INFO 2026-02-11 08:49:01,960 log "GET /api/v1/participants/participants/10/progress/ HTTP/1.1" 200 180
INFO 2026-02-11 08:49:12,592 log "GET /api/v1/programs/programs/active/ HTTP/1.1" 200 587
INFO 2026-02-11 08:49:19,017 log "OPTIONS /api/v1/participants/enrollments/ HTTP/1.1" 200 0
INFO 2026-02-11 08:49:19,062 log "POST /api/v1/participants/enrollments/ HTTP/1.1" 201 181
INFO 2026-02-11 08:49:19,148 log "GET /api/v1/participants/participants/10/enrollments/ HTTP/1.1" 200 191
INFO 2026-02-11 08:49:19,156 log "GET /api/v1/participants/participants/10/face_encoding_status/ HTTP/1.1" 200 155
INFO 2026-02-11 08:49:19,162 log "GET /api/v1/participants/notes/?participant=10 HTTP/1.1" 200 52
INFO 2026-02-11 08:49:19,166 log "GET /api/v1/participants/participants/10/ HTTP/1.1" 200 501
INFO 2026-02-11 08:49:19,167 log "GET /api/v1/participants/participants/10/progress/ HTTP/1.1" 200 369
INFO 2026-02-11 08:49:40,992 log "GET /api/v1/participants/participants/?gender=&is_active=true&age_min=&age_max=&search= HTTP/1.1" 200 717
INFO 2026-02-11 08:49:40,997 log "GET /api/v1/participants/participants/stats/ HTTP/1.1" 200 292
INFO 2026-02-11 08:49:41,009 log "GET /api/v1/participants/participants/?gender=&is_active=true&age_min=&age_max=&search= HTTP/1.1" 200 717
INFO 2026-02-11 08:49:41,019 log "GET /api/v1/participants/participants/stats/ HTTP/1.1" 200 292
INFO 2026-02-11 08:49:45,137 log "GET /api/v1/participants/participants/10/face_encoding_status/ HTTP/1.1" 200 155
INFO 2026-02-11 08:49:45,150 log "GET /api/v1/participants/participants/10/enrollments/ HTTP/1.1" 200 191
INFO 2026-02-11 08:49:45,219 log "GET /api/v1/participants/notes/?participant=10 HTTP/1.1" 200 52
INFO 2026-02-11 08:49:45,228 log "GET /api/v1/participants/participants/10/ HTTP/1.1" 200 501
INFO 2026-02-11 08:49:45,237 log "GET /api/v1/participants/participants/10/face_encoding_status/ HTTP/1.1" 200 155
INFO 2026-02-11 08:49:45,248 log "GET /api/v1/participants/participants/10/enrollments/ HTTP/1.1" 200 191
INFO 2026-02-11 08:49:45,260 log "GET /api/v1/participants/participants/10/progress/ HTTP/1.1" 200 369
INFO 2026-02-11 08:49:45,261 log "GET /api/v1/participants/notes/?participant=10 HTTP/1.1" 200 52
INFO 2026-02-11 08:49:45,272 log "GET /api/v1/participants/participants/10/ HTTP/1.1" 200 501
INFO 2026-02-11 08:49:45,277 log "GET /api/v1/participants/participants/10/progress/ HTTP/1.1" 200 369
INFO 2026-02-11 08:49:48,267 log "GET /api/v1/participants/participants/?gender=&is_active=true&age_min=&age_max=&search= HTTP/1.1" 200 717
INFO 2026-02-11 08:49:48,276 log "GET /api/v1/participants/participants/stats/ HTTP/1.1" 200 292
INFO 2026-02-11 08:49:48,285 log "GET /api/v1/participants/participants/?gender=&is_active=true&age_min=&age_max=&search= HTTP/1.1" 200 717
INFO 2026-02-11 08:49:48,298 log "GET /api/v1/participants/participants/stats/ HTTP/1.1" 200 292
INFO 2026-02-11 08:49:52,209 log "OPTIONS /api/v1/participants/participants/9/progress/ HTTP/1.1" 200 0
INFO 2026-02-11 08:49:52,210 log "OPTIONS /api/v1/participants/participants/9/ HTTP/1.1" 200 0
INFO 2026-02-11 08:49:52,210 log "OPTIONS /api/v1/participants/notes/?participant=9 HTTP/1.1" 200 0
INFO 2026-02-11 08:49:52,211 log "OPTIONS /api/v1/participants/participants/9/enrollments/ HTTP/1.1" 200 0
INFO 2026-02-11 08:49:52,211 log "OPTIONS /api/v1/participants/participants/9/face_encoding_status/ HTTP/1.1" 200 0
INFO 2026-02-11 08:49:52,211 log "OPTIONS /api/v1/participants/participants/9/enrollments/ HTTP/1.1" 200 0
INFO 2026-02-11 08:49:52,212 log "OPTIONS /api/v1/participants/participants/9/ HTTP/1.1" 200 0
INFO 2026-02-11 08:49:52,221 log "OPTIONS /api/v1/participants/participants/9/face_encoding_status/ HTTP/1.1" 200 0
INFO 2026-02-11 08:49:52,222 log "OPTIONS /api/v1/participants/notes/?participant=9 HTTP/1.1" 200 0
INFO 2026-02-11 08:49:52,222 log "OPTIONS /api/v1/participants/participants/9/progress/ HTTP/1.1" 200 0
INFO 2026-02-11 08:49:52,240 log "GET /api/v1/participants/participants/9/enrollments/ HTTP/1.1" 200 193
INFO 2026-02-11 08:49:52,243 log "GET /api/v1/participants/participants/9/progress/ HTTP/1.1" 200 377
INFO 2026-02-11 08:49:52,280 log "GET /api/v1/participants/participants/9/ HTTP/1.1" 200 594
INFO 2026-02-11 08:49:52,290 log "GET /api/v1/participants/notes/?participant=9 HTTP/1.1" 200 52
INFO 2026-02-11 08:49:52,292 log "GET /api/v1/participants/participants/9/face_encoding_status/ HTTP/1.1" 200 154
INFO 2026-02-11 08:49:52,314 log "GET /api/v1/participants/participants/9/enrollments/ HTTP/1.1" 200 193
INFO 2026-02-11 08:49:52,327 log "GET /api/v1/participants/participants/9/progress/ HTTP/1.1" 200 377
INFO 2026-02-11 08:49:52,347 log "GET /api/v1/participants/notes/?participant=9 HTTP/1.1" 200 52
INFO 2026-02-11 08:49:52,349 log "GET /api/v1/participants/participants/9/ HTTP/1.1" 200 594
INFO 2026-02-11 08:49:52,353 log "GET /api/v1/participants/participants/9/face_encoding_status/ HTTP/1.1" 200 154
INFO 2026-02-11 08:49:52,371 log "GET /media/participants/photos/participant-photo-1770674655627.jpg HTTP/1.1" 304 0
INFO 2026-02-11 08:50:09,835 log "OPTIONS /api/v1/participants/participants/9/update_face_encoding/ HTTP/1.1" 200 0
INFO 2026-02-11 08:50:10,116 face_recognition_service Updated face encoding for participant YP-2026-IXQY1C
INFO 2026-02-11 08:50:10,119 log "POST /api/v1/participants/participants/9/update_face_encoding/ HTTP/1.1" 200 718
INFO 2026-02-11 08:50:10,194 log "GET /api/v1/participants/notes/?participant=9 HTTP/1.1" 200 52
INFO 2026-02-11 08:50:10,198 log "GET /api/v1/participants/participants/9/face_encoding_status/ HTTP/1.1" 200 177
INFO 2026-02-11 08:50:10,203 log "GET /api/v1/participants/participants/9/enrollments/ HTTP/1.1" 200 193
INFO 2026-02-11 08:50:10,205 log "GET /api/v1/participants/participants/9/ HTTP/1.1" 200 594
INFO 2026-02-11 08:50:10,212 log "GET /api/v1/participants/participants/9/progress/ HTTP/1.1" 200 377
INFO 2026-02-11 08:50:14,612 log "GET /api/v1/programs/programs/active/ HTTP/1.1" 200 587
INFO 2026-02-11 08:50:14,621 log "GET /api/v1/programs/programs/active/ HTTP/1.1" 200 587
INFO 2026-02-11 08:50:19,028 log "GET /api/v1/attendance/sessions/?program=2&session_date=2026-02-11&is_cancelled=false HTTP/1.1" 200 52
WARNING 2026-02-11 08:50:28,588 log Method Not Allowed: /api/v1/attendance/records/identify-and-record/
WARNING 2026-02-11 08:50:28,588 log "POST /api/v1/attendance/records/identify-and-record/ HTTP/1.1" 405 41
INFO 2026-02-11 09:16:33,327 autoreload /home/roger/Project/YouthProgramImpactVirsualizer/apps/attendance/views.py changed, reloading.
INFO 2026-02-11 09:16:33,768 autoreload Watching for file changes with StatReloader
INFO 2026-02-11 09:16:53,537 autoreload /home/roger/Project/YouthProgramImpactVirsualizer/apps/attendance/views.py changed, reloading.
INFO 2026-02-11 09:16:53,935 autoreload Watching for file changes with StatReloader
WARNING 2026-02-11 09:17:49,697 log Bad Request: /api/v1/attendance/records/identify-and-record/
WARNING 2026-02-11 09:17:49,698 log "POST /api/v1/attendance/records/identify-and-record/ HTTP/1.1" 400 73
INFO 2026-02-11 09:25:50,117 autoreload Watching for file changes with StatReloader
WARNING 2026-02-11 09:28:12,150 log Bad Request: /api/v1/attendance/records/identify-and-record/
WARNING 2026-02-11 09:28:12,150 log "POST /api/v1/attendance/records/identify-and-record/ HTTP/1.1" 400 73
WARNING 2026-02-11 09:28:18,909 log Bad Request: /api/v1/attendance/records/identify-and-record/
WARNING 2026-02-11 09:28:18,909 log "POST /api/v1/attendance/records/identify-and-record/ HTTP/1.1" 400 73
INFO 2026-02-11 09:29:51,813 autoreload /home/roger/Project/YouthProgramImpactVirsualizer/apps/attendance/face_recognition_service.py changed, reloading.
INFO 2026-02-11 09:29:52,372 autoreload Watching for file changes with StatReloader
INFO 2026-02-11 09:32:11,224 autoreload /home/roger/Project/YouthProgramImpactVirsualizer/apps/attendance/views.py changed, reloading.
INFO 2026-02-11 09:32:11,796 autoreload Watching for file changes with StatReloader
WARNING 2026-02-11 09:33:55,198 log Bad Request: /api/v1/attendance/records/identify-and-record/
WARNING 2026-02-11 09:33:55,198 log "POST /api/v1/attendance/records/identify-and-record/ HTTP/1.1" 400 113
WARNING 2026-02-11 15:34:07,739 log Unauthorized: /api/v1/attendance/records/identify-and-record/
WARNING 2026-02-11 15:34:07,740 log "POST /api/v1/attendance/records/identify-and-record/ HTTP/1.1" 401 172
INFO 2026-02-11 15:34:07,755 log "POST /api/v1/auth/refresh/ HTTP/1.1" 200 489
WARNING 2026-02-11 15:34:08,028 log Bad Request: /api/v1/attendance/records/identify-and-record/
WARNING 2026-02-11 15:34:08,029 log "POST /api/v1/attendance/records/identify-and-record/ HTTP/1.1" 400 113
WARNING 2026-02-11 15:37:01,211 log Bad Request: /api/v1/attendance/records/identify-and-record/
WARNING 2026-02-11 15:37:01,212 log "POST /api/v1/attendance/records/identify-and-record/ HTTP/1.1" 400 113
INFO 2026-02-11 15:40:46,742 autoreload Watching for file changes with StatReloader
WARNING 2026-02-11 15:41:56,329 log Bad Request: /api/v1/attendance/records/identify-and-record/
WARNING 2026-02-11 15:41:56,329 log "POST /api/v1/attendance/records/identify-and-record/ HTTP/1.1" 400 113
INFO 2026-02-11 15:42:05,189 log "GET /api/v1/programs/programs/active/ HTTP/1.1" 200 587
INFO 2026-02-11 15:42:05,220 log "GET /api/v1/programs/programs/active/ HTTP/1.1" 200 587
INFO 2026-02-11 15:42:12,888 log "GET /api/v1/attendance/sessions/?program=2&session_date=2026-02-11&is_cancelled=false HTTP/1.1" 200 52
WARNING 2026-02-11 15:42:37,821 log Bad Request: /api/v1/attendance/records/identify-and-record/
WARNING 2026-02-11 15:42:37,821 log "POST /api/v1/attendance/records/identify-and-record/ HTTP/1.1" 400 113
WARNING 2026-02-11 15:43:23,666 log Bad Request: /api/v1/attendance/records/identify-and-record/
WARNING 2026-02-11 15:43:23,667 log "POST /api/v1/attendance/records/identify-and-record/ HTTP/1.1" 400 113
INFO 2026-02-11 15:43:28,844 log "OPTIONS /api/v1/attendance/records/ HTTP/1.1" 200 0
INFO 2026-02-11 15:43:28,847 log "OPTIONS /api/v1/programs/programs/ HTTP/1.1" 200 0
INFO 2026-02-11 15:43:28,855 log "OPTIONS /api/v1/attendance/records/stats/ HTTP/1.1" 200 0
INFO 2026-02-11 15:43:28,856 log "OPTIONS /api/v1/attendance/records/ HTTP/1.1" 200 0
INFO 2026-02-11 15:43:28,858 log "OPTIONS /api/v1/attendance/records/stats/ HTTP/1.1" 200 0
INFO 2026-02-11 15:43:28,859 log "OPTIONS /api/v1/programs/programs/ HTTP/1.1" 200 0
INFO 2026-02-11 15:43:28,859 log "OPTIONS /api/v1/attendance/records/ HTTP/1.1" 200 0
INFO 2026-02-11 15:43:28,889 log "GET /api/v1/programs/programs/ HTTP/1.1" 200 637
INFO 2026-02-11 15:43:28,895 log "GET /api/v1/attendance/records/ HTTP/1.1" 200 1131
INFO 2026-02-11 15:43:28,898 log "GET /api/v1/attendance/records/stats/ HTTP/1.1" 200 131
INFO 2026-02-11 15:43:28,940 log "GET /api/v1/attendance/records/ HTTP/1.1" 200 1131
INFO 2026-02-11 15:43:28,960 log "GET /api/v1/attendance/records/stats/ HTTP/1.1" 200 131
INFO 2026-02-11 15:43:28,964 log "GET /api/v1/programs/programs/ HTTP/1.1" 200 637
INFO 2026-02-11 15:43:29,014 log "GET /api/v1/attendance/records/ HTTP/1.1" 200 1131
INFO 2026-02-11 15:43:29,069 log "GET /api/v1/attendance/records/stats/ HTTP/1.1" 200 131
INFO 2026-02-11 15:43:29,092 log "GET /api/v1/attendance/records/ HTTP/1.1" 200 1131
INFO 2026-02-11 15:43:29,146 log "GET /api/v1/attendance/records/stats/ HTTP/1.1" 200 131
INFO 2026-02-11 15:43:32,764 log "GET /api/v1/programs/programs/active/ HTTP/1.1" 200 587
INFO 2026-02-11 15:43:32,783 log "GET /api/v1/programs/programs/active/ HTTP/1.1" 200 587
INFO 2026-02-11 15:44:31,753 log "GET /api/v1/attendance/sessions/?program=2&session_date=2026-02-11&is_cancelled=false HTTP/1.1" 200 52
INFO 2026-02-11 15:44:35,463 log "POST /api/v1/attendance/records/identify-and-record/ HTTP/1.1" 200 713
INFO 2026-02-11 15:45:31,699 log "POST /api/v1/attendance/records/identify-and-record/ HTTP/1.1" 200 713
INFO 2026-02-11 15:45:37,980 log "GET /api/v1/attendance/records/stats/ HTTP/1.1" 200 135
INFO 2026-02-11 15:45:37,991 log "GET /api/v1/attendance/records/ HTTP/1.1" 200 1141
INFO 2026-02-11 15:45:37,994 log "GET /api/v1/programs/programs/ HTTP/1.1" 200 637
INFO 2026-02-11 15:45:38,028 log "GET /api/v1/attendance/records/stats/ HTTP/1.1" 200 135
INFO 2026-02-11 15:45:38,034 log "GET /api/v1/attendance/records/ HTTP/1.1" 200 1141
INFO 2026-02-11 15:45:38,040 log "GET /api/v1/programs/programs/ HTTP/1.1" 200 637
INFO 2026-02-11 15:45:38,100 log "GET /api/v1/attendance/records/ HTTP/1.1" 200 1141
INFO 2026-02-11 15:45:38,143 log "GET /api/v1/attendance/records/stats/ HTTP/1.1" 200 135
INFO 2026-02-11 15:45:38,155 log "GET /api/v1/attendance/records/ HTTP/1.1" 200 1141
INFO 2026-02-11 15:45:38,295 log "GET /api/v1/attendance/records/stats/ HTTP/1.1" 200 135
INFO 2026-02-11 15:46:06,966 log "GET /api/v1/programs/programs/active/ HTTP/1.1" 200 587
INFO 2026-02-11 15:46:06,983 log "GET /api/v1/programs/programs/active/ HTTP/1.1" 200 587
INFO 2026-02-11 15:46:11,328 log "GET /api/v1/attendance/records/stats/ HTTP/1.1" 200 135
INFO 2026-02-11 15:46:11,336 log "GET /api/v1/attendance/records/ HTTP/1.1" 200 1141
INFO 2026-02-11 15:46:11,339 log "GET /api/v1/programs/programs/ HTTP/1.1" 200 637
INFO 2026-02-11 15:46:11,378 log "GET /api/v1/attendance/records/stats/ HTTP/1.1" 200 135
INFO 2026-02-11 15:46:11,389 log "GET /api/v1/attendance/records/ HTTP/1.1" 200 1141
INFO 2026-02-11 15:46:11,393 log "GET /api/v1/programs/programs/ HTTP/1.1" 200 637
INFO 2026-02-11 15:46:11,452 log "GET /api/v1/attendance/records/ HTTP/1.1" 200 1141
INFO 2026-02-11 15:46:11,456 log "GET /api/v1/attendance/records/stats/ HTTP/1.1" 200 135
INFO 2026-02-11 15:46:11,507 log "GET /api/v1/attendance/records/ HTTP/1.1" 200 1141
INFO 2026-02-11 15:46:11,558 log "GET /api/v1/attendance/records/stats/ HTTP/1.1" 200 135
INFO 2026-02-11 15:56:45,305 log "GET /api/v1/programs/programs/active/ HTTP/1.1" 200 587
INFO 2026-02-11 15:56:45,328 log "GET /api/v1/programs/programs/active/ HTTP/1.1" 200 587
INFO 2026-02-11 15:56:53,306 log "OPTIONS /api/v1/attendance/sessions/ HTTP/1.1" 200 0
INFO 2026-02-11 15:56:53,306 log "OPTIONS /api/v1/attendance/sessions/ HTTP/1.1" 200 0
INFO 2026-02-11 15:56:53,329 log "GET /api/v1/attendance/sessions/ HTTP/1.1" 200 52
INFO 2026-02-11 15:56:53,332 log "GET /api/v1/programs/programs/ HTTP/1.1" 200 637
INFO 2026-02-11 15:56:53,360 log "GET /api/v1/programs/programs/ HTTP/1.1" 200 637
INFO 2026-02-11 15:56:53,384 log "GET /api/v1/attendance/sessions/ HTTP/1.1" 200 52
INFO 2026-02-11 15:56:55,996 log "GET /api/v1/programs/programs/active/ HTTP/1.1" 200 587
INFO 2026-02-11 15:56:56,012 log "GET /api/v1/programs/programs/active/ HTTP/1.1" 200 587
INFO 2026-02-11 15:56:59,217 log "OPTIONS /api/v1/participants/participants/?enrolled_program=2&is_active=true HTTP/1.1" 200 0
INFO 2026-02-11 15:56:59,235 log "GET /api/v1/attendance/sessions/?program=2&session_date=2026-02-11&is_cancelled=false HTTP/1.1" 200 52
INFO 2026-02-11 15:56:59,245 log "GET /api/v1/participants/participants/?enrolled_program=2&is_active=true HTTP/1.1" 200 717
INFO 2026-02-11 15:57:17,995 log "POST /api/v1/attendance/records/ HTTP/1.1" 201 540
WARNING 2026-02-11 15:57:18,005 log Bad Request: /api/v1/attendance/records/
WARNING 2026-02-11 15:57:18,005 log "POST /api/v1/attendance/records/ HTTP/1.1" 400 100
WARNING 2026-02-11 15:57:18,058 log Bad Request: /api/v1/attendance/records/
WARNING 2026-02-11 15:57:18,059 log "POST /api/v1/attendance/records/ HTTP/1.1" 400 100
WARNING 2026-02-11 15:57:18,118 log Bad Request: /api/v1/attendance/records/
WARNING 2026-02-11 15:57:18,118 log "POST /api/v1/attendance/records/ HTTP/1.1" 400 100
INFO 2026-02-11 15:57:20,201 log "GET /api/v1/attendance/records/stats/ HTTP/1.1" 200 135
INFO 2026-02-11 15:57:20,217 log "GET /api/v1/attendance/records/ HTTP/1.1" 200 1321
INFO 2026-02-11 15:57:20,217 log "GET /api/v1/programs/programs/ HTTP/1.1" 200 637
INFO 2026-02-11 15:57:20,227 log "GET /api/v1/attendance/records/stats/ HTTP/1.1" 200 135
INFO 2026-02-11 15:57:20,244 log "GET /api/v1/programs/programs/ HTTP/1.1" 200 637
INFO 2026-02-11 15:57:20,246 log "GET /api/v1/attendance/records/ HTTP/1.1" 200 1321
INFO 2026-02-11 15:57:20,314 log "GET /api/v1/attendance/records/stats/ HTTP/1.1" 200 135
INFO 2026-02-11 15:57:20,318 log "GET /api/v1/attendance/records/ HTTP/1.1" 200 1321
INFO 2026-02-11 15:57:20,380 log "GET /api/v1/attendance/records/ HTTP/1.1" 200 1321
INFO 2026-02-11 15:57:20,429 log "GET /api/v1/attendance/records/stats/ HTTP/1.1" 200 135
INFO 2026-02-11 16:23:41,832 log "GET /api/v1/programs/programs/active/ HTTP/1.1" 200 587
INFO 2026-02-11 16:23:41,848 log "GET /api/v1/programs/programs/active/ HTTP/1.1" 200 587
INFO 2026-02-11 16:23:47,699 log "GET /api/v1/attendance/records/stats/ HTTP/1.1" 200 135
INFO 2026-02-11 16:23:47,713 log "GET /api/v1/attendance/records/ HTTP/1.1" 200 1321
INFO 2026-02-11 16:23:47,718 log "GET /api/v1/programs/programs/ HTTP/1.1" 200 637
INFO 2026-02-11 16:23:47,736 log "GET /api/v1/attendance/records/stats/ HTTP/1.1" 200 135
INFO 2026-02-11 16:23:47,736 log "GET /api/v1/attendance/records/ HTTP/1.1" 200 1321
INFO 2026-02-11 16:23:47,767 log "GET /api/v1/programs/programs/ HTTP/1.1" 200 637
INFO 2026-02-11 16:23:47,771 log "GET /api/v1/attendance/records/ HTTP/1.1" 200 1321
INFO 2026-02-11 16:23:47,822 log "GET /api/v1/attendance/records/ HTTP/1.1" 200 1321
INFO 2026-02-11 16:23:47,834 log "GET /api/v1/attendance/records/stats/ HTTP/1.1" 200 135
INFO 2026-02-11 16:23:47,900 log "GET /api/v1/attendance/records/stats/ HTTP/1.1" 200 135
INFO 2026-02-11 16:23:56,048 log "GET /api/v1/participants/participants/?gender=&is_active=true&age_min=&age_max=&search= HTTP/1.1" 200 717
INFO 2026-02-11 16:23:56,053 log "GET /api/v1/participants/participants/stats/ HTTP/1.1" 200 292
INFO 2026-02-11 16:23:56,069 log "GET /api/v1/participants/participants/?gender=&is_active=true&age_min=&age_max=&search= HTTP/1.1" 200 717
INFO 2026-02-11 16:23:56,074 log "GET /api/v1/participants/participants/stats/ HTTP/1.1" 200 292
INFO 2026-02-11 16:24:03,213 log "GET /api/v1/participants/participants/10/face_encoding_status/ HTTP/1.1" 200 155
INFO 2026-02-11 16:24:03,224 log "GET /api/v1/participants/notes/?participant=10 HTTP/1.1" 200 52
INFO 2026-02-11 16:24:03,224 log "GET /api/v1/participants/participants/10/enrollments/ HTTP/1.1" 200 193
INFO 2026-02-11 16:24:03,232 log "GET /api/v1/participants/participants/10/ HTTP/1.1" 200 501
INFO 2026-02-11 16:24:03,245 log "GET /api/v1/participants/notes/?participant=10 HTTP/1.1" 200 52
INFO 2026-02-11 16:24:03,247 log "GET /api/v1/participants/participants/10/progress/ HTTP/1.1" 200 375
INFO 2026-02-11 16:24:03,256 log "GET /api/v1/participants/participants/10/face_encoding_status/ HTTP/1.1" 200 155
INFO 2026-02-11 16:24:03,273 log "GET /api/v1/participants/participants/10/enrollments/ HTTP/1.1" 200 193
INFO 2026-02-11 16:24:03,283 log "GET /api/v1/participants/participants/10/ HTTP/1.1" 200 501
INFO 2026-02-11 16:24:03,289 log "GET /api/v1/participants/participants/10/progress/ HTTP/1.1" 200 375
INFO 2026-02-11 16:24:05,450 log "GET /api/v1/participants/participants/?gender=&is_active=true&age_min=&age_max=&search= HTTP/1.1" 200 717
INFO 2026-02-11 16:24:05,450 log "GET /api/v1/participants/participants/stats/ HTTP/1.1" 200 292
INFO 2026-02-11 16:24:05,473 log "GET /api/v1/participants/participants/?gender=&is_active=true&age_min=&age_max=&search= HTTP/1.1" 200 717
INFO 2026-02-11 16:24:05,477 log "GET /api/v1/participants/participants/stats/ HTTP/1.1" 200 292
INFO 2026-02-11 16:24:08,997 log "OPTIONS /api/v1/participants/participants/4/ HTTP/1.1" 200 0
INFO 2026-02-11 16:24:08,998 log "OPTIONS /api/v1/participants/notes/?participant=4 HTTP/1.1" 200 0
INFO 2026-02-11 16:24:08,998 log "OPTIONS /api/v1/participants/participants/4/enrollments/ HTTP/1.1" 200 0
INFO 2026-02-11 16:24:08,998 log "OPTIONS /api/v1/participants/participants/4/face_encoding_status/ HTTP/1.1" 200 0
INFO 2026-02-11 16:24:08,998 log "OPTIONS /api/v1/participants/participants/4/ HTTP/1.1" 200 0
INFO 2026-02-11 16:24:08,998 log "OPTIONS /api/v1/participants/participants/4/progress/ HTTP/1.1" 200 0
INFO 2026-02-11 16:24:09,008 log "OPTIONS /api/v1/participants/notes/?participant=4 HTTP/1.1" 200 0
INFO 2026-02-11 16:24:09,010 log "OPTIONS /api/v1/participants/participants/4/enrollments/ HTTP/1.1" 200 0
INFO 2026-02-11 16:24:09,010 log "OPTIONS /api/v1/participants/participants/4/progress/ HTTP/1.1" 200 0
INFO 2026-02-11 16:24:09,011 log "OPTIONS /api/v1/participants/participants/4/face_encoding_status/ HTTP/1.1" 200 0
INFO 2026-02-11 16:24:09,027 log "GET /api/v1/participants/notes/?participant=4 HTTP/1.1" 200 338
INFO 2026-02-11 16:24:09,029 log "GET /api/v1/participants/participants/4/ HTTP/1.1" 200 515
INFO 2026-02-11 16:24:09,062 log "GET /api/v1/participants/participants/4/enrollments/ HTTP/1.1" 200 193
INFO 2026-02-11 16:24:09,070 log "GET /api/v1/participants/participants/4/face_encoding_status/ HTTP/1.1" 200 155
INFO 2026-02-11 16:24:09,089 log "GET /api/v1/participants/participants/4/progress/ HTTP/1.1" 200 660
INFO 2026-02-11 16:24:09,102 log "GET /api/v1/participants/notes/?participant=4 HTTP/1.1" 200 338
INFO 2026-02-11 16:24:09,113 log "GET /api/v1/participants/participants/4/ HTTP/1.1" 200 515
INFO 2026-02-11 16:24:09,138 log "GET /api/v1/participants/participants/4/face_encoding_status/ HTTP/1.1" 200 155
INFO 2026-02-11 16:24:09,141 log "GET /api/v1/participants/participants/4/enrollments/ HTTP/1.1" 200 193
INFO 2026-02-11 16:24:09,155 log "GET /api/v1/participants/participants/4/progress/ HTTP/1.1" 200 660
INFO 2026-02-11 16:24:11,389 log "GET /api/v1/participants/participants/?gender=&is_active=true&age_min=&age_max=&search= HTTP/1.1" 200 717
INFO 2026-02-11 16:24:11,393 log "GET /api/v1/participants/participants/stats/ HTTP/1.1" 200 292
INFO 2026-02-11 16:24:11,412 log "GET /api/v1/participants/participants/?gender=&is_active=true&age_min=&age_max=&search= HTTP/1.1" 200 717
INFO 2026-02-11 16:24:11,417 log "GET /api/v1/participants/participants/stats/ HTTP/1.1" 200 292
INFO 2026-02-11 16:24:14,447 log "OPTIONS /api/v1/participants/participants/8/ HTTP/1.1" 200 0
INFO 2026-02-11 16:24:14,447 log "OPTIONS /api/v1/participants/participants/8/ HTTP/1.1" 200 0
INFO 2026-02-11 16:24:14,447 log "OPTIONS /api/v1/participants/participants/8/face_encoding_status/ HTTP/1.1" 200 0
INFO 2026-02-11 16:24:14,447 log "OPTIONS /api/v1/participants/participants/8/enrollments/ HTTP/1.1" 200 0
INFO 2026-02-11 16:24:14,447 log "OPTIONS /api/v1/participants/participants/8/progress/ HTTP/1.1" 200 0
INFO 2026-02-11 16:24:14,448 log "OPTIONS /api/v1/participants/notes/?participant=8 HTTP/1.1" 200 0
INFO 2026-02-11 16:24:14,458 log "OPTIONS /api/v1/participants/participants/8/face_encoding_status/ HTTP/1.1" 200 0
INFO 2026-02-11 16:24:14,460 log "OPTIONS /api/v1/participants/participants/8/enrollments/ HTTP/1.1" 200 0
INFO 2026-02-11 16:24:14,461 log "OPTIONS /api/v1/participants/participants/8/progress/ HTTP/1.1" 200 0
INFO 2026-02-11 16:24:14,461 log "OPTIONS /api/v1/participants/notes/?participant=8 HTTP/1.1" 200 0
INFO 2026-02-11 16:24:14,472 log "GET /api/v1/participants/participants/8/face_encoding_status/ HTTP/1.1" 200 177
INFO 2026-02-11 16:24:14,474 log "GET /api/v1/participants/participants/8/ HTTP/1.1" 200 608
INFO 2026-02-11 16:24:14,529 log "GET /api/v1/participants/participants/8/enrollments/ HTTP/1.1" 200 193
INFO 2026-02-11 16:24:14,559 log "GET /api/v1/participants/participants/8/face_encoding_status/ HTTP/1.1" 200 177
INFO 2026-02-11 16:24:14,563 log "GET /api/v1/participants/notes/?participant=8 HTTP/1.1" 200 339
INFO 2026-02-11 16:24:14,566 log "GET /api/v1/participants/participants/8/ HTTP/1.1" 200 608
INFO 2026-02-11 16:24:14,581 log "GET /api/v1/participants/participants/8/enrollments/ HTTP/1.1" 200 193
INFO 2026-02-11 16:24:14,581 log "GET /api/v1/participants/participants/8/progress/ HTTP/1.1" 200 662
INFO 2026-02-11 16:24:14,614 log "GET /api/v1/participants/notes/?participant=8 HTTP/1.1" 200 339
INFO 2026-02-11 16:24:14,635 log "GET /api/v1/participants/participants/8/progress/ HTTP/1.1" 200 662
INFO 2026-02-11 16:24:14,694 log "GET /media/participants/photos/Screenshot_from_2026-02-09_22-04-05.png HTTP/1.1" 304 0
INFO 2026-02-11 18:02:34,851 autoreload Watching for file changes with StatReloader
INFO 2026-02-11 18:03:21,432 log "OPTIONS /api/v1/attendance/records/ HTTP/1.1" 200 0
INFO 2026-02-11 18:03:21,433 log "OPTIONS /api/v1/programs/programs/ HTTP/1.1" 200 0
INFO 2026-02-11 18:03:21,434 log "OPTIONS /api/v1/attendance/records/stats/ HTTP/1.1" 200 0
INFO 2026-02-11 18:03:21,434 log "OPTIONS /api/v1/attendance/records/ HTTP/1.1" 200 0
INFO 2026-02-11 18:03:21,435 log "OPTIONS /api/v1/attendance/records/ HTTP/1.1" 200 0
INFO 2026-02-11 18:03:21,436 log "OPTIONS /api/v1/programs/programs/ HTTP/1.1" 200 0
INFO 2026-02-11 18:03:21,436 log "OPTIONS /api/v1/attendance/records/stats/ HTTP/1.1" 200 0
INFO 2026-02-11 18:03:21,442 log "OPTIONS /api/v1/attendance/records/ HTTP/1.1" 200 0
WARNING 2026-02-11 18:03:21,455 log Unauthorized: /api/v1/programs/programs/
WARNING 2026-02-11 18:03:21,456 log Unauthorized: /api/v1/attendance/records/stats/
WARNING 2026-02-11 18:03:21,458 log "GET /api/v1/programs/programs/ HTTP/1.1" 401 172
WARNING 2026-02-11 18:03:21,458 log Unauthorized: /api/v1/attendance/records/
WARNING 2026-02-11 18:03:21,459 log "GET /api/v1/attendance/records/ HTTP/1.1" 401 172
WARNING 2026-02-11 18:03:21,460 log "GET /api/v1/attendance/records/stats/ HTTP/1.1" 401 172
WARNING 2026-02-11 18:03:21,502 log Unauthorized: /api/v1/programs/programs/
WARNING 2026-02-11 18:03:21,503 log "GET /api/v1/programs/programs/ HTTP/1.1" 401 172
WARNING 2026-02-11 18:03:21,507 log Unauthorized: /api/v1/attendance/records/
WARNING 2026-02-11 18:03:21,512 log Unauthorized: /api/v1/attendance/records/stats/
INFO 2026-02-11 18:03:21,518 log "OPTIONS /api/v1/auth/refresh/ HTTP/1.1" 200 0
WARNING 2026-02-11 18:03:21,520 log "GET /api/v1/attendance/records/stats/ HTTP/1.1" 401 172
INFO 2026-02-11 18:03:21,520 log "OPTIONS /api/v1/auth/refresh/ HTTP/1.1" 200 0
INFO 2026-02-11 18:03:21,519 log "OPTIONS /api/v1/auth/refresh/ HTTP/1.1" 200 0
WARNING 2026-02-11 18:03:21,519 log "GET /api/v1/attendance/records/ HTTP/1.1" 401 172
WARNING 2026-02-11 18:03:21,535 log Unauthorized: /api/v1/auth/refresh/
WARNING 2026-02-11 18:03:21,536 log "POST /api/v1/auth/refresh/ HTTP/1.1" 401 54
WARNING 2026-02-11 18:03:21,559 log Unauthorized: /api/v1/attendance/records/
WARNING 2026-02-11 18:03:21,561 log Unauthorized: /api/v1/auth/refresh/
WARNING 2026-02-11 18:03:21,566 log Unauthorized: /api/v1/auth/refresh/
WARNING 2026-02-11 18:03:21,563 log Unauthorized: /api/v1/auth/refresh/
WARNING 2026-02-11 18:03:21,568 log Unauthorized: /api/v1/auth/refresh/
WARNING 2026-02-11 18:03:21,568 log "GET /api/v1/attendance/records/ HTTP/1.1" 401 172
WARNING 2026-02-11 18:03:21,569 log "POST /api/v1/auth/refresh/ HTTP/1.1" 401 54
WARNING 2026-02-11 18:03:21,570 log "POST /api/v1/auth/refresh/ HTTP/1.1" 401 54
WARNING 2026-02-11 18:03:21,571 log "POST /api/v1/auth/refresh/ HTTP/1.1" 401 54
WARNING 2026-02-11 18:03:21,572 log "POST /api/v1/auth/refresh/ HTTP/1.1" 401 54
WARNING 2026-02-11 18:03:21,585 log Unauthorized: /api/v1/auth/refresh/
WARNING 2026-02-11 18:03:21,586 log "POST /api/v1/auth/refresh/ HTTP/1.1" 401 54
WARNING 2026-02-11 18:03:21,631 log Unauthorized: /api/v1/attendance/records/
WARNING 2026-02-11 18:03:21,632 log "GET /api/v1/attendance/records/ HTTP/1.1" 401 172
INFO 2026-02-11 18:03:30,877 log "OPTIONS /api/v1/auth/login/ HTTP/1.1" 200 0
INFO 2026-02-11 18:03:31,397 log "POST /api/v1/auth/login/ HTTP/1.1" 200 912
INFO 2026-02-11 18:03:45,093 log "OPTIONS /api/v1/programs/programs/active/ HTTP/1.1" 200 0
INFO 2026-02-11 18:03:45,093 log "OPTIONS /api/v1/programs/programs/active/ HTTP/1.1" 200 0
INFO 2026-02-11 18:03:45,108 log "GET /api/v1/programs/programs/active/ HTTP/1.1" 200 587
INFO 2026-02-11 18:03:45,163 log "GET /api/v1/programs/programs/active/ HTTP/1.1" 200 587
INFO 2026-02-11 18:03:51,714 log "GET /api/v1/attendance/records/stats/ HTTP/1.1" 200 135
INFO 2026-02-11 18:03:51,724 log "GET /api/v1/attendance/records/ HTTP/1.1" 200 1321
INFO 2026-02-11 18:03:51,729 log "GET /api/v1/programs/programs/ HTTP/1.1" 200 637
INFO 2026-02-11 18:03:51,748 log "GET /api/v1/attendance/records/stats/ HTTP/1.1" 200 135
INFO 2026-02-11 18:03:51,767 log "GET /api/v1/attendance/records/ HTTP/1.1" 200 1321
INFO 2026-02-11 18:03:51,769 log "GET /api/v1/programs/programs/ HTTP/1.1" 200 637
INFO 2026-02-11 18:03:51,837 log "GET /api/v1/attendance/records/ HTTP/1.1" 200 1321
INFO 2026-02-11 18:03:51,845 log "GET /api/v1/attendance/records/stats/ HTTP/1.1" 200 135
INFO 2026-02-11 18:03:51,900 log "GET /api/v1/attendance/records/ HTTP/1.1" 200 1321
INFO 2026-02-11 18:03:51,954 log "GET /api/v1/attendance/records/stats/ HTTP/1.1" 200 135
INFO 2026-02-11 18:06:12,896 log "GET /api/v1/attendance/records/stats/ HTTP/1.1" 200 135
INFO 2026-02-11 18:06:12,899 log "GET /api/v1/programs/programs/ HTTP/1.1" 200 637
INFO 2026-02-11 18:06:12,906 log "GET /api/v1/attendance/records/ HTTP/1.1" 200 1321
INFO 2026-02-11 18:06:12,934 log "GET /api/v1/attendance/records/ HTTP/1.1" 200 1321
INFO 2026-02-11 18:06:12,935 log "GET /api/v1/attendance/records/stats/ HTTP/1.1" 200 135
INFO 2026-02-11 18:06:12,949 log "GET /api/v1/programs/programs/ HTTP/1.1" 200 637
INFO 2026-02-11 18:06:13,002 log "GET /api/v1/attendance/records/stats/ HTTP/1.1" 200 135
INFO 2026-02-11 18:06:13,003 log "GET /api/v1/attendance/records/ HTTP/1.1" 200 1321
INFO 2026-02-11 18:06:13,065 log "GET /api/v1/attendance/records/ HTTP/1.1" 200 1321
INFO 2026-02-11 18:06:13,117 log "GET /api/v1/attendance/records/stats/ HTTP/1.1" 200 135
INFO 2026-02-11 18:17:40,910 log "OPTIONS /api/v1/attendance/records/7/ HTTP/1.1" 200 0
INFO 2026-02-11 18:17:40,910 log "OPTIONS /api/v1/attendance/records/7/ HTTP/1.1" 200 0
INFO 2026-02-11 18:17:40,933 log "GET /api/v1/attendance/records/7/ HTTP/1.1" 200 540
INFO 2026-02-11 18:17:40,997 log "GET /api/v1/attendance/records/7/ HTTP/1.1" 200 540
INFO 2026-02-11 18:18:05,059 log "GET /api/v1/attendance/records/stats/ HTTP/1.1" 200 135
INFO 2026-02-11 18:18:05,062 log "GET /api/v1/attendance/records/ HTTP/1.1" 200 1321
INFO 2026-02-11 18:18:05,069 log "GET /api/v1/programs/programs/ HTTP/1.1" 200 637
INFO 2026-02-11 18:18:05,071 log "GET /api/v1/attendance/records/stats/ HTTP/1.1" 200 135
INFO 2026-02-11 18:18:05,089 log "GET /api/v1/attendance/records/ HTTP/1.1" 200 1321
INFO 2026-02-11 18:18:05,112 log "GET /api/v1/programs/programs/ HTTP/1.1" 200 637
INFO 2026-02-11 18:18:05,161 log "GET /api/v1/attendance/records/stats/ HTTP/1.1" 200 135
INFO 2026-02-11 18:18:05,169 log "GET /api/v1/attendance/records/ HTTP/1.1" 200 1321
INFO 2026-02-11 18:18:05,226 log "GET /api/v1/attendance/records/ HTTP/1.1" 200 1321
INFO 2026-02-11 18:18:05,282 log "GET /api/v1/attendance/records/stats/ HTTP/1.1" 200 135
INFO 2026-02-11 18:18:07,336 log "OPTIONS /api/v1/participants/participants/ HTTP/1.1" 200 0
INFO 2026-02-11 18:18:07,337 log "OPTIONS /api/v1/participants/participants/ HTTP/1.1" 200 0
INFO 2026-02-11 18:18:07,361 log "GET /api/v1/attendance/records/7/ HTTP/1.1" 200 540
INFO 2026-02-11 18:18:07,415 log "GET /api/v1/programs/programs/ HTTP/1.1" 200 637
INFO 2026-02-11 18:18:07,418 log "GET /api/v1/attendance/records/7/ HTTP/1.1" 200 540
INFO 2026-02-11 18:18:07,432 log "GET /api/v1/participants/participants/ HTTP/1.1" 200 1717
INFO 2026-02-11 18:18:07,447 log "GET /api/v1/programs/programs/ HTTP/1.1" 200 637
INFO 2026-02-11 18:18:07,508 log "GET /api/v1/participants/participants/ HTTP/1.1" 200 1717
INFO 2026-02-11 18:18:07,535 log "OPTIONS /api/v1/attendance/sessions/?program=2&session_date=2026-02-11&is_cancelled=false HTTP/1.1" 200 0
INFO 2026-02-11 18:18:07,550 log "GET /api/v1/attendance/sessions/?program=2&session_date=2026-02-11&is_cancelled=false HTTP/1.1" 200 52
INFO 2026-02-11 18:18:26,510 log "GET /api/v1/attendance/records/7/ HTTP/1.1" 200 540
INFO 2026-02-11 18:18:26,527 log "GET /api/v1/attendance/records/7/ HTTP/1.1" 200 540
INFO 2026-02-11 18:22:24,296 log "GET /api/v1/attendance/records/stats/ HTTP/1.1" 200 135
INFO 2026-02-11 18:22:24,320 log "GET /api/v1/programs/programs/ HTTP/1.1" 200 637
INFO 2026-02-11 18:22:24,321 log "GET /api/v1/attendance/records/ HTTP/1.1" 200 1321
INFO 2026-02-11 18:22:24,340 log "GET /api/v1/attendance/records/stats/ HTTP/1.1" 200 135
INFO 2026-02-11 18:22:24,376 log "GET /api/v1/programs/programs/ HTTP/1.1" 200 637
INFO 2026-02-11 18:22:24,380 log "GET /api/v1/attendance/records/ HTTP/1.1" 200 1321
INFO 2026-02-11 18:22:24,403 log "GET /api/v1/attendance/records/ HTTP/1.1" 200 1321
INFO 2026-02-11 18:22:24,414 log "GET /api/v1/attendance/records/stats/ HTTP/1.1" 200 135
INFO 2026-02-11 18:22:24,419 log "GET /api/v1/attendance/records/ HTTP/1.1" 200 1321
INFO 2026-02-11 18:22:24,485 log "GET /api/v1/attendance/records/stats/ HTTP/1.1" 200 135
INFO 2026-02-11 18:22:28,681 log "OPTIONS /api/v1/attendance/records/4/ HTTP/1.1" 200 0
INFO 2026-02-11 18:22:28,682 log "OPTIONS /api/v1/attendance/records/4/ HTTP/1.1" 200 0
INFO 2026-02-11 18:22:28,707 log "GET /api/v1/attendance/records/4/ HTTP/1.1" 200 553
INFO 2026-02-11 18:22:28,775 log "GET /api/v1/attendance/records/4/ HTTP/1.1" 200 553
INFO 2026-02-11 18:23:06,397 log "GET /api/v1/attendance/records/stats/ HTTP/1.1" 200 135
INFO 2026-02-11 18:23:06,406 log "GET /api/v1/attendance/records/ HTTP/1.1" 200 1321
INFO 2026-02-11 18:23:06,414 log "GET /api/v1/programs/programs/ HTTP/1.1" 200 637
INFO 2026-02-11 18:23:06,453 log "GET /api/v1/attendance/records/stats/ HTTP/1.1" 200 135
INFO 2026-02-11 18:23:06,476 log "GET /api/v1/attendance/records/ HTTP/1.1" 200 1321
INFO 2026-02-11 18:23:06,488 log "GET /api/v1/programs/programs/ HTTP/1.1" 200 637
INFO 2026-02-11 18:23:06,512 log "GET /api/v1/attendance/records/ HTTP/1.1" 200 1321
INFO 2026-02-11 18:23:06,515 log "GET /api/v1/attendance/records/stats/ HTTP/1.1" 200 135
INFO 2026-02-11 18:23:06,569 log "GET /api/v1/attendance/records/ HTTP/1.1" 200 1321
INFO 2026-02-11 18:23:06,627 log "GET /api/v1/attendance/records/stats/ HTTP/1.1" 200 135
INFO 2026-02-11 18:23:15,192 log "OPTIONS /api/v1/programs/programs/stats/ HTTP/1.1" 200 0
INFO 2026-02-11 18:23:15,193 log "OPTIONS /api/v1/programs/programs/stats/ HTTP/1.1" 200 0
INFO 2026-02-11 18:23:15,194 log "OPTIONS /api/v1/programs/locations/ HTTP/1.1" 200 0
INFO 2026-02-11 18:23:15,194 log "OPTIONS /api/v1/programs/locations/ HTTP/1.1" 200 0
INFO 2026-02-11 18:23:15,232 log "GET /api/v1/programs/locations/ HTTP/1.1" 200 174
INFO 2026-02-11 18:23:15,236 log "GET /api/v1/programs/programs/ HTTP/1.1" 200 637
INFO 2026-02-11 18:23:15,243 log "GET /api/v1/programs/programs/stats/ HTTP/1.1" 200 257
INFO 2026-02-11 18:23:15,261 log "GET /api/v1/programs/programs/ HTTP/1.1" 200 637
INFO 2026-02-11 18:23:15,282 log "GET /api/v1/programs/locations/ HTTP/1.1" 200 174
INFO 2026-02-11 18:23:15,296 log "GET /api/v1/programs/programs/stats/ HTTP/1.1" 200 257
INFO 2026-02-11 18:23:15,506 log "GET /api/v1/programs/programs/ HTTP/1.1" 200 637
INFO 2026-02-11 18:23:22,238 log "OPTIONS /api/v1/participants/participants/stats/ HTTP/1.1" 200 0
INFO 2026-02-11 18:23:22,238 log "OPTIONS /api/v1/participants/participants/?gender=&is_active=true&age_min=&age_max=&search= HTTP/1.1" 200 0
INFO 2026-02-11 18:23:22,239 log "OPTIONS /api/v1/participants/participants/?gender=&is_active=true&age_min=&age_max=&search= HTTP/1.1" 200 0
INFO 2026-02-11 18:23:22,240 log "OPTIONS /api/v1/participants/participants/stats/ HTTP/1.1" 200 0
INFO 2026-02-11 18:23:22,294 log "GET /api/v1/participants/participants/?gender=&is_active=true&age_min=&age_max=&search= HTTP/1.1" 200 717
INFO 2026-02-11 18:23:22,302 log "GET /api/v1/participants/participants/stats/ HTTP/1.1" 200 292
INFO 2026-02-11 18:23:22,349 log "GET /api/v1/participants/participants/?gender=&is_active=true&age_min=&age_max=&search= HTTP/1.1" 200 717
INFO 2026-02-11 18:23:22,361 log "GET /api/v1/participants/participants/stats/ HTTP/1.1" 200 292
INFO 2026-02-11 18:23:40,077 log "OPTIONS /api/v1/participants/participants/9/ HTTP/1.1" 200 0
INFO 2026-02-11 18:23:40,077 log "OPTIONS /api/v1/participants/participants/9/face_encoding_status/ HTTP/1.1" 200 0
INFO 2026-02-11 18:23:40,077 log "OPTIONS /api/v1/participants/participants/9/enrollments/ HTTP/1.1" 200 0
INFO 2026-02-11 18:23:40,078 log "OPTIONS /api/v1/participants/notes/?participant=9 HTTP/1.1" 200 0
INFO 2026-02-11 18:23:40,078 log "OPTIONS /api/v1/participants/participants/9/progress/ HTTP/1.1" 200 0
INFO 2026-02-11 18:23:40,078 log "OPTIONS /api/v1/participants/participants/9/ HTTP/1.1" 200 0
INFO 2026-02-11 18:23:40,108 log "OPTIONS /api/v1/participants/participants/9/face_encoding_status/ HTTP/1.1" 200 0
INFO 2026-02-11 18:23:40,109 log "OPTIONS /api/v1/participants/notes/?participant=9 HTTP/1.1" 200 0
INFO 2026-02-11 18:23:40,111 log "OPTIONS /api/v1/participants/participants/9/enrollments/ HTTP/1.1" 200 0
INFO 2026-02-11 18:23:40,112 log "OPTIONS /api/v1/participants/participants/9/progress/ HTTP/1.1" 200 0
INFO 2026-02-11 18:23:40,156 log "GET /api/v1/participants/participants/9/enrollments/ HTTP/1.1" 200 193
INFO 2026-02-11 18:23:40,174 log "GET /api/v1/participants/participants/9/face_encoding_status/ HTTP/1.1" 200 177
INFO 2026-02-11 18:23:40,190 log "GET /api/v1/participants/participants/9/progress/ HTTP/1.1" 200 377
INFO 2026-02-11 18:23:40,190 log "GET /api/v1/participants/notes/?participant=9 HTTP/1.1" 200 52
INFO 2026-02-11 18:23:40,196 log "GET /api/v1/participants/participants/9/ HTTP/1.1" 200 594
INFO 2026-02-11 18:23:40,202 log "GET /api/v1/participants/participants/9/enrollments/ HTTP/1.1" 200 193
INFO 2026-02-11 18:23:40,225 log "GET /api/v1/participants/participants/9/face_encoding_status/ HTTP/1.1" 200 177
INFO 2026-02-11 18:23:40,245 log "GET /api/v1/participants/notes/?participant=9 HTTP/1.1" 200 52
INFO 2026-02-11 18:23:40,267 log "GET /api/v1/participants/participants/9/ HTTP/1.1" 200 594
INFO 2026-02-11 18:23:40,276 log "GET /api/v1/participants/participants/9/progress/ HTTP/1.1" 200 377
INFO 2026-02-11 18:23:40,335 log "GET /media/participants/photos/participant-photo-1770674655627.jpg HTTP/1.1" 304 0
INFO 2026-02-11 18:24:16,866 log "GET /api/v1/participants/participants/?gender=&is_active=true&age_min=&age_max=&search= HTTP/1.1" 200 717
INFO 2026-02-11 18:24:16,875 log "GET /api/v1/participants/participants/stats/ HTTP/1.1" 200 292
INFO 2026-02-11 18:24:16,959 log "GET /api/v1/participants/participants/?gender=&is_active=true&age_min=&age_max=&search= HTTP/1.1" 200 717
INFO 2026-02-11 18:24:16,965 log "GET /api/v1/participants/participants/stats/ HTTP/1.1" 200 292
INFO 2026-02-11 18:24:42,795 log "GET /api/v1/attendance/records/stats/ HTTP/1.1" 200 135
INFO 2026-02-11 18:24:42,797 log "GET /api/v1/programs/programs/ HTTP/1.1" 200 637
INFO 2026-02-11 18:24:42,804 log "GET /api/v1/attendance/records/ HTTP/1.1" 200 1321
INFO 2026-02-11 18:24:42,821 log "GET /api/v1/attendance/records/stats/ HTTP/1.1" 200 135
INFO 2026-02-11 18:24:42,843 log "GET /api/v1/programs/programs/ HTTP/1.1" 200 637
INFO 2026-02-11 18:24:42,844 log "GET /api/v1/attendance/records/ HTTP/1.1" 200 1321
INFO 2026-02-11 18:24:42,912 log "GET /api/v1/attendance/records/stats/ HTTP/1.1" 200 135
INFO 2026-02-11 18:24:42,920 log "GET /api/v1/attendance/records/ HTTP/1.1" 200 1321
INFO 2026-02-11 18:24:42,981 log "GET /api/v1/attendance/records/ HTTP/1.1" 200 1321
INFO 2026-02-11 18:24:43,039 log "GET /api/v1/attendance/records/stats/ HTTP/1.1" 200 135
INFO 2026-02-11 18:24:46,079 log "GET /api/v1/attendance/records/7/ HTTP/1.1" 200 540
INFO 2026-02-11 18:24:46,097 log "GET /api/v1/attendance/records/7/ HTTP/1.1" 200 540
INFO 2026-02-11 19:01:04,671 log "GET /api/v1/attendance/records/7/ HTTP/1.1" 200 540
INFO 2026-02-11 19:01:04,689 log "GET /api/v1/attendance/records/7/ HTTP/1.1" 200 540
INFO 2026-02-11 19:01:08,915 log "GET /api/v1/attendance/records/stats/ HTTP/1.1" 200 135
INFO 2026-02-11 19:01:08,925 log "GET /api/v1/programs/programs/ HTTP/1.1" 200 637
INFO 2026-02-11 19:01:08,925 log "GET /api/v1/attendance/records/ HTTP/1.1" 200 1321
INFO 2026-02-11 19:01:08,939 log "GET /api/v1/attendance/records/stats/ HTTP/1.1" 200 135
INFO 2026-02-11 19:01:08,964 log "GET /api/v1/attendance/records/ HTTP/1.1" 200 1321
INFO 2026-02-11 19:01:08,966 log "GET /api/v1/programs/programs/ HTTP/1.1" 200 637
INFO 2026-02-11 19:01:09,023 log "GET /api/v1/attendance/records/ HTTP/1.1" 200 1321
INFO 2026-02-11 19:01:09,025 log "GET /api/v1/attendance/records/stats/ HTTP/1.1" 200 135
INFO 2026-02-11 19:01:09,085 log "GET /api/v1/attendance/records/ HTTP/1.1" 200 1321
INFO 2026-02-11 19:01:09,140 log "GET /api/v1/attendance/records/stats/ HTTP/1.1" 200 135
INFO 2026-02-11 19:01:13,816 log "OPTIONS /api/v1/attendance/records/bulk/ HTTP/1.1" 200 0
INFO 2026-02-11 19:01:13,816 log "OPTIONS /api/v1/attendance/records/bulk/ HTTP/1.1" 200 0
WARNING 2026-02-11 19:01:13,823 log Not Found: /api/v1/attendance/records/bulk/
WARNING 2026-02-11 19:01:13,824 log "GET /api/v1/attendance/records/bulk/ HTTP/1.1" 404 23
WARNING 2026-02-11 19:01:13,870 log Not Found: /api/v1/attendance/records/bulk/
WARNING 2026-02-11 19:01:13,870 log "GET /api/v1/attendance/records/bulk/ HTTP/1.1" 404 23
INFO 2026-02-11 19:01:17,526 log "GET /api/v1/attendance/records/stats/ HTTP/1.1" 200 135
INFO 2026-02-11 19:01:17,534 log "GET /api/v1/programs/programs/ HTTP/1.1" 200 637
INFO 2026-02-11 19:01:17,537 log "GET /api/v1/attendance/records/ HTTP/1.1" 200 1321
INFO 2026-02-11 19:01:17,546 log "GET /api/v1/attendance/records/stats/ HTTP/1.1" 200 135
INFO 2026-02-11 19:01:17,573 log "GET /api/v1/programs/programs/ HTTP/1.1" 200 637
INFO 2026-02-11 19:01:17,573 log "GET /api/v1/attendance/records/ HTTP/1.1" 200 1321
INFO 2026-02-11 19:01:17,642 log "GET /api/v1/attendance/records/stats/ HTTP/1.1" 200 135
INFO 2026-02-11 19:01:17,643 log "GET /api/v1/attendance/records/ HTTP/1.1" 200 1321
INFO 2026-02-11 19:01:17,699 log "GET /api/v1/attendance/records/ HTTP/1.1" 200 1321
INFO 2026-02-11 19:01:17,754 log "GET /api/v1/attendance/records/stats/ HTTP/1.1" 200 135
WARNING 2026-02-11 19:01:22,401 log Not Found: /api/v1/attendance/records/bulk/
WARNING 2026-02-11 19:01:22,401 log "GET /api/v1/attendance/records/bulk/ HTTP/1.1" 404 23
WARNING 2026-02-11 19:01:22,407 log Not Found: /api/v1/attendance/records/bulk/
WARNING 2026-02-11 19:01:22,408 log "GET /api/v1/attendance/records/bulk/ HTTP/1.1" 404 23
INFO 2026-02-11 19:01:41,090 log "GET /api/v1/attendance/records/stats/ HTTP/1.1" 200 135
INFO 2026-02-11 19:01:41,101 log "GET /api/v1/attendance/records/ HTTP/1.1" 200 1321
INFO 2026-02-11 19:01:41,102 log "GET /api/v1/programs/programs/ HTTP/1.1" 200 637
INFO 2026-02-11 19:01:41,118 log "GET /api/v1/attendance/records/ HTTP/1.1" 200 1321
INFO 2026-02-11 19:01:41,127 log "GET /api/v1/attendance/records/stats/ HTTP/1.1" 200 135
INFO 2026-02-11 19:01:41,136 log "GET /api/v1/programs/programs/ HTTP/1.1" 200 637
INFO 2026-02-11 19:01:41,178 log "GET /api/v1/attendance/records/ HTTP/1.1" 200 1321
INFO 2026-02-11 19:01:41,184 log "GET /api/v1/attendance/records/stats/ HTTP/1.1" 200 135
INFO 2026-02-11 19:01:41,234 log "GET /api/v1/attendance/records/ HTTP/1.1" 200 1321
INFO 2026-02-11 19:01:41,304 log "GET /api/v1/attendance/records/stats/ HTTP/1.1" 200 135
WARNING 2026-02-11 19:01:46,034 log Not Found: /api/v1/attendance/records/bulk/
WARNING 2026-02-11 19:01:46,034 log "GET /api/v1/attendance/records/bulk/ HTTP/1.1" 404 23
WARNING 2026-02-11 19:01:46,039 log Not Found: /api/v1/attendance/records/bulk/
WARNING 2026-02-11 19:01:46,039 log "GET /api/v1/attendance/records/bulk/ HTTP/1.1" 404 23
INFO 2026-02-11 19:01:48,365 log "GET /api/v1/attendance/records/stats/ HTTP/1.1" 200 135
INFO 2026-02-11 19:01:48,374 log "GET /api/v1/programs/programs/ HTTP/1.1" 200 637
INFO 2026-02-11 19:01:48,374 log "GET /api/v1/attendance/records/ HTTP/1.1" 200 1321
INFO 2026-02-11 19:01:48,385 log "GET /api/v1/attendance/records/stats/ HTTP/1.1" 200 135
INFO 2026-02-11 19:01:48,409 log "GET /api/v1/attendance/records/ HTTP/1.1" 200 1321
INFO 2026-02-11 19:01:48,415 log "GET /api/v1/programs/programs/ HTTP/1.1" 200 637
INFO 2026-02-11 19:01:48,468 log "GET /api/v1/attendance/records/ HTTP/1.1" 200 1321
INFO 2026-02-11 19:01:48,472 log "GET /api/v1/attendance/records/stats/ HTTP/1.1" 200 135
INFO 2026-02-11 19:01:48,529 log "GET /api/v1/attendance/records/ HTTP/1.1" 200 1321
INFO 2026-02-11 19:01:48,586 log "GET /api/v1/attendance/records/stats/ HTTP/1.1" 200 135
WARNING 2026-02-11 19:02:39,954 log Not Found: /api/v1/attendance/records/bulk/
WARNING 2026-02-11 19:02:39,954 log "GET /api/v1/attendance/records/bulk/ HTTP/1.1" 404 23
WARNING 2026-02-11 19:02:39,960 log Not Found: /api/v1/attendance/records/bulk/
WARNING 2026-02-11 19:02:39,961 log "GET /api/v1/attendance/records/bulk/ HTTP/1.1" 404 23
WARNING 2026-02-11 19:02:46,602 log Not Found: /api/v1/attendance/records/bulk/
WARNING 2026-02-11 19:02:46,603 log "GET /api/v1/attendance/records/bulk/ HTTP/1.1" 404 23
WARNING 2026-02-11 19:02:46,612 log Not Found: /api/v1/attendance/records/bulk/
WARNING 2026-02-11 19:02:46,612 log "GET /api/v1/attendance/records/bulk/ HTTP/1.1" 404 23
INFO 2026-02-11 19:02:53,783 log "GET /api/v1/programs/programs/active/ HTTP/1.1" 200 587
INFO 2026-02-11 19:02:53,793 log "GET /api/v1/programs/programs/active/ HTTP/1.1" 200 587
WARNING 2026-02-11 19:03:10,005 log Not Found: /api/v1/attendance/records/bulk/
WARNING 2026-02-11 19:03:10,005 log "GET /api/v1/attendance/records/bulk/ HTTP/1.1" 404 23
WARNING 2026-02-11 19:03:10,011 log Not Found: /api/v1/attendance/records/bulk/
WARNING 2026-02-11 19:03:10,012 log "GET /api/v1/attendance/records/bulk/ HTTP/1.1" 404 23
WARNING 2026-02-11 19:05:07,044 log Unauthorized: /api/v1/programs/programs/active/
WARNING 2026-02-11 19:05:07,045 log "GET /api/v1/programs/programs/active/ HTTP/1.1" 401 172
WARNING 2026-02-11 19:05:07,048 log Unauthorized: /api/v1/programs/programs/active/
WARNING 2026-02-11 19:05:07,048 log "GET /api/v1/programs/programs/active/ HTTP/1.1" 401 172
INFO 2026-02-11 19:05:07,058 log "POST /api/v1/auth/refresh/ HTTP/1.1" 200 489
INFO 2026-02-11 19:05:07,060 log "POST /api/v1/auth/refresh/ HTTP/1.1" 200 489
INFO 2026-02-11 19:05:07,117 log "GET /api/v1/programs/programs/active/ HTTP/1.1" 200 587
INFO 2026-02-11 19:05:07,170 log "GET /api/v1/programs/programs/active/ HTTP/1.1" 200 587
INFO 2026-02-11 19:06:22,801 log "GET /api/v1/programs/programs/active/ HTTP/1.1" 200 587
INFO 2026-02-11 19:06:22,812 log "GET /api/v1/programs/programs/active/ HTTP/1.1" 200 587
INFO 2026-02-11 19:06:42,767 log "OPTIONS /api/v1/participants/participants/?enrolled_program=2&is_active=true HTTP/1.1" 200 0
INFO 2026-02-11 19:06:42,775 log "GET /api/v1/attendance/sessions/?program=2&session_date=2026-02-11&is_cancelled=false HTTP/1.1" 200 52
INFO 2026-02-11 19:06:42,789 log "GET /api/v1/participants/participants/?enrolled_program=2&is_active=true HTTP/1.1" 200 717
INFO 2026-02-11 19:06:47,000 log "GET /api/v1/attendance/records/stats/ HTTP/1.1" 200 135
INFO 2026-02-11 19:06:47,004 log "GET /api/v1/programs/programs/ HTTP/1.1" 200 637
INFO 2026-02-11 19:06:47,018 log "GET /api/v1/attendance/records/ HTTP/1.1" 200 1321
INFO 2026-02-11 19:06:47,028 log "GET /api/v1/attendance/records/stats/ HTTP/1.1" 200 135
INFO 2026-02-11 19:06:47,049 log "GET /api/v1/attendance/records/ HTTP/1.1" 200 1321
INFO 2026-02-11 19:06:47,057 log "GET /api/v1/programs/programs/ HTTP/1.1" 200 637
INFO 2026-02-11 19:06:47,067 log "GET /api/v1/attendance/records/ HTTP/1.1" 200 1321
INFO 2026-02-11 19:06:47,089 log "GET /api/v1/attendance/records/stats/ HTTP/1.1" 200 135
INFO 2026-02-11 19:06:47,123 log "GET /api/v1/attendance/records/ HTTP/1.1" 200 1321
INFO 2026-02-11 19:06:47,195 log "GET /api/v1/attendance/records/stats/ HTTP/1.1" 200 135
INFO 2026-02-11 19:12:00,996 log "OPTIONS /api/v1/programs/programs/?limit=100&is_active=true HTTP/1.1" 200 0
INFO 2026-02-11 19:12:00,997 log "OPTIONS /api/v1/attendance/records/?page=1&page_size=10 HTTP/1.1" 200 0
INFO 2026-02-11 19:12:00,997 log "OPTIONS /api/v1/programs/programs/?limit=100&is_active=true HTTP/1.1" 200 0
INFO 2026-02-11 19:12:00,997 log "OPTIONS /api/v1/attendance/records/?page=1&page_size=10 HTTP/1.1" 200 0
INFO 2026-02-11 19:12:01,031 log "GET /api/v1/attendance/records/?page=1&page_size=10 HTTP/1.1" 200 1321
INFO 2026-02-11 19:12:01,034 log "GET /api/v1/programs/programs/?limit=100&is_active=true HTTP/1.1" 200 637
INFO 2026-02-11 19:12:01,089 log "OPTIONS /api/v1/attendance/records/stats/?page=1&page_size=10 HTTP/1.1" 200 0
INFO 2026-02-11 19:12:01,117 log "GET /api/v1/attendance/records/stats/?page=1&page_size=10 HTTP/1.1" 200 135
INFO 2026-02-11 19:12:01,123 log "GET /api/v1/attendance/records/?page=1&page_size=10 HTTP/1.1" 200 1321
INFO 2026-02-11 19:12:01,126 log "GET /api/v1/programs/programs/?limit=100&is_active=true HTTP/1.1" 200 637
INFO 2026-02-11 19:12:01,208 log "GET /api/v1/attendance/records/stats/?page=1&page_size=10 HTTP/1.1" 200 135
INFO 2026-02-11 19:12:39,176 log "GET /api/v1/programs/locations/ HTTP/1.1" 200 174
INFO 2026-02-11 19:12:39,185 log "GET /api/v1/programs/programs/stats/ HTTP/1.1" 200 257
INFO 2026-02-11 19:12:39,192 log "GET /api/v1/programs/programs/ HTTP/1.1" 200 637
INFO 2026-02-11 19:12:39,196 log "GET /api/v1/programs/locations/ HTTP/1.1" 200 174
INFO 2026-02-11 19:12:39,208 log "GET /api/v1/programs/programs/stats/ HTTP/1.1" 200 257
INFO 2026-02-11 19:12:39,225 log "GET /api/v1/programs/programs/ HTTP/1.1" 200 637
INFO 2026-02-11 19:12:39,484 log "GET /api/v1/programs/programs/ HTTP/1.1" 200 637
INFO 2026-02-11 19:14:36,305 log "GET /api/v1/programs/programs/ HTTP/1.1" 200 637
INFO 2026-02-11 19:14:57,586 log "OPTIONS /api/v1/programs/locations/active/ HTTP/1.1" 200 0
INFO 2026-02-11 19:14:57,587 log "OPTIONS /api/v1/programs/programs/2/ HTTP/1.1" 200 0
INFO 2026-02-11 19:14:57,587 log "OPTIONS /api/v1/programs/locations/active/ HTTP/1.1" 200 0
INFO 2026-02-11 19:14:57,587 log "OPTIONS /api/v1/programs/programs/2/ HTTP/1.1" 200 0
INFO 2026-02-11 19:14:57,611 log "GET /api/v1/programs/locations/active/ HTTP/1.1" 200 124
INFO 2026-02-11 19:14:57,622 log "GET /api/v1/programs/programs/2/ HTTP/1.1" 200 804
INFO 2026-02-11 19:14:57,665 log "GET /api/v1/programs/locations/active/ HTTP/1.1" 200 124
INFO 2026-02-11 19:14:57,698 log "GET /api/v1/programs/programs/2/ HTTP/1.1" 200 804
INFO 2026-02-11 19:15:05,042 log "GET /api/v1/participants/participants/?gender=&is_active=true&age_min=&age_max=&search= HTTP/1.1" 200 717
INFO 2026-02-11 19:15:05,043 log "GET /api/v1/participants/participants/stats/ HTTP/1.1" 200 292
INFO 2026-02-11 19:15:05,065 log "GET /api/v1/participants/participants/?gender=&is_active=true&age_min=&age_max=&search= HTTP/1.1" 200 717
INFO 2026-02-11 19:15:05,066 log "GET /api/v1/participants/participants/stats/ HTTP/1.1" 200 292
INFO 2026-02-11 19:15:13,279 log "GET /api/v1/participants/notes/?participant=9 HTTP/1.1" 200 52
INFO 2026-02-11 19:15:13,281 log "GET /api/v1/participants/participants/9/enrollments/ HTTP/1.1" 200 193
INFO 2026-02-11 19:15:13,282 log "GET /api/v1/participants/participants/9/face_encoding_status/ HTTP/1.1" 200 177
INFO 2026-02-11 19:15:13,285 log "GET /api/v1/participants/participants/9/ HTTP/1.1" 200 594
INFO 2026-02-11 19:15:13,308 log "GET /api/v1/participants/participants/9/progress/ HTTP/1.1" 200 377
INFO 2026-02-11 19:15:13,324 log "GET /api/v1/participants/participants/9/face_encoding_status/ HTTP/1.1" 200 177
INFO 2026-02-11 19:15:13,325 log "GET /api/v1/participants/participants/9/enrollments/ HTTP/1.1" 200 193
INFO 2026-02-11 19:15:13,339 log "GET /api/v1/participants/notes/?participant=9 HTTP/1.1" 200 52
INFO 2026-02-11 19:15:13,351 log "GET /api/v1/participants/participants/9/progress/ HTTP/1.1" 200 377
INFO 2026-02-11 19:15:13,354 log "GET /api/v1/participants/participants/9/ HTTP/1.1" 200 594
INFO 2026-02-11 19:15:37,724 log "GET /api/v1/participants/participants/?gender=&is_active=true&age_min=&age_max=&search= HTTP/1.1" 200 717
INFO 2026-02-11 19:15:37,740 log "GET /api/v1/participants/participants/?gender=&is_active=true&age_min=&age_max=&search= HTTP/1.1" 200 717
INFO 2026-02-11 19:15:37,740 log "GET /api/v1/participants/participants/stats/ HTTP/1.1" 200 292
INFO 2026-02-11 19:15:37,754 log "GET /api/v1/participants/participants/stats/ HTTP/1.1" 200 292
INFO 2026-02-11 19:16:20,867 log "GET /api/v1/attendance/records/?page=1&page_size=10 HTTP/1.1" 200 1321
INFO 2026-02-11 19:16:20,868 log "GET /api/v1/programs/programs/?limit=100&is_active=true HTTP/1.1" 200 637
INFO 2026-02-11 19:16:20,907 log "GET /api/v1/attendance/records/stats/?page=1&page_size=10 HTTP/1.1" 200 135
INFO 2026-02-11 19:16:20,909 log "GET /api/v1/attendance/records/?page=1&page_size=10 HTTP/1.1" 200 1321
INFO 2026-02-11 19:16:20,911 log "GET /api/v1/programs/programs/?limit=100&is_active=true HTTP/1.1" 200 637
INFO 2026-02-11 19:16:20,990 log "GET /api/v1/attendance/records/stats/?page=1&page_size=10 HTTP/1.1" 200 135
INFO 2026-02-11 19:16:58,386 log "GET /api/v1/programs/programs/?limit=100&is_active=true HTTP/1.1" 200 637
INFO 2026-02-11 19:16:58,391 log "GET /api/v1/attendance/records/?page=1&page_size=10 HTTP/1.1" 200 1321
INFO 2026-02-11 19:16:58,417 log "GET /api/v1/attendance/records/stats/?page=1&page_size=10 HTTP/1.1" 200 135
INFO 2026-02-11 19:16:58,426 log "GET /api/v1/programs/programs/?limit=100&is_active=true HTTP/1.1" 200 637
INFO 2026-02-11 19:16:58,426 log "GET /api/v1/attendance/records/?page=1&page_size=10 HTTP/1.1" 200 1321
INFO 2026-02-11 19:16:58,489 log "GET /api/v1/attendance/records/stats/?page=1&page_size=10 HTTP/1.1" 200 135
INFO 2026-02-11 19:17:02,463 log "GET /api/v1/programs/programs/?limit=100&is_active=true HTTP/1.1" 200 637
INFO 2026-02-11 19:17:02,466 log "GET /api/v1/attendance/records/?page=1&page_size=10 HTTP/1.1" 200 1321
INFO 2026-02-11 19:17:02,496 log "GET /api/v1/attendance/records/?page=1&page_size=10 HTTP/1.1" 200 1321
INFO 2026-02-11 19:17:02,502 log "GET /api/v1/programs/programs/?limit=100&is_active=true HTTP/1.1" 200 637
INFO 2026-02-11 19:17:02,505 log "GET /api/v1/attendance/records/stats/?page=1&page_size=10 HTTP/1.1" 200 135
INFO 2026-02-11 19:17:02,595 log "GET /api/v1/attendance/records/stats/?page=1&page_size=10 HTTP/1.1" 200 135
INFO 2026-02-11 19:20:22,494 log "GET /api/v1/attendance/records/?page=1&page_size=10 HTTP/1.1" 200 1321
INFO 2026-02-11 19:20:22,506 log "GET /api/v1/programs/programs/?limit=100&is_active=true HTTP/1.1" 200 637
INFO 2026-02-11 19:20:22,513 log "GET /api/v1/attendance/records/stats/?page=1&page_size=10 HTTP/1.1" 200 135
INFO 2026-02-11 19:20:22,524 log "GET /api/v1/attendance/records/?page=1&page_size=10 HTTP/1.1" 200 1321
INFO 2026-02-11 19:20:22,531 log "GET /api/v1/programs/programs/?limit=100&is_active=true HTTP/1.1" 200 637
INFO 2026-02-11 19:20:22,621 log "GET /api/v1/attendance/records/stats/?page=1&page_size=10 HTTP/1.1" 200 135
INFO 2026-02-11 19:20:41,326 log "GET /api/v1/attendance/records/?page=1&page_size=10 HTTP/1.1" 200 1321
INFO 2026-02-11 19:20:41,327 log "GET /api/v1/programs/programs/?limit=100&is_active=true HTTP/1.1" 200 637
INFO 2026-02-11 19:20:41,356 log "GET /api/v1/attendance/records/stats/?page=1&page_size=10 HTTP/1.1" 200 135
INFO 2026-02-11 19:20:41,360 log "GET /api/v1/attendance/records/?page=1&page_size=10 HTTP/1.1" 200 1321
INFO 2026-02-11 19:20:41,362 log "GET /api/v1/programs/programs/?limit=100&is_active=true HTTP/1.1" 200 637
INFO 2026-02-11 19:20:41,429 log "GET /api/v1/attendance/records/stats/?page=1&page_size=10 HTTP/1.1" 200 135
INFO 2026-02-11 19:21:03,979 log "GET /api/v1/participants/participants/?gender=&is_active=true&age_min=&age_max=&search= HTTP/1.1" 200 717
INFO 2026-02-11 19:21:03,979 log "GET /api/v1/participants/participants/stats/ HTTP/1.1" 200 292
INFO 2026-02-11 19:21:04,000 log "GET /api/v1/participants/participants/?gender=&is_active=true&age_min=&age_max=&search= HTTP/1.1" 200 717
INFO 2026-02-11 19:21:04,009 log "GET /api/v1/participants/participants/stats/ HTTP/1.1" 200 292
INFO 2026-02-11 19:21:08,831 log "OPTIONS /api/v1/participants/participants/10/enrollments/ HTTP/1.1" 200 0
INFO 2026-02-11 19:21:08,832 log "OPTIONS /api/v1/participants/participants/10/face_encoding_status/ HTTP/1.1" 200 0
INFO 2026-02-11 19:21:08,833 log "OPTIONS /api/v1/participants/participants/10/ HTTP/1.1" 200 0
INFO 2026-02-11 19:21:08,834 log "OPTIONS /api/v1/participants/notes/?participant=10 HTTP/1.1" 200 0
INFO 2026-02-11 19:21:08,835 log "OPTIONS /api/v1/participants/participants/10/progress/ HTTP/1.1" 200 0
INFO 2026-02-11 19:21:08,835 log "OPTIONS /api/v1/participants/participants/10/ HTTP/1.1" 200 0
INFO 2026-02-11 19:21:08,841 log "OPTIONS /api/v1/participants/participants/10/enrollments/ HTTP/1.1" 200 0
INFO 2026-02-11 19:21:08,849 log "OPTIONS /api/v1/participants/participants/10/progress/ HTTP/1.1" 200 0
INFO 2026-02-11 19:21:08,850 log "OPTIONS /api/v1/participants/notes/?participant=10 HTTP/1.1" 200 0
INFO 2026-02-11 19:21:08,851 log "OPTIONS /api/v1/participants/participants/10/face_encoding_status/ HTTP/1.1" 200 0
INFO 2026-02-11 19:21:08,857 log "GET /api/v1/participants/participants/10/face_encoding_status/ HTTP/1.1" 200 155
INFO 2026-02-11 19:21:08,867 log "GET /api/v1/participants/participants/10/ HTTP/1.1" 200 501
INFO 2026-02-11 19:21:08,906 log "GET /api/v1/participants/participants/10/enrollments/ HTTP/1.1" 200 193
INFO 2026-02-11 19:21:08,924 log "GET /api/v1/participants/participants/10/face_encoding_status/ HTTP/1.1" 200 155
INFO 2026-02-11 19:21:08,931 log "GET /api/v1/participants/notes/?participant=10 HTTP/1.1" 200 52
INFO 2026-02-11 19:21:08,945 log "GET /api/v1/participants/participants/10/ HTTP/1.1" 200 501
INFO 2026-02-11 19:21:08,945 log "GET /api/v1/participants/participants/10/progress/ HTTP/1.1" 200 375
INFO 2026-02-11 19:21:08,961 log "GET /api/v1/participants/participants/10/enrollments/ HTTP/1.1" 200 193
INFO 2026-02-11 19:21:08,981 log "GET /api/v1/participants/notes/?participant=10 HTTP/1.1" 200 52
INFO 2026-02-11 19:21:09,002 log "GET /api/v1/participants/participants/10/progress/ HTTP/1.1" 200 375
INFO 2026-02-11 19:30:36,813 autoreload /home/roger/Project/YouthProgramImpactVirsualizer/apps/participants/models.py changed, reloading.
INFO 2026-02-11 19:30:37,231 autoreload Watching for file changes with StatReloader
INFO 2026-02-11 19:31:00,987 autoreload /home/roger/Project/YouthProgramImpactVirsualizer/apps/participants/serializers.py changed, reloading.
INFO 2026-02-11 19:31:01,344 autoreload Watching for file changes with StatReloader
INFO 2026-02-11 19:31:29,206 autoreload /home/roger/Project/YouthProgramImpactVirsualizer/apps/participants/views.py changed, reloading.
INFO 2026-02-11 19:31:29,647 autoreload Watching for file changes with StatReloader
